# https://github.com/mikedh/trimesh
v -0.52464667 0.09506129 0.26624987
v -0.53096267 0.09721248 0.24102247
v -0.52689704 0.15305199 0.26311007
v -0.52397548 0.15978645 0.22934023
v -0.48621260 0.16288719 0.23302313
v -0.50769717 0.16368673 0.24787428
v -0.50602499 0.15443615 0.22691952
v -0.47621184 -0.37224516 -0.65457482
v -0.47955288 -0.33466821 -0.60555520
v -0.47760940 -0.35598620 0.53595059
v -0.47709692 -0.30052130 -0.65173237
v -0.47764980 -0.30266370 0.45523384
v -0.47582448 -0.30582941 0.56807596
v -0.47598052 -0.30441276 0.62122359
v -0.47700567 -0.31196403 -0.69108812
v -0.47843502 -0.32150364 0.69562244
v -0.47669339 -0.28807926 -0.52633322
v -0.47773730 -0.26015816 0.73730881
v -0.47766308 -0.30290652 -0.61626910
v -0.47543173 -0.27325727 0.65624957
v -0.47668107 -0.26881284 -0.74465009
v -0.47621183 -0.25473219 -0.81974659
v -0.47122631 -0.25930838 -0.70183223
v -0.47759567 -0.26020970 0.49299378
v -0.47771208 -0.23324104 0.42870709
v -0.47845276 -0.23199807 -0.53465516
v -0.47791879 -0.24884529 -0.76621302
v -0.47739408 -0.21409529 -0.57607193
v -0.47574077 -0.18714722 0.49274908
v -0.47792041 -0.15241241 -0.80842860
v -0.47636939 -0.17902699 -0.60356064
v -0.47464911 -0.18942308 0.42293542
v -0.47753629 -0.19189270 0.64929952
v -0.47668505 -0.20381659 0.67389859
v -0.47743593 -0.17793775 -0.75538014
v -0.47811212 -0.15180212 0.48822069
v -0.47393962 -0.17363652 0.50959814
v -0.47828933 -0.14664454 -0.74005119
v -0.46803835 -0.16165007 -0.62328497
v -0.47809061 -0.17000085 0.73642335
v -0.47629919 -0.13608995 -0.64709087
v -0.47801052 -0.14706448 0.44284629
v -0.47893753 -0.11934393 0.68057923
v -0.47830958 -0.11845577 -0.66959372
v -0.47814476 -0.11699897 -0.54240899
v -0.47647160 -0.13174010 0.54982180
v -0.47388928 -0.09634314 -0.55298214
v -0.47726733 -0.12591137 0.62902129
v -0.47625417 -0.09504992 0.74681256
v -0.47675702 -0.07266730 0.52889332
v -0.47214552 -0.06993803 -0.59751845
v -0.47988061 -0.06814408 -0.52121185
v -0.47766838 -0.04124590 0.48723391
v -0.47470189 -0.02509641 -0.66890361
v -0.48120926 -0.02615800 0.55694472
v -0.47811091 -0.03226450 0.68094344
v -0.47893470 -0.03170042 -0.75343373
v -0.48034053 -0.01778865 -0.67030713
v -0.48031722 -0.03283830 -0.57164289
v -0.47902972 0.02089315 -0.65494478
v -0.47029088 -0.37648926 0.54870268
v -0.47652861 -0.36288905 0.63783949
v -0.47431478 -0.34478132 -0.57057904
v -0.46606309 -0.33750087 0.46838730
v -0.46196246 -0.33639415 0.70418983
v -0.47760181 -0.30536574 -0.79680894
v -0.47240590 -0.29292341 -0.71266070
v -0.47693355 -0.29838094 0.53157096
v -0.47234997 -0.27918750 0.60687902
v -0.46163715 -0.30275227 0.73256335
v -0.46977447 -0.28442767 -0.68514152
v -0.46550282 -0.29306105 -0.51652645
v -0.46328519 -0.26554889 0.74957014
v -0.47646248 -0.27780886 -0.61631673
v -0.47233745 -0.28186608 0.57363040
v -0.47691635 -0.27643264 0.62996248
v -0.47766017 -0.26183578 0.66910999
v -0.47351015 -0.24990717 -0.74310285
v -0.46972179 -0.27126499 -0.64205372
v -0.46836605 -0.25059914 -0.59276779
v -0.47235504 -0.23259132 -0.49990442
v -0.45803660 -0.24951413 0.65773130
v -0.46549040 -0.22098082 0.75725239
v -0.47640073 -0.22887101 0.50327825
v -0.47509662 -0.23972154 0.66046281
v -0.47750506 -0.22895810 -0.60121523
v -0.47034227 -0.21724574 -0.83250577
v -0.47471918 -0.21948742 -0.74212541
v -0.47181552 -0.21198677 -0.61273661
v -0.47247912 -0.19849584 0.52523429
v -0.46083937 -0.21389821 0.65253938
v -0.47177873 -0.19631656 -0.73373414
v -0.46378707 -0.20636765 -0.59792391
v -0.47082922 -0.22051538 0.64641610
v -0.46749728 -0.17744935 0.63324632
v -0.47578464 -0.18068062 -0.82135286
v -0.47592651 -0.17992092 -0.50751605
v -0.47547203 -0.15341134 -0.70246605
v -0.46700055 -0.17131298 -0.63101283
v -0.46700995 -0.15730326 0.61502845
v -0.47599864 -0.16519443 0.62671362
v -0.46925821 -0.17675011 0.65936815
v -0.46569228 -0.16068426 0.65058581
v -0.45966494 -0.15836070 -0.71653873
v -0.46656587 -0.14269536 0.62970794
v -0.46353148 -0.17896623 0.75758362
v -0.47243220 -0.13968154 -0.68339109
v -0.47304892 -0.13821604 0.60711896
v -0.47674034 -0.10619400 -0.50530313
v -0.47016699 -0.12171413 0.75017022
v -0.46860649 -0.07995871 0.44904385
v -0.46959914 -0.09552680 -0.81390621
v -0.45745637 -0.07641896 0.48689947
v -0.47173789 -0.07020091 -0.44838821
v -0.47627828 -0.06555457 0.44962165
v -0.47205027 -0.07122317 0.71674869
v -0.47674704 -0.06551050 -0.79485199
v -0.47491885 -0.07428664 -0.73571897
v -0.47704611 -0.06166801 -0.66138043
v -0.47612147 -0.06429893 0.61807954
v -0.47509586 -0.04345590 -0.56850761
v -0.46180614 -0.00496568 0.40256924
v -0.47479703 -0.00621065 0.67662662
v -0.47369029 0.00378099 0.52461254
v -0.47630036 0.01135053 -0.74681388
v -0.47142893 0.01057164 -0.49252276
v -0.47440679 0.01691222 -0.73740115
v -0.47803406 0.01520321 -0.55001505
v -0.47070512 0.02793311 -0.65670601
v -0.42370495 0.15697471 0.27888520
v -0.46803292 -0.38082270 0.58409752
v -0.46413437 -0.36562853 0.50805799
v -0.47683485 -0.34701278 -0.75788389
v -0.45444583 -0.29327212 -0.63358450
v -0.46746577 -0.29515829 0.59286319
v -0.46561425 -0.29133314 0.55370125
v -0.45687066 -0.25758636 0.59605847
v -0.46961952 -0.24581858 0.64468766
v -0.45343944 -0.24865569 0.50599966
v -0.45352013 -0.22941726 -0.65040519
v -0.46671236 -0.23956129 0.52266643
v -0.46218449 -0.22315429 0.66584645
v -0.45828719 -0.20156549 -0.58812261
v -0.46618682 -0.22356350 0.41603932
v -0.46761795 -0.20318839 0.50107788
v -0.46146326 -0.18516770 -0.73588616
v -0.45728324 -0.18596190 0.50513375
v -0.45892883 -0.19144147 0.77834645
v -0.46083104 -0.17644085 -0.83295932
v -0.46451764 -0.17456296 -0.70190250
v -0.46583930 -0.16894607 -0.67387498
v -0.45916770 -0.17279711 0.59128323
v -0.46708091 -0.14332717 -0.81830302
v -0.47298804 -0.16058362 -0.65020345
v -0.47208157 -0.15807913 0.52738839
v -0.46390897 -0.17221635 0.55672850
v -0.46080792 -0.15754926 0.75529191
v -0.45352649 -0.15128460 -0.50407159
v -0.46866212 -0.14444946 -0.49017888
v -0.46580593 -0.16760143 0.76972696
v -0.45519550 -0.14926415 -0.65102811
v -0.46813027 -0.11580174 0.41835897
v -0.44938155 -0.13653180 0.62032166
v -0.46937658 -0.11758199 0.72367269
v -0.46936419 -0.12086282 -0.50649948
v -0.45714762 -0.12632177 0.42480862
v -0.46696955 -0.11132694 0.45244517
v -0.45730631 -0.07747784 0.84456414
v -0.46733222 -0.07267649 -0.79374616
v -0.45543814 -0.05316203 -0.62336764
v -0.46044350 -0.05339810 -0.41876061
v -0.46600009 -0.05604303 0.55776477
v -0.47814950 -0.07044220 0.72379151
v -0.47521489 -0.05031249 -0.76734118
v -0.47685757 -0.03811620 0.51749179
v -0.46169796 -0.06274036 -0.85228291
v -0.47037062 0.00187041 -0.81017753
v -0.45862024 0.01128484 -0.41221095
v -0.50380906 0.08612509 0.22620925
v -0.52338910 0.10180548 0.22408280
v -0.47141789 -0.36318123 -0.59470662
v -0.43779486 -0.35474116 -0.76544936
v -0.44173475 -0.35350283 -0.56256758
v -0.45370444 -0.30612785 -0.81080341
v -0.45964826 -0.29015443 0.62035936
v -0.46652949 -0.27102040 0.55043357
v -0.46449123 -0.26480664 -0.82924871
v -0.45358188 -0.21846448 -0.69377209
v -0.45384379 -0.21292341 0.57545944
v -0.44056052 -0.21471193 -0.48946319
v -0.45763233 -0.18248667 0.51674501
v -0.45606791 -0.19357866 -0.74832099
v -0.45698856 -0.17875669 0.76728204
v -0.45380207 -0.16461325 0.41433665
v -0.44325740 -0.16490675 0.89996334
v -0.45659350 -0.15721240 -0.83133325
v -0.45975386 -0.14188088 0.42514619
v -0.45314014 -0.14312234 0.54495230
v -0.45831855 -0.14796820 -0.84113908
v -0.44816138 -0.13731050 -0.82899905
v -0.45412109 -0.13596053 -0.67733177
v -0.47123932 -0.13465368 0.75800851
v -0.45321079 -0.07486730 -0.05759397
v -0.47247839 -0.08126692 0.68470452
v -0.47526538 -0.07862502 -0.52725716
v -0.46098648 -0.07511778 -0.86448893
v -0.45798809 -0.07160229 -0.34966604
v -0.45218682 -0.06674942 -0.11694760
v -0.47497176 -0.03456441 0.62354630
v -0.47601681 -0.02999537 -0.61417189
v -0.45394642 0.00490831 -0.87408102
v -0.43593161 0.03088528 -0.77261524
v -0.47434956 0.01384013 0.56953233
v -0.43695446 0.03902352 -0.65566230
v -0.43862535 0.08602811 0.26529769
v -0.47761148 0.13600540 0.28601713
v -0.42263266 0.15760611 0.23928695
v -0.46306227 -0.38289625 -0.69102088
v -0.46545405 -0.37437880 0.64109388
v -0.43725488 -0.37913364 -0.60868150
v -0.43963739 -0.24441163 -0.83824675
v -0.44281845 -0.19039547 0.84456979
v -0.45514494 -0.17401313 -0.49557682
v -0.43647193 -0.20870956 -0.45787251
v -0.45976552 -0.15434530 -0.43259925
v -0.45190399 -0.07505064 -0.17286547
v -0.44001731 -0.17208602 0.02445979
v -0.45976084 -0.09839326 -0.78760717
v -0.44515010 -0.10415107 -0.28077069
v -0.45356958 -0.07716073 0.37478353
v -0.44784179 -0.07449224 -0.28318955
v -0.44695505 -0.06593020 -0.28687714
v -0.45235285 -0.06790360 0.16535405
v -0.45304576 -0.06968202 0.33290228
v -0.44192928 -0.05314452 -0.90530799
v -0.43783445 -0.05054821 -0.12523567
v -0.44338775 -0.05875935 0.36961308
v -0.43691462 -0.05515630 0.52726283
v -0.45922473 -0.01193216 0.78682810
v -0.43801402 0.03445884 -0.50475152
v -0.46191806 -0.38564098 -0.65538104
v -0.44179346 -0.31646466 -0.52597588
v -0.46119013 -0.28781380 0.43093994
v -0.44137601 -0.23789016 -0.47837853
v -0.43877369 -0.23643394 -0.49057205
v -0.43683193 -0.24668161 -0.20659331
v -0.44007297 -0.23139214 0.25588720
v -0.43802891 -0.23738373 0.78593414
v -0.44078074 -0.23169307 -0.20014295
v -0.44001527 -0.23163993 0.14149502
v -0.43666739 -0.25487105 0.79683638
v -0.43884391 -0.22692812 -0.39236293
v -0.44015294 -0.22394177 -0.21184562
v -0.43937263 -0.22379324 0.11420919
v -0.43943757 -0.21693897 0.37310870
v -0.43913452 -0.22385983 0.23287013
v -0.41274080 -0.18078516 0.76404895
v -0.43918889 -0.17173161 0.35423673
v -0.43892103 -0.17034294 -0.25846233
v -0.41869012 -0.13975286 -0.50551858
v -0.44389806 -0.16271247 -0.30328681
v -0.43935829 -0.14882357 0.92042589
v -0.46259069 -0.11025319 -0.53127567
v -0.44295089 -0.07887004 -0.56105372
v -0.43372656 -0.09688647 0.94868170
v -0.44769231 -0.07666735 -0.93098875
v -0.43022565 -0.05161018 -0.92720310
v -0.44865888 -0.07454943 -0.75878780
v -0.44400767 -0.05840033 0.02045294
v -0.43379935 -0.06633316 0.93446972
v -0.43865503 -0.05041416 0.02028165
v -0.43872402 -0.05082902 0.20540665
v -0.43950124 -0.05029064 0.36221011
v -0.43787129 -0.04995127 -0.22822605
v -0.41050298 -0.04426804 -0.75971660
v -0.44079348 0.01014700 0.06126426
v -0.45039557 -0.05826428 0.84667631
v -0.43983320 0.00090910 0.25906404
v -0.44310335 0.00258749 -0.90820090
v -0.44009799 -0.05280137 -0.28253429
v -0.43902428 0.00056676 0.35580752
v -0.44273426 -0.00948091 0.87377682
v -0.44029706 0.01942396 -0.12760104
v -0.43754987 0.01166078 -0.27124095
v -0.43678278 0.00681788 0.36591221
v -0.42891882 0.02029841 0.44098608
v -0.43873831 0.02426208 -0.08830683
v -0.43973879 0.01716511 0.06977350
v -0.43409877 0.03260495 0.56445832
v -0.44383592 0.10114562 0.28748995
v -0.41890166 0.16435213 0.24764225
v -0.44567340 -0.38515579 0.55190659
v -0.42728080 -0.28111386 -0.40094324
v -0.43073780 -0.27119429 -0.38771026
v -0.42804071 -0.27703140 -0.32787299
v -0.42810854 -0.27762518 -0.06876988
v -0.42765472 -0.27617557 0.22339306
v -0.43074809 -0.27065515 0.25182014
v -0.43536536 -0.25983863 0.41268217
v -0.42700308 -0.27673690 0.80277722
v -0.43199613 -0.27097160 -0.11840470
v -0.43644802 -0.24583035 0.11917883
v -0.43811833 -0.22594552 0.35369804
v -0.43643667 -0.20323179 -0.84536442
v -0.43459148 -0.21700802 -0.45692081
v -0.43039968 -0.21601818 -0.34140752
v -0.43157580 -0.21590132 -0.11125815
v -0.43030360 -0.21612235 0.26448608
v -0.42907174 -0.21442298 0.35323514
v -0.39838457 -0.22872795 0.76101076
v -0.42914229 -0.20835574 0.25406867
v -0.43035376 -0.20822851 -0.35522029
v -0.42790351 -0.20711071 -0.27983672
v -0.42895526 -0.20795350 -0.21081327
v -0.42873877 -0.20846207 -0.01076926
v -0.44015268 -0.17127386 0.19021259
v -0.43908054 -0.17573158 -0.18606859
v -0.43495256 -0.17911719 -0.88163960
v -0.43085983 -0.15152979 -0.99294717
v -0.40990788 -0.13035671 0.97065517
v -0.43257534 -0.10267789 0.45337000
v -0.42039254 -0.10021883 0.98495340
v -0.42002690 -0.06582281 0.94714590
v -0.42937123 -0.06949156 -0.99359271
v -0.40364442 -0.06244012 -0.54112422
v -0.46755654 -0.05145984 0.47750809
v -0.42431454 -0.05657092 -0.96432670
v -0.47495599 -0.03622239 -0.73832171
v -0.43163163 -0.01589907 0.93941651
v -0.43233867 0.00727393 -0.92608004
v -0.43040294 0.01869843 -0.89781951
v -0.42835490 0.01849217 0.71253674
v -0.42832028 0.00928245 0.86470265
v -0.43415995 0.02095210 0.65438335
v -0.43682228 0.01761928 0.28352228
v -0.42751619 0.03709147 0.55352268
v -0.42771637 0.03215315 0.63543788
v -0.43046189 0.02308974 -0.84756119
v -0.42971044 0.03496271 -0.79747392
v -0.43148170 0.03440071 -0.45395002
v -0.43209749 0.03322832 -0.40818407
v -0.42714731 0.03397458 0.39232570
v -0.42913716 0.06507972 -0.86714241
v -0.42927335 0.04616973 -0.70773537
v -0.42702076 0.04875061 -0.60929236
v -0.43854558 0.01330872 -0.29329609
v -0.42718596 0.05385769 -0.63667562
v -0.43231733 0.04306923 -0.17698032
v -0.41773297 0.09643009 0.15270365
v -0.43162155 0.07154635 -0.54453316
v -0.43186552 0.05277784 -0.09257467
v -0.43092598 0.07476140 -0.62259259
v -0.43453052 0.05905962 -0.16641468
v -0.42758962 0.07017588 -0.04933114
v -0.37406503 -0.37615324 0.65234239
v -0.44914873 -0.37744879 0.65036088
v -0.40259276 -0.33973106 0.70884041
v -0.43642631 -0.28369687 -0.48290959
v -0.42166339 -0.27968448 -0.29726320
v -0.42149253 -0.27982040 0.30948474
v -0.42081037 -0.26563811 -0.49870954
v -0.42708400 -0.24111241 -0.84572093
v -0.42259063 -0.17580797 -0.96537637
v -0.42310986 -0.18636589 0.94654501
v -0.41978551 -0.15895134 0.97070649
v -0.46738981 -0.11377515 0.74623209
v -0.44289031 -0.07976665 0.69371524
v -0.45003339 -0.05179406 -0.69962738
v -0.38356843 -0.04775656 -0.64002167
v -0.47479307 -0.04187471 0.67363522
v -0.38664722 -0.02845081 -0.61358124
v -0.41904569 0.03619574 -0.97019791
v -0.42770665 0.04591364 -0.53699202
v -0.42851484 0.03498403 -0.96079387
v -0.42406915 0.05068362 0.70557202
v -0.42367324 0.07860484 -0.18445853
v -0.42001635 0.09842084 0.02450039
v -0.42388718 0.09995211 -0.63508563
v -0.42147271 0.09759377 -0.53350991
v -0.42118338 0.10471834 -0.50210507
v -0.42349883 0.08333619 -0.51931773
v -0.42267543 0.09251674 -0.32710626
v -0.42361673 0.11180508 -0.79111576
v -0.44060695 -0.37716953 -0.72778493
v -0.38085204 -0.30288462 -0.81648339
v -0.41972188 -0.28008978 0.01749472
v -0.42715063 -0.28023010 0.40676687
v -0.41635018 -0.22627873 -0.94126195
v -0.41156201 -0.17710364 -0.97653557
v -0.42600196 -0.14961591 -0.99749025
v -0.45956773 -0.13644372 0.74232884
v -0.35202820 -0.08899809 -0.80933586
v -0.40594725 -0.09909960 -0.51468873
v -0.41923962 -0.07746216 0.97684775
v -0.42271155 -0.05824437 -0.59572738
v -0.40974359 -0.05002043 -0.97125029
v -0.47493751 -0.03326052 0.56789335
v -0.41702737 0.02699934 0.94206746
v -0.41707732 0.05051692 0.84430846
v -0.41431005 0.06766306 0.77704929
v -0.42086036 0.07908649 0.51359858
v -0.41800649 0.07712249 0.65889934
v -0.41558611 0.09614005 0.24439159
v -0.41784648 0.09761131 -0.21926828
v -0.41739168 0.09045290 0.27332232
v -0.41645836 0.09647526 0.38053287
v -0.41736693 0.11499936 -0.62542356
v -0.41366768 0.11201382 -0.32217220
v -0.40713044 0.11726104 -0.27044907
v -0.40987535 0.10770968 -0.22019520
v -0.41487902 0.11804154 -0.50135712
v -0.42162914 0.11647667 -0.89044763
v -0.41807805 0.11558758 -0.95214166
v -0.38837048 0.17530810 -0.72066180
v -0.42335710 0.11890181 -0.64915107
v -0.41715172 0.10934490 0.24348030
v -0.42539923 0.13220131 0.29434743
v -0.40954232 0.11548537 0.28877552
v -0.40623735 0.13381600 0.24859669
v -0.40879265 -0.35720278 0.48456257
v -0.34134170 -0.28170193 -0.47614415
v -0.42068317 -0.27865530 -0.49298104
v -0.39512610 -0.26806479 0.93605930
v -0.40566965 -0.26090940 0.93275889
v -0.42216123 -0.26038424 -0.49175440
v -0.41574970 -0.21745224 -0.96630530
v -0.44464118 -0.14648167 0.75158013
v -0.32891706 -0.08733435 0.73231818
v -0.42718336 -0.04757868 0.59245118
v -0.40210512 0.04345240 0.93944335
v -0.40386174 0.03538780 0.94884570
v -0.40134817 0.07879299 0.71581206
v -0.41198850 0.09222963 0.50444774
v -0.41092269 0.10751025 -0.11347019
v -0.41225357 0.10716336 0.05843143
v -0.40089488 0.11595643 -0.28236718
v -0.41188957 0.10914271 -0.96876368
v -0.40470109 0.13795383 -0.92522974
v -0.40625652 0.15106869 -0.63091412
v -0.37489465 -0.38857325 -0.67036617
v -0.39842744 -0.39027299 0.58364407
v -0.37077790 -0.36113893 -0.75485575
v -0.37494784 -0.31539628 -0.52677168
v -0.38722152 -0.27637250 0.75029280
v -0.41943620 -0.28232679 0.39794443
v -0.41634217 -0.27325954 0.84185144
v -0.39873617 -0.25043221 0.94673344
v -0.41023938 -0.13511670 -0.82924426
v -0.43691105 -0.05690354 0.64434540
v -0.41543494 0.00979113 0.94820497
v -0.40110597 0.10547131 0.18995930
v -0.40126290 0.10376244 0.23902460
v -0.39380349 0.09996697 0.49018131
v -0.40431455 0.10880277 0.32712428
v -0.40379243 0.12091706 -0.63079789
v -0.40554579 0.12266000 -0.49579825
v -0.39650745 0.15723708 -0.84813404
v -0.40743948 -0.27275520 0.79367385
v -0.39675883 -0.18121332 0.76341668
v -0.42756453 -0.13630927 -0.82148890
v -0.40621348 -0.13817731 0.42812832
v -0.37493030 -0.06944399 0.67438884
v -0.39713067 -0.06180907 0.94069001
v -0.33635705 -0.06140877 -0.98626000
v -0.32536301 -0.05283897 0.69306767
v -0.36150569 -0.02756032 -0.71465730
v -0.38047143 0.11225970 0.34147769
v -0.38465481 0.12328789 -0.49121516
v -0.36486272 0.12880840 0.32435210
v -0.39902087 0.13201546 -0.22655957
v -0.37787556 0.17889092 -0.26785511
v -0.37625030 0.15829712 -0.91071352
v -0.38474268 0.14214458 -0.27504574
v -0.39129273 -0.38018142 0.53105491
v -0.36226824 -0.34551119 0.69554842
v -0.40355524 -0.31744273 0.44460301
v -0.35957941 -0.27860253 0.74367856
v -0.39621874 -0.26000945 0.41296667
v -0.36772701 -0.24696912 -0.48967356
v -0.39835157 -0.19039692 0.96695780
v -0.36629724 -0.16592187 0.76880296
v -0.38180111 -0.16498312 0.75969150
v -0.36485387 -0.15439890 -0.83195664
v -0.40008407 -0.12263816 0.42403384
v -0.38930742 -0.14005401 0.75740425
v -0.40895591 -0.05980936 -0.97770671
v -0.35889037 -0.03858880 -0.57411383
v -0.37572437 0.10769224 0.24215396
v -0.38260968 0.11288279 0.10015891
v -0.38776553 0.11372589 -0.21222659
v -0.38589261 0.11410326 -0.05241462
v -0.38307640 0.12173886 -0.61980684
v -0.38044064 0.12180419 -0.50930459
v -0.38631220 0.15837455 0.26411663
v -0.36757799 0.19346329 -0.22319498
v -0.39009948 0.16966882 -0.61045414
v -0.37382875 -0.24491665 -0.83684019
v -0.39158993 -0.19418656 0.77445620
v -0.36353204 -0.17341230 0.98154416
v -0.38563566 -0.15016102 0.75200814
v -0.35514122 -0.13415576 0.41680075
v -0.34806768 -0.11247240 -0.50829112
v -0.36735065 -0.05184110 0.55554795
v -0.37062334 -0.03372699 0.62741342
v -0.37538522 0.02104086 -0.79581783
v -0.37323923 0.02058392 -0.69437078
v -0.37755196 0.02981334 -0.85052576
v -0.37433937 0.10624203 -0.72019370
v -0.36266631 0.10546759 -0.97006319
v -0.37322661 0.10655949 0.16727176
v -0.38021848 0.10859941 0.16568442
v -0.38056854 0.12017380 -0.39246476
v -0.37421892 0.12061012 -0.31869974
v -0.37299348 0.11571932 -0.30427501
v -0.37587473 0.13265732 -0.28784518
v -0.37236727 0.13268887 -0.56965717
v -0.37644150 0.13113162 -0.48057130
v -0.36427549 0.15285021 0.20696735
v -0.36901797 0.16102367 -0.49117321
v -0.36659413 0.15412497 -0.06095653
v -0.39216935 0.14425467 0.23786181
v -0.37603559 0.17295872 0.20534561
v -0.37351167 0.20265841 -0.58986888
v -0.36404709 -0.38243635 -0.62921629
v -0.36241030 -0.38068063 -0.70804650
v -0.36857876 -0.35992813 -0.57445586
v -0.35703378 -0.29429922 -0.51765459
v -0.35651782 -0.28361197 -0.82076923
v -0.37109121 -0.25608864 -0.49912225
v -0.36894147 -0.24668872 0.41272097
v -0.35952501 -0.18464001 0.75493851
v -0.37708339 -0.14549267 -0.50531932
v -0.37708941 -0.09888109 -0.79090116
v -0.36805481 -0.09894590 -0.53900906
v -0.36396291 -0.05980147 -0.72715999
v -0.35897659 -0.05982358 -0.59783929
v -0.35424732 -0.06305325 -0.54028623
v -0.36139364 -0.05601135 0.62364583
v -0.37226179 0.00391006 -0.53821246
v -0.36585107 0.00761922 -0.60845394
v -0.39187742 0.01289942 0.94099589
v -0.36571160 0.01408820 -0.65476816
v -0.37131361 0.01810443 -0.85282453
v -0.37351747 0.01435913 -0.59797760
v -0.36690723 0.09207233 -0.50160243
v -0.37029640 0.11078586 -0.85153352
v -0.36076101 0.09479225 0.13014566
v -0.37486347 0.11433815 -0.10226041
v -0.36925400 0.10674712 0.06535263
v -0.37296663 0.11357781 -0.02122157
v -0.37605637 0.11030235 -0.84282827
v -0.37110020 0.10970814 -0.64845567
v -0.37614411 0.11418487 -0.21150435
v -0.37103594 0.11370813 0.07873794
v -0.36927715 0.12341142 -0.62560877
v -0.36803966 0.12180794 -0.38366720
v -0.36182773 0.13033914 0.18301507
v -0.37044034 0.12220107 0.20344101
v -0.37764101 0.12910110 -0.62714431
v -0.37698125 0.12388522 0.18217492
v -0.36065630 0.13917228 0.21635065
v -0.36790494 0.12960704 0.23162182
v -0.35612653 0.14598341 -0.91688119
v -0.36283949 0.15699504 -0.50434014
v -0.36573618 0.15772531 -0.60621570
v -0.35207731 0.18364608 -0.21389968
v -0.36865785 0.19483395 0.20518017
v -0.37741210 0.17793295 -0.87162433
v -0.37480621 0.18773264 -0.23181653
v -0.35482942 -0.37476731 0.53966989
v -0.36154825 -0.27988095 -0.36379675
v -0.33518796 -0.27861749 -0.48459844
v -0.36169480 -0.17681870 0.41235658
v -0.36567706 -0.15991112 0.41688913
v -0.36558050 -0.13917052 0.98253020
v -0.35169935 -0.14190815 -0.81282574
v -0.35968929 -0.11676390 0.44732462
v -0.35800351 -0.08069445 -0.56085407
v -0.35910675 -0.06131749 -0.22633042
v -0.36129550 -0.05029532 0.08582669
v -0.36119045 -0.03046174 0.30730332
v -0.35725843 -0.08291027 -0.30970572
v -0.35422825 -0.04975943 0.29737129
v -0.36264962 -0.03555092 -0.48400335
v -0.35938269 -0.00292583 -0.29703636
v -0.36031443 0.07414558 -0.21709066
v -0.36968683 0.00727573 -0.47945391
v -0.36296809 -0.03491582 0.25509258
v -0.35789800 -0.00158533 0.94685309
v -0.35995045 -0.03702208 -0.08087560
v -0.35853511 0.03362307 -0.13359948
v -0.35814631 0.03603245 0.08442489
v -0.36569746 0.10857027 -0.44987830
v -0.35147975 0.05731957 -0.84329969
v -0.36077702 0.10270927 -0.35182912
v -0.35804824 0.07911633 0.22221588
v -0.36805472 0.09908544 0.22764556
v -0.36000446 0.09950227 -0.21649086
v -0.36004828 0.09856977 -0.08365545
v -0.34451554 0.11056430 0.37663802
v -0.37568011 0.11968202 -0.28632893
v -0.36626006 0.12343831 -0.49117885
v -0.38300471 0.12112332 -0.95590517
v -0.36048710 0.12897171 -0.90806505
v -0.35657758 0.12566994 -0.89992749
v -0.36473466 0.13392744 -0.28304470
v -0.36608928 0.12668955 -0.02687768
v -0.36882879 0.12836773 -0.85580437
v -0.35625264 0.15393169 -0.21438108
v -0.35589936 0.15083306 -0.10008602
v -0.35134440 0.15467258 0.10284101
v -0.35541243 0.14752492 -0.74215752
v -0.35762430 0.16638733 0.11880294
v -0.34931816 0.13864619 0.30702840
v -0.35607643 0.17802737 -0.87993587
v -0.35523663 0.21462603 0.15914065
v -0.37655344 0.20278486 -0.60631469
v -0.36453389 0.22586512 -0.57588913
v -0.35703151 -0.38245423 -0.66069618
v -0.35333054 -0.36719430 -0.72244672
v -0.35331921 -0.34876371 -0.57015030
v -0.35240645 -0.37216587 -0.63923475
v -0.35017638 -0.30569414 0.46504472
v -0.35514890 -0.38310829 0.58550915
v -0.35291969 -0.35255577 -0.75098398
v -0.35685490 -0.36316872 0.50350871
v -0.35007792 -0.32910179 0.67170288
v -0.35294193 -0.36081756 0.65934149
v -0.34990971 -0.33429429 -0.69485276
v -0.35463831 -0.33332392 0.46684936
v -0.35277014 -0.32956273 -0.77675697
v -0.35809636 -0.32144136 0.71637466
v -0.35034180 -0.31565731 -0.57184669
v -0.35208798 -0.27020386 0.73792498
v -0.34963130 -0.24284311 -0.50959466
v -0.34956848 -0.25330409 -0.79591929
v -0.36766414 -0.26780167 0.40450126
v -0.35606854 -0.28911332 0.43412909
v -0.35041732 -0.18394093 0.73861265
v -0.35629810 -0.23170800 -0.84231558
v -0.35320187 -0.25681168 -0.82440529
v -0.35136401 -0.20527539 0.42531088
v -0.35697870 -0.22286641 0.75385017
v -0.35211632 -0.17672125 -0.82308346
v -0.33431641 -0.21574945 -0.96734633
v -0.35984749 -0.22972266 0.41026395
v -0.35136747 -0.21334149 -0.49055656
v -0.35232868 -0.23186549 -0.49989875
v -0.36028565 -0.16221074 -0.83893625
v -0.34719113 -0.17411480 -0.49205084
v -0.35610193 -0.18676428 -0.49856574
v -0.35081840 -0.15497526 -0.52208445
v -0.35166118 -0.13782451 0.44788924
v -0.36138997 -0.14571835 0.42842946
v -0.36258935 -0.15498899 -0.50305450
v -0.35382042 -0.12212335 -0.53271981
v -0.35974622 -0.11613279 0.72609363
v -0.35282214 -0.11987435 0.75228012
v -0.35674227 -0.09027716 -0.77338540
v -0.35323631 -0.10296213 -0.07637078
v -0.35488584 -0.09196151 -0.02755566
v -0.34979145 -0.10117508 0.10481780
v -0.35180170 -0.08180874 0.66874679
v -0.35693128 -0.09129535 0.08270075
v -0.35541710 -0.09853896 0.18751399
v -0.35923412 -0.08581133 0.47567028
v -0.35125353 -0.08424250 -0.58325609
v -0.35026804 -0.09115658 -0.30735190
v -0.35663654 -0.08350563 -0.17306647
v -0.35750287 -0.07456200 0.26008894
v -0.35752074 -0.08185838 -0.47785323
v -0.35124338 -0.05906931 -0.68287817
v -0.35151697 -0.06138971 0.54846573
v -0.35784930 -0.04980304 -0.68207011
v -0.36099816 -0.06498296 0.50886868
v -0.35194128 -0.05783379 0.94426669
v -0.36422537 -0.02136193 -0.51320496
v -0.35103283 0.03205531 0.22567969
v -0.35636746 0.03664682 0.21252138
v -0.35005718 0.07687049 0.22739965
v -0.35656801 0.10584457 -0.27374719
v -0.32452651 0.10506726 0.51316155
v -0.34931688 0.11600559 -0.22309753
v -0.35147004 0.15647073 -0.48867170
v -0.36225245 0.18101368 0.24170716
v -0.34430760 0.16583443 -0.88590480
v -0.34862072 0.16382417 -0.28395295
v -0.35152935 0.17960402 -0.55052684
v -0.35065630 0.18678145 -0.58667873
v -0.35607983 0.21528504 -0.82117783
v -0.33696292 0.25586031 -0.73857047
v -0.34058914 0.26524836 -0.64487126
v -0.34313902 0.26652424 -0.55431245
v -0.35235958 -0.28047983 0.39835971
v -0.35108208 -0.27327347 0.79403021
v -0.34812342 -0.24345434 0.57923549
v -0.35536387 -0.24032788 -0.84994843
v -0.33855590 -0.19437884 0.96933512
v -0.34857949 -0.22396894 -0.69334402
v -0.34968138 -0.14731705 0.71841353
v -0.34972310 -0.15380373 -0.99698068
v -0.33062324 -0.11562613 -0.04410970
v -0.35341850 -0.10935094 0.24956049
v -0.33078767 -0.09560805 -0.19495071
v -0.34890836 -0.07915975 0.26567338
v -0.30661480 -0.06735220 0.95682860
v -0.35652131 -0.07675702 0.99041432
v -0.35377295 -0.03698182 -0.75050562
v -0.30428936 -0.02005346 0.31144773
v -0.36699423 0.01761998 -0.84393799
v -0.36955527 0.07304372 0.77985874
v -0.36216862 0.12321984 -0.86253890
v -0.33031267 0.13314386 0.32979279
v -0.33000510 0.19535898 0.15742984
v -0.33536437 0.18125180 -0.56765480
v -0.33518636 0.21286963 -0.50330158
v -0.33673400 0.22911011 -0.48631462
v -0.34488756 0.18759154 0.16531481
v -0.33204932 0.22647975 -0.47203316
v -0.34161277 0.25340633 -0.26900314
v -0.32168601 -0.21998592 0.78721001
v -0.34848083 -0.18208714 0.40458772
v -0.34195451 -0.23797363 -0.48720542
v -0.33253423 -0.20019920 0.94700774
v -0.33629478 -0.18661363 -0.10158030
v -0.33879863 -0.14689459 -0.10123163
v -0.35587211 -0.09376390 -0.12449355
v -0.32544451 -0.09195260 0.43678237
v -0.31884634 -0.09129362 -0.23367700
v -0.41779350 -0.06725735 -0.99815592
v -0.34784774 -0.05427521 -0.77586060
v -0.33008706 -0.05119059 -0.96983094
v -0.32696280 -0.04437328 0.49638154
v -0.34104926 -0.02475986 -0.65616969
v -0.32586539 0.16042185 0.21703813
v -0.31853740 0.21142101 -0.81659750
v -0.35164932 0.15562839 -0.69149267
v -0.33607399 0.18296774 0.17517673
v -0.33127890 0.19971407 -0.48292727
v -0.33569971 0.19240927 -0.20883428
v -0.34010792 0.20886769 -0.28160424
v -0.34655412 0.19001155 0.04103033
v -0.33700235 0.25473545 0.11397340
v -0.32727410 0.28097181 -0.52837402
v -0.33542860 0.26907646 -0.23274404
v -0.30620708 -0.26271990 0.94981574
v -0.32679939 -0.24230459 -0.84498986
v -0.32135920 -0.27125725 -0.49021720
v -0.34398743 -0.22921159 0.95592796
v -0.33540643 -0.21757747 0.94978270
v -0.31480138 -0.18398603 -0.08078699
v -0.32271319 -0.18987100 -0.16802064
v -0.28761069 -0.18532761 0.97795503
v -0.32864576 -0.13240707 -0.16093084
v -0.31830462 -0.09339058 -0.47248806
v -0.30869945 -0.06023046 -0.97403776
v -0.33329366 -0.03664778 0.52573626
v -0.32468306 -0.01888616 -0.96943623
v -0.30562431 0.01156778 -0.84208219
v -0.35051773 0.02761999 -0.84749330
v -0.36838093 0.04222655 0.94603813
v -0.35494393 0.07600775 -0.85257134
v -0.33142487 0.11135178 -0.85343145
v -0.34765996 0.13718668 -0.92408410
v -0.33823545 0.12520680 0.26592705
v -0.33082100 0.14612060 0.28299097
v -0.33698561 0.14840712 -0.26978742
v -0.34201855 0.15723138 -0.65218516
v -0.32731689 0.18102639 -0.63876065
v -0.33130101 0.19023197 -0.85057138
v -0.33097333 0.19228909 -0.65214899
v -0.30829873 0.23112938 -0.52579535
v -0.31810851 0.22428245 0.11200865
v -0.32993157 0.22793769 0.05324326
v -0.33278464 0.21947970 0.13065939
v -0.33241980 0.21798154 -0.56504577
v -0.33829692 0.26098942 -0.54589474
v -0.33562057 0.21928928 -0.21364936
v -0.32953740 0.26813484 -0.22473014
v -0.33688119 0.26185293 0.13019052
v -0.31617646 -0.28051436 0.18505000
v -0.31589538 -0.27677969 0.79997877
v -0.32106044 -0.25334860 -0.69381613
v -0.32037893 -0.26608885 -0.59868203
v -0.32185671 -0.21468706 -0.62586994
v -0.32162549 -0.23880241 -0.76766472
v -0.31876961 -0.18591228 0.40503962
v -0.32139705 -0.16062689 -0.49901460
v -0.31141687 -0.19643924 0.77876171
v -0.32036654 -0.22455412 -0.83740430
v -0.32655561 -0.15547749 -0.83708097
v -0.33322046 -0.10929108 -0.82192163
v -0.32125378 -0.08981525 -0.53189982
v -0.31713396 -0.10862307 -0.02970878
v -0.32287171 -0.11465125 0.06962156
v -0.32048756 -0.11460022 -0.81493169
v -0.32042680 -0.06662850 -0.99703534
v -0.32517688 -0.08723254 -0.80126662
v -0.32229892 -0.05291222 -0.56236871
v -0.31999326 -0.06955721 0.45704095
v -0.32377962 -0.03924869 -0.73660050
v -0.32693858 -0.04220608 0.67080903
v -0.32712486 -0.02588656 -0.65631858
v -0.32196693 -0.03688194 -0.64270628
v -0.35030847 -0.02659809 0.31252247
v -0.32508445 0.03834740 -0.14717880
v -0.31004393 0.02299612 -0.11907823
v -0.39073170 0.05506895 0.87506935
v -0.28048445 0.06504395 0.79736880
v -0.31833439 0.11575775 -0.20188596
v -0.31529827 0.16749757 0.22914875
v -0.32802864 0.16480418 -0.22551187
v -0.33202921 0.21385987 -0.82859126
v -0.30710246 0.22457905 -0.22680929
v -0.31882528 0.22947342 -0.21545206
v -0.33112586 0.20098877 -0.28435531
v -0.32281710 0.22498250 -0.54936845
v -0.31107102 0.26605536 0.07326726
v -0.32212976 0.24284574 0.10155696
v -0.34199175 0.23211687 0.18045167
v -0.31294025 0.26875094 -0.48798368
v -0.33089622 0.22739365 -0.32994784
v -0.33209413 0.25380207 -0.76961239
v -0.30420788 0.30096663 -0.71857363
v -0.29923290 0.31563450 -0.69172011
v -0.31699443 0.30081588 -0.23207577
v -0.31147793 0.30163678 -0.27368977
v -0.31701941 0.30429155 -0.51939512
v -0.31063102 -0.27011026 -0.59928569
v -0.31129918 -0.27034094 0.79165840
v -0.31782707 -0.24892400 -0.76023474
v -0.31683081 -0.24209924 -0.83740701
v -0.31119216 -0.27090949 0.40522056
v -0.29031599 -0.21271492 0.94738778
v -0.31316269 -0.13526799 0.24935655
v -0.22981803 -0.12570324 0.97539682
v -0.31838736 -0.11272678 0.16521776
v -0.31591642 -0.10556409 0.04290844
v -0.31176854 -0.10432582 0.07734146
v -0.31268538 -0.09848444 0.19405405
v -0.31463009 -0.11924953 0.20582634
v -0.34880608 -0.09038694 -0.48531842
v -0.31282074 -0.05000489 0.17306986
v -0.31498554 -0.07809997 0.26163219
v -0.31391957 -0.05737916 0.05187988
v -0.31220071 -0.05866808 0.23065710
v -0.31428845 -0.05664928 -0.02591895
v -0.30654215 -0.04984040 0.50778716
v -0.31190271 -0.03579419 -0.12867730
v -0.31269192 -0.03783145 0.60395371
v -0.31399972 -0.03470307 -0.06555046
v -0.31749995 -0.00082095 -0.11000477
v -0.31222783 0.02614426 -0.19609771
v -0.34769168 0.04498623 0.94155095
v -0.32610635 0.08415568 -0.17433855
v -0.33737547 0.11025718 0.26343583
v -0.33210698 0.12022439 0.29298846
v -0.29986777 0.19727722 0.18342873
v -0.31045391 0.20922320 -0.60809193
v -0.31407804 0.18768652 0.22812812
v -0.31572593 0.22330457 -0.62630468
v -0.30600303 0.23685133 -0.78690904
v -0.31105954 0.24911957 -0.52850171
v -0.32563545 0.23894183 -0.06132866
v -0.30243906 0.28436150 -0.73029866
v -0.30160669 0.27885584 -0.51750624
v -0.31519511 0.26344933 -0.21654813
v -0.32250086 0.28746989 -0.61778788
v -0.32285346 0.29281212 0.09036176
v -0.29929979 0.31466901 -0.56889960
v -0.31348220 0.31088127 -0.26431563
v -0.31293568 0.31063845 -0.22320821
v -0.30437288 0.29720467 0.04514137
v -0.31604420 0.30660770 0.06508004
v -0.30773066 -0.28038097 0.39934548
v -0.30271322 -0.27941124 0.41388370
v -0.30603873 -0.27120459 0.41389472
v -0.30267492 -0.27583445 0.65038955
v -0.30487261 -0.27074517 0.67869430
v -0.30431250 -0.27261089 0.78219555
v -0.28359918 -0.27076814 -0.59080168
v -0.29766170 -0.25076332 -0.76641979
v -0.30511306 -0.23585229 0.78237675
v -0.32137249 -0.19248956 -0.09287067
v -0.30616441 -0.17734619 0.41303176
v -0.30476406 -0.17733906 0.75936763
v -0.31060523 -0.12597829 0.42249099
v -0.28777262 -0.12976019 -0.19347264
v -0.30676239 -0.11506195 0.74482562
v -0.30511535 -0.11893800 0.53459497
v -0.30823267 -0.10804685 -0.06672727
v -0.30606118 -0.07508950 0.70609083
v -0.34970479 -0.06076183 -0.50370535
v -0.30885329 -0.06239526 0.27540331
v -0.29661104 -0.06044235 -0.01260110
v -0.30570238 -0.05482266 0.67199391
v -0.36048683 -0.01477061 -0.52410497
v -0.30059587 -0.04392396 0.16584681
v -0.31751008 -0.05444027 0.29482735
v -0.24404460 -0.04911804 0.30835669
v -0.31768000 0.01014135 -0.72748849
v -0.24902253 0.01837223 -0.85535289
v -0.24126917 0.10611107 -0.96916522
v -0.29806221 0.11678990 0.47908808
v -0.27984151 0.11934574 0.29460597
v -0.32092389 0.13159626 0.30189684
v -0.30594483 0.23123846 0.12568262
v -0.30999831 0.24332073 0.02732507
v -0.31857897 0.26970788 0.13442676
v -0.30922091 0.27507884 -0.28115464
v -0.30381487 0.28303910 0.04531900
v -0.31042722 0.26969961 -0.46976478
v -0.30242652 0.28594733 -0.49212915
v -0.30108362 0.29260103 -0.21605933
v -0.30084221 0.29236611 -0.09568267
v -0.30778459 0.31008434 -0.49294359
v -0.30102325 0.29684945 -0.50386869
v -0.31031249 0.30276567 -0.21608950
v -0.30681754 0.32036981 -0.23933399
v -0.30037280 0.32654315 -0.22552218
v -0.31189203 0.31243761 0.04826121
v -0.30703562 0.31902976 -0.35208561
v -0.31164912 -0.28020388 -0.27244822
v -0.29617870 -0.28035716 0.50238150
v -0.29458119 -0.27832911 0.71147292
v -0.29819892 -0.23744676 -0.88469789
v -0.33361536 -0.22231727 -0.96107126
v -0.28921767 -0.22500842 0.95966444
v -0.29557768 -0.19534550 0.95025452
v -0.32066095 -0.13630606 -0.07790402
v -0.29558243 -0.10646709 -0.20587416
v -0.29182098 -0.10390220 -0.10840232
v -0.32888293 -0.09226967 -0.29541441
v -0.30247932 -0.05128210 0.22028402
v -0.35826594 0.00815747 0.26156733
v -0.26351874 0.04920806 -0.85285816
v -0.28723069 0.07313557 0.76252778
v -0.31928541 0.06054852 -0.13887380
v -0.30620361 0.08789134 0.67370984
v -0.25238003 0.14457178 0.33376055
v -0.26915490 0.15550497 -0.20767484
v -0.29888123 0.22852966 0.17805163
v -0.29441208 0.25712336 -0.75403034
v -0.30360002 0.23507875 -0.26663536
v -0.29801761 0.27263434 -0.27975708
v -0.30371956 0.25435643 0.08598222
v -0.28858146 0.28736335 0.04066461
v -0.30250876 0.29050699 -0.28312791
v -0.29405434 0.32483476 0.06443997
v -0.29779301 0.32177811 -0.51238778
v -0.28801921 0.33193235 -0.36142859
v -0.29749738 0.32682668 -0.00391746
v -0.29146210 -0.28056356 0.40389169
v -0.29668640 -0.19193919 -0.18157317
v -0.35832415 -0.10898202 0.99142853
v -0.28613971 -0.05841987 0.94817233
v -0.29757831 -0.00527752 -0.19565212
v -0.27945619 0.03679863 0.94894990
v -0.31756825 0.09465879 -0.15641035
v -0.26844882 0.11947717 -0.19283712
v -0.30626066 0.13338083 -0.19121884
v -0.29985948 0.11709452 0.35925166
v -0.34943983 0.13813897 -0.91560404
v -0.28581686 0.15604956 0.24727256
v -0.28667179 0.23061955 0.15466400
v -0.29105570 0.26003602 0.14004457
v -0.27393185 0.28704852 -0.65143782
v -0.29012166 0.26693506 -0.58415343
v -0.28711600 0.28609385 -0.48281389
v -0.29183330 0.28685130 -0.21637514
v -0.27704342 0.28087959 0.11839681
v -0.28979874 0.28601798 -0.10626134
v -0.27440021 0.30203810 -0.72268534
v -0.29135150 0.31806734 -0.75409287
v -0.29481596 0.31503482 -0.65649401
v -0.21134458 -0.27633002 0.78441857
v -0.29237706 -0.18803583 -0.19073372
v -0.30676444 -0.04981638 0.04780489
v -0.25083685 -0.06033777 0.29327673
v -0.25547477 0.00701409 0.94711736
v -0.27796971 -0.01044524 -0.11796068
v -0.30116412 0.03177662 0.23133449
v -0.26706142 0.10009408 0.72772403
v -0.27371234 0.13988992 0.34371299
v -0.29314354 0.13201928 -0.24950908
v -0.27661679 0.15196971 0.27064999
v -0.27923433 0.17524551 0.23062164
v -0.26869680 0.18050437 0.21160596
v -0.28038316 0.19123767 0.19316959
v -0.29006607 0.21322709 0.16444406
v -0.28940978 0.24887838 -0.56049930
v -0.27330349 0.29164273 -0.51459025
v -0.27990693 0.27812678 -0.72396316
v -0.28170370 0.28389468 -0.23178709
v -0.27756430 0.30751470 -0.75306895
v -0.27724213 0.33275736 -0.77250186
v -0.28666302 0.33339994 -0.24673416
v -0.31571421 -0.28055746 -0.49066224
v -0.29534972 -0.27730298 0.78882961
v -0.29858426 -0.13562834 -0.09354183
v -0.27558410 -0.09276336 -0.13975181
v -0.29365835 -0.04478549 -0.05740796
v -0.26605072 -0.06617421 0.27795723
v -0.28523004 0.01837485 0.94415743
v -0.24846628 0.00571404 -0.21218303
v -0.23982204 0.03484494 0.95061647
v -0.29973215 0.08015581 -0.23485244
v -0.25099491 0.08739348 0.80197807
v -0.28560607 0.10913294 0.62940620
v -0.27981393 0.13522641 0.29664690
v -0.27167295 0.13922856 -0.26130547
v -0.27104407 0.19190786 0.21448610
v -0.27919316 0.20839419 0.16779615
v -0.28095191 0.29396236 -0.27631060
v -0.27956234 0.29419158 0.01807969
v -0.24870059 0.30779916 -0.49535438
v -0.27496988 0.29572009 -0.22276825
v -0.28177900 0.32836101 -0.54731878
v -0.26869058 0.37273593 -0.74711618
v -0.28039938 -0.27050776 0.94489316
v -0.24786988 -0.07687096 0.99011435
v -0.24026149 0.04300838 0.94006657
v -0.30778747 0.12393312 0.34537800
v -0.28546683 0.14449523 0.26902769
v -0.26631243 0.16461903 0.23596087
v -0.27307344 0.25592724 0.12563078
v -0.26221127 0.29308646 0.06289524
v -0.26142420 0.30294052 -0.68507419
v -0.26275508 0.32554406 -0.76809285
v -0.23967125 0.32734114 0.07160222
v -0.26967016 0.37211692 -0.76257698
v -0.27901348 -0.19777697 0.96920759
v -0.25522940 -0.18765182 -0.20415624
v -0.26713082 -0.19068970 -0.12713159
v -0.25560296 -0.13531072 -0.13495126
v -0.26030922 -0.12257647 -0.20080796
v -0.21938179 -0.10511673 0.99186507
v -0.27300507 -0.08085103 -0.51568366
v -0.27788739 -0.04588809 -0.53374782
v -0.23704864 -0.06398877 -0.17126930
v -0.24395100 -0.06921851 0.10458138
v -0.25234799 -0.02008321 -0.57414055
v -0.23875614 -0.02240005 0.31953517
v -0.24808143 -0.01743014 0.31766151
v -0.27468755 -0.00876628 -0.58886359
v -0.24778463 0.04106078 -0.17683994
v -0.25133870 0.09812067 0.76293881
v -0.26804697 0.10742650 0.68885790
v -0.23251063 0.12483933 -0.87321765
v -0.30845723 0.13054890 -0.93169038
v -0.25721387 0.14367054 0.28971112
v -0.25523887 0.17385334 -0.21175252
v -0.27930045 0.20611558 0.19035005
v -0.26263774 0.30146249 0.09128051
v -0.25283376 0.30786997 -0.57614067
v -0.25291903 0.30342066 0.02440648
v -0.25985048 0.32088910 -0.69602223
v -0.25498977 0.30994407 0.08512058
v -0.26652401 0.33296831 -0.52452539
v -0.27810285 0.34216237 -0.69337189
v -0.25805364 -0.09336197 -0.50163508
v -0.24116165 -0.08560315 -0.09384849
v -0.30094819 0.11295135 -0.96223904
v -0.27368412 0.12872023 0.31804457
v -0.25531750 0.16502679 -0.25817326
v -0.22829847 0.21663531 0.17381443
v -0.25043785 0.22960662 -0.21429902
v -0.24904973 0.22574113 -0.25507717
v -0.22527384 0.23034533 0.17694975
v -0.26166796 0.24874012 0.12067218
v -0.26252024 0.27816311 0.08239311
v -0.25001737 0.30822271 -0.68102844
v -0.27667987 0.33131791 0.04549692
v -0.25513701 0.34872103 -0.74005272
v -0.26241308 -0.09740960 -0.22624529
v -0.24783540 -0.07666865 -0.53077606
v -0.24072338 -0.08468276 0.00662090
v -0.17396804 -0.05969227 -0.97792068
v -0.22726229 -0.06395302 -0.55913897
v -0.23302621 -0.07416080 -0.10865655
v -0.23638607 0.01271849 0.94753235
v -0.25376411 0.04891088 0.90925502
v -0.25565803 0.12919050 -0.26474827
v -0.23456172 0.06750867 0.88540862
v -0.24359866 0.14342812 -0.26737214
v -0.21069596 0.14439118 0.35714738
v -0.26723820 0.26773644 0.08993909
v -0.24974750 0.29741259 0.07948187
v -0.27835445 0.33403167 -0.13865735
v -0.26876307 -0.28016413 0.00925822
v -0.21280702 -0.20667831 0.95763138
v -0.22687618 -0.20026992 0.95320418
v -0.20203505 -0.19781875 0.97685080
v -0.22632001 -0.19148064 -0.14601574
v -0.32041338 -0.18024765 -0.97582586
v -0.23776131 -0.15756909 0.97799390
v -0.19268470 -0.13003354 -0.20267515
v -0.24189623 -0.05734184 0.94314754
v -0.25070878 0.00562388 -0.14205853
v -0.22888273 0.11359369 0.44760606
v -0.26701028 0.17227937 0.24415104
v -0.25219416 0.30604710 -0.25959274
v -0.21166251 0.33425065 -0.54424382
v -0.22575378 0.33671445 -0.37643749
v -0.25748736 0.36409535 -0.76553479
v -0.23524726 -0.24973044 -0.75225458
v -0.22209885 -0.21662140 0.96435165
v -0.20795690 -0.18056573 0.98673161
v -0.20327709 -0.12062396 -0.15811295
v -0.22202390 0.02104900 0.96272142
v -0.22212206 0.05204645 0.94514072
v -0.24182854 0.07747758 0.84266095
v -0.05264131 0.10986682 0.66529882
v -0.22467143 0.11272505 0.48171219
v -0.25690211 0.12995577 0.29525708
v -0.20678348 0.12557572 0.35198173
v -0.24752430 0.13178286 0.32524663
v -0.17733739 0.21981797 0.20348778
v -0.18567276 0.30898345 -0.47896258
v -0.26571434 0.32820335 -0.66902452
v -0.21081836 -0.27024902 0.94703299
v -0.22024157 -0.09253539 -0.51101963
v -0.24753001 -0.05304376 0.18459982
v -0.21471319 -0.05594076 0.96519563
v -0.19375723 0.07160251 0.86401241
v -0.30076000 0.07423950 0.22653046
v -0.24498269 0.11885286 0.49188203
v -0.20110269 0.15584067 0.34705668
v -0.23665856 0.21530103 -0.26245909
v -0.19986076 0.20899032 0.19341805
v -0.19284253 -0.19212673 -0.16485603
v -0.20144008 -0.09068267 -0.36460133
v -0.17356521 -0.08547023 -0.10689632
v -0.20603972 -0.06147280 0.96848201
v -0.18927922 0.01021358 -0.85836516
v -0.24910027 0.05440482 -0.97059211
v -0.22243290 0.15058013 0.26672131
v -0.21999354 0.22432775 0.16595577
v -0.20304064 0.28239402 0.08765190
v -0.20293879 0.36345861 -0.76199480
v -0.20627780 -0.26466768 0.95583210
v -0.18726532 -0.18297907 -0.15433058
v -0.21685491 -0.15482991 0.98821920
v -0.23923403 -0.15158150 -0.20197778
v -0.15695386 -0.09821337 -0.22495114
v -0.21182128 -0.08208063 0.99239173
v -0.19507797 -0.04049442 0.95534907
v -0.18209028 0.00585150 -0.84536726
v -0.24967708 0.11833812 0.46566283
v -0.12946179 0.12564541 -0.88745356
v -0.16982660 0.13560328 0.32085149
v -0.18272094 0.17786663 0.25830033
v -0.14704316 0.22846366 -0.21820151
v -0.24305975 0.26862189 0.12037897
v -0.21465148 0.30450506 0.04274377
v -0.18330235 0.30378936 0.09846825
v -0.07238656 -0.27782395 0.21685949
v -0.19898377 0.00468853 0.95395262
v -0.25244036 -0.00860290 0.29935477
v -0.22684245 0.02179584 -0.96777150
v -0.12442885 0.06466724 -0.23567105
v -0.15128830 0.13416803 -0.26744497
v -0.20577349 0.14049083 -0.20423431
v -0.16066293 0.11295307 0.44468945
v -0.20862943 0.13704699 0.28919632
v -0.21915983 0.29291370 0.08422660
v -0.10941464 -0.27963998 0.40329322
v -0.23207974 -0.27927746 -0.46704484
v -0.15089940 -0.27309227 0.88749800
v -0.18503297 -0.16560294 0.98171661
v -0.27231473 0.04293002 0.22802333
v -0.22118403 0.04353385 0.95483260
v -0.19124952 0.10254760 -0.85896011
v -0.29235854 0.09833374 -0.97058413
v -0.13706453 0.15396640 -0.20894715
v -0.17235412 0.28862506 0.10471609
v -0.13899904 0.34490849 -0.69015680
v -0.13270243 -0.18234672 -0.97229392
v -0.18674801 -0.10724135 0.98659833
v -0.12834787 -0.05314669 0.18960207
v -0.17236110 -0.01689999 -0.60852725
v 0.04271636 0.11333448 -0.96016527
v -0.13289553 0.12199704 0.29782010
v -0.22888321 0.11642062 0.37070994
v -0.17001315 -0.22323835 -0.95353567
v -0.16657257 -0.20258701 0.96160836
v -0.18231709 -0.18739396 -0.20391042
v -0.18028296 -0.13216845 0.97751112
v -0.27011081 -0.14509064 -0.99932833
v -0.17115493 -0.08766993 -0.55726853
v -0.21384148 -0.07373767 0.98786065
v -0.19344129 -0.08634333 -0.16721904
v -0.12922459 -0.00718513 -0.20734706
v -0.09497989 0.11755866 0.53163582
v -0.18002643 0.13256752 0.33079057
v -0.12015205 0.34247728 -0.49667992
v -0.15308720 -0.19227422 -0.19269601
v -0.13185571 -0.01955602 -0.13251579
v -0.20981314 -0.05138548 -0.96952501
v -0.05161988 0.11904742 0.46590678
v -0.14962550 0.14406124 0.30737968
v -0.15446617 0.15662318 0.34277261
v -0.20512727 0.23719271 0.15410429
v -0.16113459 0.29237111 0.09884319
v -0.10393629 0.32648508 0.09525242
v -0.22339753 -0.24422917 -0.83386015
v -0.18096682 -0.06303129 -0.99424457
v -0.16071150 -0.05937075 0.28445712
v -0.16329687 -0.02791173 0.30990821
v -0.15886947 -0.01879584 0.30662323
v -0.13380987 0.00488743 -0.85726451
v -0.12455819 0.12856049 0.36366147
v -0.16460511 0.14674197 0.33205581
v -0.14467345 0.22028421 -0.25725333
v -0.15855975 0.28149138 0.10219186
v -0.15517678 0.29498842 0.09166643
v -0.08762534 0.34431639 -0.19617962
v -0.14545654 0.33850376 -0.04760218
v -0.09662296 0.33552049 0.07377957
v -0.16398441 0.35035296 -0.73903497
v -0.17830907 -0.09102925 -0.24662379
v -0.13567719 -0.08412249 -0.10369677
v 0.13410810 -0.06013220 -0.97869745
v -0.13104259 -0.06014079 0.27150787
v -0.12825751 0.00752778 -0.14577159
v -0.06107980 0.18780152 0.25425963
v -0.14598425 0.20731055 -0.26272347
v -0.16774383 -0.24707641 -0.74047164
v -0.19691322 -0.21671256 0.96768663
v -0.16020512 -0.12842010 -0.15496768
v -0.14611346 -0.18143564 0.98455884
v -0.16364240 -0.10946664 -0.21090920
v -0.16225454 -0.08103412 0.04847779
v -0.08353987 -0.08098247 -0.59111781
v -0.13581383 0.03760514 -0.17071836
v -0.12290689 0.11504995 0.42571611
v -0.12797539 0.12988119 0.30180213
v -0.12810937 0.14957639 0.35112617
v -0.13701883 0.15447781 -0.26515427
v -0.13703165 0.21319551 -0.25584696
v -0.11494810 0.29220034 0.11550963
v -0.14102867 -0.19323861 0.98678214
v -0.13474086 -0.18572393 -0.19756919
v -0.15117738 -0.18552823 -0.14760481
v -0.12341176 -0.03992041 0.27680944
v -0.16023164 -0.00475178 -0.64203509
v -0.16804276 0.11236751 0.27196222
v -0.15984847 0.12361152 0.33552815
v -0.16575310 0.13661565 -0.92314111
v -0.13806547 0.21879328 -0.21195566
v -0.18945077 -0.21661153 -0.96359477
v -0.13852799 -0.21322298 0.97320228
v -0.11453557 -0.19312197 -0.14113158
v -0.17264828 -0.11603364 0.97964662
v -0.14155789 -0.09893476 -0.15909718
v -0.12187028 -0.08148597 -0.09792926
v -0.13350817 0.12199124 -0.19633022
v -0.14826452 0.11395961 0.45190562
v -0.11784120 0.11766459 0.37151960
v -0.12990575 0.14683095 0.37447018
v -0.12568914 0.15079330 -0.25232760
v -0.12949272 0.16125501 -0.21481531
v -0.15611382 -0.26136498 -0.58939153
v -0.10647713 -0.13981162 -0.12879651
v -0.14796146 -0.08612426 -0.57247958
v -0.14440124 -0.00128011 -0.67669379
v -0.10856743 0.11877828 0.37426792
v -0.12954790 0.12896406 -0.90791707
v -0.00812818 0.13868144 -0.91531943
v -0.10441468 0.14960344 -0.21583774
v -0.10013204 0.31181763 0.05483223
v -0.06902735 -0.20372858 0.96727156
v -0.11937276 -0.20085030 0.97379369
v -0.11754538 -0.08136929 -0.05799871
v -0.08556330 -0.06795955 0.01280413
v -0.10214768 -0.05389134 0.26274735
v -0.08317976 -0.03352559 -0.07753745
v -0.10088095 -0.01649467 -0.19695324
v -0.09231339 -0.01536910 -0.62193422
v -0.14838291 -0.00082548 0.27802756
v -0.10823621 0.03899739 -0.16290662
v -0.06429388 0.04829681 0.22758341
v -0.13459293 0.13619131 -0.26632527
v -0.09500254 0.14337346 0.37819813
v -0.09033450 0.13833070 -0.19899134
v -0.13428432 0.29734288 0.06385977
v -0.12561087 0.32673655 -0.70469966
v -0.12164875 0.33564846 -0.67154400
v -0.09113122 -0.27705663 -0.06912753
v -0.13075358 -0.27038042 0.95452144
v -0.11015328 -0.26238176 0.96243759
v -0.08370745 -0.09225469 -0.57512574
v -0.07480198 -0.07328595 0.98941291
v -0.09048339 -0.05963251 -0.05565193
v -0.14894907 -0.05678488 0.23199296
v -0.10526838 -0.02098450 0.28305455
v -0.10806726 -0.00508444 -0.13092804
v -0.08961872 0.04638514 -0.22024557
v -0.09143059 0.12222559 0.38791946
v -0.06076227 0.29498212 0.10218498
v -0.09627316 0.31206997 -0.44319995
v -0.12369320 0.36040408 -0.75768291
v -0.09542417 -0.09748522 -0.14046316
v -0.01982580 -0.05904621 0.96851713
v -0.15257170 0.12642760 -0.90014952
v -0.09244100 0.13158200 -0.25021848
v -0.10819288 0.12597274 0.33880960
v -0.07588682 0.13790637 0.35815605
v -0.07176616 0.29755378 0.07880949
v -0.07465582 -0.27564428 -0.43848729
v -0.03043433 -0.27593013 0.59860693
v -0.06937127 -0.12412763 -0.09594648
v -0.15116088 -0.08203196 0.99041163
v -0.12078904 -0.06907609 -0.99932317
v -0.07498765 -0.04546969 0.15726596
v -0.02674678 -0.04122195 0.95630646
v -0.06673462 0.01152768 0.25821286
v -0.12518441 0.00401586 0.95649618
v -0.10139951 0.01028421 -0.87057092
v -0.12305546 0.05370517 0.94564099
v -0.21030941 0.10336413 0.25714017
v -0.07174394 0.06789920 -0.21748555
v -0.07485155 0.12944071 -0.20080557
v -0.09515093 0.23021911 0.18065903
v -0.06175095 0.31359647 0.06577064
v -0.24062144 0.37405963 -0.75977932
v -0.09842160 -0.18299167 -0.12224159
v -0.06169373 -0.10578968 0.98926686
v -0.07576085 -0.05724396 -0.15627992
v -0.06554238 -0.06026503 -0.02076162
v -0.07940630 -0.05361901 0.25375664
v -0.11685095 -0.04617794 0.95691660
v -0.06795515 0.03306184 -0.12824470
v -0.08332504 0.08293045 -0.16480342
v -0.07172854 0.11524818 -0.17854681
v -0.05252683 0.30250606 0.11470693
v -0.05934581 -0.19261217 -0.17595232
v -0.06782532 -0.08955786 -0.10688300
v -0.06145260 -0.08424494 0.03155126
v -0.05730435 -0.07399344 0.09679998
v -0.06875308 -0.07112758 0.23229015
v -0.06256826 0.12110127 0.29570905
v -0.06195346 0.11367925 0.44625143
v -0.05368415 0.12064048 0.40605423
v -0.07044174 0.12911542 0.38951229
v -0.09577913 0.30330429 -0.46932784
v -0.06620141 -0.25550749 -0.62600033
v -0.03808172 -0.26474418 0.96412768
v -0.07798131 -0.22019151 -0.95125266
v -0.05999274 -0.19282171 -0.10489252
v -0.06058617 -0.18065504 -0.09199348
v -0.00860414 -0.17088180 0.98236227
v -0.05925615 -0.12339882 -0.08998153
v 0.01793464 -0.07212893 -0.60284743
v -0.05767542 -0.06909045 -0.10174113
v -0.06044420 -0.06505302 0.16376008
v -0.05943960 -0.06027428 -0.10739889
v -0.06404094 -0.03832742 -0.06620320
v -0.05200543 -0.01087614 0.24411611
v -0.06493515 -0.00752407 0.26729523
v -0.03036741 0.00123447 0.95775892
v -0.04894110 0.01924141 0.24145903
v -0.06144302 0.03494711 0.23059535
v -0.04626540 0.07697965 0.22881938
v -0.06110379 0.11224954 0.48108199
v -0.05460252 0.18710558 0.23784660
v -0.09204888 0.31447669 -0.23684019
v -0.04673972 0.32797353 0.09698454
v -0.05748077 -0.24074314 -0.80874156
v -0.05297497 -0.18539518 -0.18103494
v -0.05005590 -0.18537752 -0.10136252
v -0.05516469 -0.10954529 -0.19234559
v -0.05290747 -0.13102936 -0.18240606
v -0.00212212 -0.09290127 -0.58125302
v -0.05171105 -0.13275747 -0.09940750
v -0.05480078 -0.08552379 0.21859483
v -0.04738563 -0.06316331 -0.03527008
v -0.05744148 -0.05724449 -0.07128063
v -0.13064757 0.01885926 0.96647417
v -0.05750482 0.02164469 -0.12942246
v -0.00259923 0.02007590 0.96912630
v -0.05493981 0.05397465 -0.14629948
v -0.06102688 0.02160129 -0.16252603
v -0.05219746 0.07427434 -0.18715337
v -0.05364223 0.08862996 -0.16141276
v -0.10505932 0.11852054 -0.87430255
v -0.04954723 0.12084089 0.37500734
v -0.05801109 0.13191753 0.30049614
v -0.05141874 0.27076218 0.12988770
v -0.05209257 0.27735841 0.14190662
v 0.02020567 0.30488730 -0.62823013
v -0.03363299 -0.20028149 0.97742308
v -0.05105532 -0.09628722 -0.20648794
v -0.04684496 -0.06712950 -0.10974684
v -0.04965804 -0.06957219 0.01761649
v -0.04447751 -0.05750568 0.06492195
v -0.04803925 -0.05242727 0.14004050
v -0.04847014 -0.03937450 0.21649391
v -0.10192606 -0.05136247 -0.97313060
v -0.04560334 -0.04398435 0.17265916
v -0.01839118 0.00018502 -0.85467227
v -0.14520396 0.03288889 0.96285262
v -0.09142639 0.10469148 -0.86901085
v -0.03284976 0.13721689 0.31338966
v -0.03991499 0.19517345 0.22141814
v 0.00262612 0.34972360 -0.73667556
v -0.05021815 -0.06253841 -0.08817276
v -0.16113615 0.07423317 0.84495182
v -0.05020793 0.12007573 0.49586245
v 0.12252239 0.13676652 -0.92335984
v -0.03865940 0.12861670 0.29084126
v -0.04073559 0.13564608 0.35560506
v -0.12735710 0.30878739 -0.68258299
v -0.00992711 -0.21743603 -0.94877805
v -0.00035125 -0.17578447 -0.97389690
v -0.00791760 -0.11816046 0.98082692
v -0.02571433 -0.00334745 0.23247036
v -0.04835286 -0.21500402 0.97469517
v -0.01688181 -0.20600537 0.96882442
v 0.00520227 -0.18484687 0.98827511
v -0.07526376 -0.09105740 -0.22777630
v -0.04738077 -0.08180976 -0.14167532
v -0.01324817 -0.05058244 0.96430161
v -0.07595467 0.08904479 0.78983272
v -0.00829811 0.13909372 0.36854579
v -0.00056304 0.34242730 -0.68367036
v 0.03013267 0.34405806 -0.52731886
v 0.01444917 0.33892368 0.05309754
v 0.00659248 0.10809600 -0.87475805
v 0.00190073 0.12160748 0.48292690
v 0.01088761 0.29792842 0.07640425
v -0.00401958 0.34757865 -0.14980232
v -0.01666506 0.00497742 0.96438625
v -0.10249884 0.08275435 0.81416269
v -0.11603676 0.07896196 0.83596671
v -0.00708982 0.14341517 0.27705222
v -0.00596231 0.20468378 0.20967966
v -0.00967610 0.22881346 0.21013837
v -0.01084574 0.29989145 0.12391424
v -0.04079267 0.31515879 -0.10649114
v 0.02521390 -0.21642664 0.97462949
v 0.03501566 -0.06067125 0.03946555
v -0.01202737 -0.05117235 0.13270003
v 0.00934008 -0.05149862 0.96269271
v 0.00981961 -0.01849333 -0.62434199
v -0.00850753 0.00320738 -0.87089703
v -0.00021639 0.01194547 -0.87600036
v -0.00456890 0.12003705 0.28238490
v -0.00756571 0.29376985 0.10279437
v -0.09521330 -0.06873202 -0.99930616
v 0.00390820 0.07445455 -0.87625846
v -0.02734264 0.09802506 -0.97058027
v 0.00242724 0.12612656 -0.94043653
v 0.00327413 0.12579941 -0.89902841
v -0.01545096 0.12545383 0.37753330
v 0.01090882 0.24482565 0.16717594
v 0.00951335 0.29830930 0.10231900
v 0.01233046 0.27827099 0.14422704
v 0.06786518 0.32721888 0.09578218
v 0.00235733 0.33911025 -0.67009619
v 0.01661852 -0.27517193 -0.45047141
v -0.00216718 -0.18958151 -0.96315902
v -0.04733905 -0.19396571 0.98833196
v 0.00935100 -0.14501641 -1.00050178
v 0.01885419 -0.03520691 0.95559130
v 0.01972293 0.00332309 0.95765209
v 0.00910514 0.01997820 0.23521330
v -0.08890943 0.09686548 0.76466026
v 0.00513534 0.13589193 0.28959951
v 0.00691601 0.19148210 0.23040255
v 0.00158367 0.31317766 -0.41686882
v -0.18267465 0.37704547 -0.74950747
v -0.09238125 -0.02421187 -0.97058727
v 0.03983246 -0.04573298 0.16056423
v 0.04134573 -0.03924024 0.21733753
v -0.01567103 -0.00550502 -0.65330514
v 0.01432140 0.13125169 0.37223450
v 0.03257832 0.12987686 0.29337263
v 0.03858332 0.14850540 0.35776689
v 0.06829443 0.30973167 0.10847196
v 0.03685492 -0.20444581 0.97901070
v 0.04139717 -0.09573672 -0.20965077
v 0.03515541 -0.08286072 -0.14415486
v 0.03578699 -0.06234740 -0.03821065
v 0.08099916 0.00309345 -0.86326061
v 0.02634695 -0.00290697 0.23599855
v 0.04302779 0.02101962 0.24167353
v -0.06080573 0.10318680 0.25484345
v -0.00064693 0.12224386 -0.88510785
v 0.00878557 0.13663080 0.31464616
v 0.00248604 0.30222925 -0.44853336
v 0.06276341 -0.26329480 0.96399611
v 0.00185622 -0.23100890 -0.87083178
v 0.04099197 -0.18966995 -0.09700000
v 0.04453506 -0.12044392 -0.17408718
v 0.07046753 -0.10396617 0.98942029
v 0.04768266 -0.10626744 -0.19314242
v 0.04262761 -0.06559046 -0.10426466
v 0.04212662 -0.06773977 0.01067318
v 0.03815043 -0.05596113 0.08661464
v 0.06475955 -0.05388063 0.23336181
v 0.07026635 0.10432420 0.25547649
v 0.05356395 0.12942161 0.30514188
v 0.07949796 0.31441614 -0.23116377
v 0.07776284 0.33354418 0.08065007
v 0.00556883 0.34746623 -0.41524846
v -0.03879553 -0.27154036 0.95376476
v 0.05035936 -0.19419275 0.98826947
v 0.04436984 -0.19162282 -0.17638474
v 0.05178017 -0.12921253 -0.18125705
v 0.04396426 -0.08534907 -0.11658485
v 0.05094472 -0.07438217 -0.10305871
v 0.05434721 -0.08038171 0.23379644
v 0.05326070 -0.08481853 0.03447248
v 0.04900646 -0.07508640 0.09041564
v 0.05030189 -0.06441159 0.15141569
v 0.04711619 -0.06275186 -0.09091385
v 0.04915170 -0.06387167 -0.03714549
v 0.05073980 -0.02957885 -0.08814283
v 0.04954757 0.00704736 -0.11601894
v 0.06000539 0.01210518 -0.17890929
v 0.04715533 0.04730911 -0.14283425
v 0.06482833 0.04041152 0.22789328
v 0.04844178 0.06645017 -0.19194400
v 0.05438589 0.08984323 -0.15889863
v 0.05239879 0.08503592 -0.20415471
v 0.04197957 0.08053250 -0.16534433
v 0.05640137 0.11187914 0.48209646
v 0.02872389 0.13588041 0.34001959
v 0.07872290 0.16854894 0.25600536
v 0.06270055 0.27943227 0.14253303
v 0.07075762 0.29418660 0.07622275
v 0.10399347 0.30009951 0.06259136
v 0.02715923 0.31299777 0.06451533
v 0.01706852 0.34429941 -0.07552165
v -0.01736984 0.36568199 -0.76138182
v 0.05040903 0.37514788 -0.76047476
v 0.11879669 -0.27702360 -0.44967491
v 0.04136769 -0.20555234 0.97614155
v 0.09606254 -0.22061716 -0.95610517
v 0.05086395 -0.11201799 -0.09257685
v 0.07287414 -0.06696531 0.02038931
v 0.04893269 -0.08668451 0.21316571
v 0.07346908 -0.05233417 0.25452250
v 0.06193588 -0.02759619 -0.07533831
v 0.00227050 -0.00929311 -0.63574576
v 0.06376839 0.00820764 -0.10732170
v 0.01907044 0.06669515 0.89276101
v 0.04930551 0.10156657 -0.17228687
v 0.09634276 0.11524039 -0.87198132
v 0.06850409 0.12943822 -0.19237145
v 0.02949814 0.21090099 0.22390087
v 0.09083332 0.25059329 0.16159061
v 0.07422922 -0.20297995 0.96632465
v 0.05030549 -0.18378386 -0.09350939
v 0.05673778 -0.04789493 -0.14209212
v 0.09773429 0.02693558 -0.97066467
v 0.06180216 0.04954145 -0.14141543
v 0.05420461 0.11512792 0.45019350
v 0.08594860 0.12252303 0.36904202
v 0.04792409 0.14576981 0.36978877
v 0.07780987 0.29011526 0.12406176
v 0.09348671 -0.19276749 -0.13749667
v 0.07941630 -0.09868212 -0.12980876
v 0.06046247 -0.05143025 -0.03837150
v 0.06934187 -0.05388953 0.09657508
v 0.06756958 -0.04677515 0.15658952
v 0.00850948 0.00956666 0.96482601
v 0.00795369 0.05561998 0.94453208
v 0.07380784 0.06377775 0.21600812
v 0.09507392 0.08771844 0.79641825
v 0.07143333 0.29599833 0.10460700
v 0.05335695 -0.18582540 -0.18172553
v 0.06603047 -0.09127468 -0.23225258
v 0.07677216 -0.05321934 -0.16422721
v 0.08092825 -0.05465632 -0.06120388
v 0.09669759 -0.01527106 -0.19786083
v 0.09859886 0.03770834 -0.16280275
v 0.07251467 0.04500449 -0.21452829
v 0.08084766 0.02925338 0.23348943
v -0.01345468 0.04460899 0.96029496
v 0.08377551 0.04231495 0.21969170
v 0.08250804 0.09350318 0.16829195
v 0.07439312 0.09453572 0.18835750
v 0.08084973 0.07239506 0.22502383
v 0.08114507 0.14178598 -0.20618926
v 0.08127421 0.14540195 0.28670685
v 0.07756073 0.15741616 0.28553778
v 0.08002415 0.17816149 0.26226214
v 0.08407200 0.26928935 0.13842625
v 0.09585275 0.30442383 -0.47170037
v 0.06931849 0.33893641 0.00580145
v 0.23262446 -0.27992619 0.17246663
v 0.10190890 -0.24454360 -0.79820803
v 0.10544234 -0.07511974 0.01949746
v 0.13715003 -0.05903789 0.96665047
v 0.10510423 -0.03031151 -0.11849422
v 0.07764377 -0.04523748 0.95723606
v 0.09510491 0.07103576 0.20468716
v 0.04726429 0.12090564 0.29190630
v 0.04263504 0.12128589 0.38796511
v 0.08106917 0.11730613 0.17346456
v 0.04395527 0.11898030 0.46645059
v 0.08193760 0.13399282 -0.24349836
v 0.08871057 0.14818366 0.29635452
v 0.09312543 0.21569819 0.19873516
v 0.09402234 0.22846604 0.20130088
v 0.07478889 0.27663143 0.12671381
v 0.09175293 0.29921193 0.10994225
v 0.12492435 0.33558248 -0.67312980
v 0.10853438 0.34227323 -0.16025268
v 0.07340808 0.36222718 -0.75893602
v 0.03766111 0.36021993 -0.71438631
v 0.01452894 -0.27430024 0.83304528
v 0.09230341 -0.21371436 0.97389028
v 0.09262793 -0.13176772 -0.12840261
v 0.07484730 -0.09148310 -0.57999914
v 0.10424020 -0.09629189 -0.15152198
v 0.13969168 -0.07961490 0.04605923
v 0.10232000 -0.02040585 0.28524582
v 0.12252024 -0.00273125 -0.66143532
v 0.11818975 -0.00843238 -0.20664449
v 0.09430477 0.08250549 0.23383970
v 0.09173344 0.11399767 0.18506697
v 0.08944872 0.19432707 0.22887394
v 0.09751844 0.24154865 0.18454426
v 0.08871884 0.33799796 -0.72022263
v 0.10504538 -0.19168359 -0.18845547
v 0.09300487 -0.18534205 -0.12534857
v 0.10315078 -0.07806890 -0.07934605
v 0.09475438 -0.07270468 -0.03950035
v 0.12392430 -0.07841966 -0.58372335
v 0.12194506 -0.02077488 -0.61554093
v 0.11993940 -0.04088348 -0.18925261
v 0.05051323 0.00156803 0.26478757
v 0.09758432 0.03982848 0.22680572
v 0.15777751 0.10340630 -0.86143609
v 0.25420118 0.10662123 0.69911958
v 0.10834220 0.13201166 0.35944081
v 0.11050143 0.29496736 0.06918652
v 0.23619561 0.36518870 -0.76250957
v 0.11709220 -0.20415054 0.97385572
v 0.08124137 -0.12065022 0.97948143
v 0.11274458 -0.07862522 -0.10171546
v 0.14177710 0.03778021 0.96071027
v 0.13609555 0.03663631 -0.22488762
v 0.21225546 0.05363782 0.94360013
v 0.09902586 0.07137452 0.22734761
v 0.12162781 0.08651478 0.14037679
v 0.10027956 0.10155946 0.15740895
v 0.09899108 0.09972927 0.17080990
v 0.08767229 0.12332120 -0.25216745
v 0.12185453 0.15025361 0.17259631
v 0.12455015 0.12825165 0.30236974
v 0.08155466 0.15085827 0.36882138
v -0.02362118 -0.15855150 -0.99467769
v 0.15706203 -0.06868667 -0.99898149
v 0.11303072 -0.05145586 0.18868864
v 0.18862128 -0.04063845 0.95438731
v 0.09673502 0.01142055 -0.86999810
v 0.10751469 0.09933058 -0.18706381
v 0.12896391 0.12421855 0.16889425
v 0.12553520 0.11653562 0.17731963
v 0.10913644 0.14788047 0.19072074
v 0.13398795 0.29828580 0.09495156
v 0.10980922 0.30811093 -0.68190864
v 0.11780152 0.34244655 -0.48058594
v 0.24767385 -0.27224100 0.90358992
v 0.15317765 -0.19218523 -0.19296969
v 0.13594853 -0.10453180 -0.15732885
v 0.16155644 -0.08493085 -0.10779313
v 0.14324913 -0.06157207 0.27843050
v 0.12652165 0.06092232 0.14909577
v 0.18076369 0.11825133 0.46634173
v 0.13655898 0.12475125 -0.87950543
v 0.12430810 0.15155733 -0.26464343
v 0.14020337 0.15457301 0.20004577
v 0.05744876 0.13548006 0.31530932
v 0.12863747 0.15400034 0.28573926
v 0.12204408 0.16322792 -0.21608125
v 0.12839870 0.15944379 -0.21058487
v 0.11979510 0.30364334 0.10361585
v 0.04792374 -0.27766737 -0.01349137
v 0.08897795 -0.27137082 0.95404524
v 0.13088822 -0.19153530 -0.14482788
v 0.16427831 -0.18441212 0.98611360
v 0.16225925 -0.16750146 0.98010910
v 0.15645121 -0.02358783 -0.97089685
v 0.12706657 0.03694610 -0.17042531
v 0.13882909 0.06281643 0.15796255
v 0.14227783 0.07523878 0.13893099
v 0.13548007 0.10118289 0.16701652
v 0.15910735 0.13560136 0.32829857
v 0.16359952 0.15597550 0.37228517
v 0.11912803 0.15962519 0.35340158
v 0.12978837 0.22292029 -0.21680995
v 0.10396544 0.31218200 -0.44727647
v 0.23683057 0.36018701 -0.75804137
v 0.15584410 -0.14271326 -0.15442982
v 0.22713019 -0.09612720 -0.45554371
v 0.15366492 -0.02214750 0.30977246
v 0.14568005 -0.00816386 -0.62545889
v 0.15393962 0.07165089 0.14816026
v 0.13393825 0.13503216 -0.26747736
v 0.13079630 0.14579133 0.28412864
v 0.16740559 0.15431478 0.27969575
v 0.13289037 0.16887978 0.19441199
v 0.14012655 0.22240501 -0.25245569
v 0.13744407 0.22672118 -0.21348215
v 0.21741634 0.33282484 0.06154575
v 0.15237572 0.33367236 -0.71234430
v 0.14238902 -0.21348155 0.97165119
v 0.17660870 -0.10548134 0.98792200
v 0.22390023 -0.09114092 -0.24929141
v 0.17877450 -0.08787116 -0.55678739
v 0.19586773 0.03506279 0.23068738
v 0.14505217 0.05783984 0.13093845
v -0.04357659 0.07425497 0.85292607
v 0.17368857 0.14654604 0.30291455
v 0.12983636 0.21224861 -0.26126126
v 0.12093653 0.30613462 -0.57521282
v 0.20942710 0.30787573 -0.23193611
v 0.16800967 -0.20153994 0.96597251
v 0.16844996 -0.19194907 -0.16383186
v 0.12579985 -0.16233345 -0.99125788
v 0.16373150 -0.11554380 -0.20742581
v 0.12350302 -0.08445519 -0.08837631
v 0.22293436 -0.06470974 0.28073816
v 0.11370799 0.00971792 -0.14644970
v 0.19060788 0.00567601 0.95418380
v 0.26095543 0.04408087 0.22602492
v 0.15086506 0.14740339 0.18280805
v 0.07783650 0.31209285 0.05271159
v 0.12774739 -0.26257943 -0.57693672
v 0.15177255 -0.18500279 -0.20179777
v 0.02345308 -0.15312385 -0.99872475
v 0.11477447 -0.09082408 -0.40292925
v 0.15948097 -0.10097883 -0.22020442
v 0.16744823 -0.08227203 0.99007360
v 0.18521035 -0.06301277 -0.99421012
v 0.18710670 -0.00465739 -0.20901786
v 0.18485241 0.00054294 0.27873659
v 0.04172749 0.07089699 0.86650619
v 0.21572495 0.08528009 0.23861324
v 0.19142526 0.08282094 0.81464696
v 0.21536522 0.10935034 0.26337530
v 0.17540239 0.14238987 0.37432306
v 0.17144998 0.15399714 0.35317306
v 0.16270982 0.30742189 -0.48659031
v 0.17864348 -0.18421851 -0.15731865
v 0.17138223 -0.11981863 0.97748684
v 0.14978892 -0.09357418 -0.49223661
v 0.17099520 -0.07346932 0.98805023
v 0.19510797 -0.02052456 -0.59874970
v 0.17700862 0.04188464 0.12982269
v 0.16605339 0.04231847 0.14583224
v 0.16530940 0.10795151 0.20531072
v 0.18218282 0.14694592 0.28843369
v 0.18646569 0.15632762 0.18620497
v 0.24294158 0.23143881 -0.21450770
v 0.20219081 -0.19119602 -0.20122606
v 0.18557030 -0.16301189 0.98577720
v 0.24226048 -0.00548375 0.29505228
v 0.22814801 -0.01944459 0.32051146
v 0.19542788 0.06552579 0.14470415
v 0.20084546 0.07433077 0.84503405
v 0.17516946 0.11201425 0.44478256
v 0.05077951 0.11982381 0.49698475
v 0.17543847 0.17817094 0.19916842
v 0.30355247 -0.28068398 0.26642741
v 0.20682737 -0.27628712 0.78948029
v 0.18276781 -0.26649166 0.95723092
v 0.22040768 -0.07254329 -0.55793689
v 0.20286306 -0.07781884 0.99234550
v 0.26347224 -0.06149332 -0.98695916
v 0.21370880 0.01279889 -0.85695853
v 0.20315669 0.04008165 0.13719614
v 0.16370394 0.10482941 0.17190301
v 0.16984304 0.12507978 0.36977821
v 0.15930551 0.17470866 0.18154468
v 0.21097213 0.30075888 0.08882277
v 0.20442590 0.30841562 -0.47055816
v 0.21192244 0.33695138 -0.31579966
v 0.23545648 -0.24403658 -0.83765439
v 0.18828132 -0.20048694 0.97361435
v 0.17373140 -0.14641904 -0.20064430
v 0.18346637 -0.09964610 -0.16421138
v 0.18350303 -0.06286851 -0.17798945
v 0.20344370 0.03381918 0.96185165
v 0.18389712 0.01929831 0.96370488
v 0.23326803 0.07454273 0.85447544
v 0.16282302 0.09391326 0.20121747
v 0.18620693 0.09820401 0.21278354
v 0.24416271 0.09799828 0.76335072
v 0.24773744 0.12114851 0.28493447
v 0.21098203 0.11683902 0.40716904
v 0.19970747 0.14596871 0.38190539
v 0.23487725 0.37434295 -0.75980834
v 0.06827592 0.37801744 -0.74839303
v 0.20016216 -0.19350289 0.98187050
v 0.25095090 -0.10709196 -0.21149566
v 0.22907135 -0.05364778 0.30394307
v 0.21951758 0.05687566 0.12822187
v 0.18533464 0.05251222 0.14987945
v 0.23103450 0.06980873 0.87311704
v 0.23042783 0.07934046 0.83659032
v 0.21722209 0.10174630 0.20024220
v 0.20427935 0.09604957 0.16829678
v 0.20661977 0.11429277 0.18677136
v 0.22357836 0.13054387 0.29990148
v 0.21734980 0.14792517 0.30072824
v 0.23489736 0.15653774 -0.20954986
v 0.22609110 0.17504595 0.18951978
v 0.24324628 0.22652039 -0.25262761
v 0.18289764 0.29527112 0.06080332
v 0.21378188 0.30398135 0.03861840
v 0.16811340 0.31050341 0.09500268
v 0.21220674 -0.20127761 0.95422417
v 0.22122702 -0.19098429 -0.14445648
v 0.21324206 -0.18038369 0.98427743
v 0.22298470 -0.08602625 -0.09336334
v 0.21720294 -0.08157105 -0.10759451
v 0.24415429 -0.00203065 -0.13724172
v 0.21846733 0.02016346 0.95890162
v 0.22448715 -0.00955746 -0.60467202
v 0.27056331 0.00671374 -0.66676402
v 0.21887976 0.05629721 -0.85531820
v 0.22924484 0.03758848 0.94927410
v 0.22413305 0.14168266 0.32265139
v 0.22981756 0.15885024 0.20155784
v 0.28693171 -0.27849080 0.70203521
v 0.19100252 -0.21370512 0.96745518
v 0.26489364 -0.19229582 -0.19120818
v 0.20795493 -0.05848700 0.96560533
v 0.13189050 -0.05064078 -0.97243860
v 0.24173282 -0.05250473 0.18684126
v 0.27479747 0.01950369 -0.85273103
v 0.23963016 0.04241172 -0.17712604
v 0.22668394 0.06635348 0.13146170
v 0.26931197 0.07158101 0.22593289
v 0.24389240 0.10280847 -0.85459662
v 0.21398100 0.12631014 0.38537732
v 0.32484518 0.12799298 -0.90813585
v 0.22095810 0.14420603 0.18700029
v 0.24368954 0.30313962 0.02726419
v 0.20659023 -0.28011372 0.44401235
v 0.24039219 -0.13210839 -0.13923467
v 0.24343592 -0.08242255 -0.53855857
v 0.23570114 -0.08037802 -0.10137733
v 0.23149802 -0.06522043 0.95949947
v 0.24373719 0.01802791 -0.96812525
v 0.23228988 0.00543813 0.94248239
v 0.24509545 0.06458014 0.13719097
v 0.21639207 0.04497906 0.14595965
v 0.20995142 0.11340994 0.47943365
v 0.20016622 0.14737174 0.34980878
v 0.23762799 0.16739816 -0.26442268
v 0.23395312 0.15404834 0.30902866
v 0.24665840 0.30205424 0.08192019
v 0.25161438 0.33866901 -0.72201403
v 0.20716533 0.33594471 -0.47542400
v 0.30123944 -0.27269308 -0.58089338
v 0.24157332 -0.26989714 0.94645039
v 0.24370457 -0.20258819 0.96036312
v 0.21189075 -0.13352748 -0.20371100
v 0.23752132 -0.10060544 -0.15016905
v 0.22572340 -0.08346714 0.02287510
v 0.25791787 -0.02975558 -0.11413721
v 0.23248686 -0.05387759 0.94304330
v 0.27441918 0.02486360 0.24345376
v 0.23315861 0.07062057 0.15810335
v 0.23018240 0.13542556 0.38434032
v 0.23571118 0.21605380 -0.26203342
v 0.23902296 0.30705414 -0.22931933
v 0.25456877 0.32902550 -0.67011497
v 0.26119168 0.33525984 -0.24956981
v 0.27807203 0.33174020 -0.01576739
v 0.25952331 -0.28049742 -0.48157116
v 0.28311562 -0.28047787 0.40648512
v 0.24083618 -0.26087482 -0.66515539
v 0.25087864 -0.20746587 0.96521414
v 0.24869620 -0.08224707 -0.03979558
v 0.23989940 -0.01831074 -0.58323944
v 0.23396236 0.04463409 0.93844532
v 0.25066876 0.06723804 0.15269740
v 0.24238637 0.08906324 0.79667579
v 0.22886194 0.07605543 0.14193099
v 0.24483041 0.11419661 0.17128862
v 0.25435036 0.13025541 0.16439928
v 0.30641322 0.12613527 -0.93955768
v 0.23839041 0.12484890 -0.87221141
v 0.25180245 0.13670422 -0.26733952
v 0.30433868 0.16130142 0.30816744
v 0.23269486 0.16249801 0.17815315
v 0.24323643 0.30864634 -0.68082785
v 0.24258857 0.30832903 -0.50133600
v 0.24793292 0.30502062 -0.26164420
v 0.26824323 0.33426755 -0.12443500
v 0.26312573 0.37236653 -0.76340662
v 0.25026483 0.37436734 -0.74624705
v 0.23385132 -0.26277995 0.95377193
v 0.19113242 -0.21529432 -0.96474710
v 0.23936406 -0.18574963 -0.20397471
v 0.27441446 -0.19253209 0.97497146
v 0.21006690 -0.10574422 0.99169079
v 0.26715550 -0.07061769 -0.15426050
v 0.23378719 -0.06953696 0.10568449
v 0.24446326 -0.05027133 -0.17760858
v 0.24812406 0.01021362 0.94552316
v 0.24667039 0.09816452 -0.97055922
v 0.26142250 0.10182724 0.14506156
v 0.22110605 0.11894164 0.49436917
v 0.26460450 0.14420553 0.33309700
v 0.26460605 0.13355510 0.19252475
v 0.25215064 0.15560524 -0.25444018
v 0.24538417 0.30873970 -0.64774480
v 0.25985465 0.29513005 0.09312119
v 0.25030289 0.31484550 0.08097268
v 0.26517289 0.30223165 -0.73297350
v 0.22357821 0.32678687 0.07290774
v 0.24728494 0.35528628 -0.76340923
v 0.30714526 -0.28058198 0.39676623
v 0.28932157 -0.13176905 -0.19015498
v 0.25645109 -0.09600275 -0.49735348
v 0.29133779 -0.09208164 -0.23772646
v 0.23238002 -0.07481608 0.98587101
v 0.29344503 -0.06257336 0.27366585
v 0.30031028 -0.05954350 0.28723053
v 0.25064779 -0.04579176 0.94771206
v 0.24909658 0.00020204 -0.20978538
v 0.21822784 0.00758177 -0.84810857
v 0.33576936 0.02726343 -0.97050936
v 0.25897928 0.09891265 0.73438452
v 0.26784893 0.09283404 0.14922559
v 0.27709295 0.11212377 0.17806987
v 0.34903969 0.11222460 -0.96378695
v 0.25009955 0.11833080 0.40313151
v 0.25638292 0.11829156 0.47670395
v 0.25334835 0.16124357 -0.20993516
v 0.26985497 0.28666589 -0.56704485
v 0.25691372 0.29418795 0.06022699
v 0.26897490 0.29386507 -0.48001511
v 0.25541018 0.32304298 -0.69662535
v 0.25430668 0.30160184 -0.68661796
v 0.26738748 0.30171799 0.09578312
v 0.26442004 0.33472293 -0.77671854
v 0.26695927 -0.19169390 -0.12260240
v 0.29405098 -0.04404707 0.17642277
v 0.28910294 -0.02340572 0.31678687
v 0.30099172 0.03627014 0.22839853
v 0.27569682 0.03500843 0.94919386
v 0.29692433 0.06227636 -0.22494961
v 0.26513449 0.06115633 0.82712274
v 0.25752134 0.10899833 -0.19078549
v 0.15518201 0.10604912 -0.96886829
v 0.27429980 0.10883447 0.64108133
v 0.25929386 0.11363493 -0.85918831
v 0.26382636 0.14590918 0.17835599
v 0.27203793 0.29376533 -0.31152186
v 0.26954961 0.29220679 -0.26463385
v 0.27408707 0.30894387 -0.75493703
v 0.26829145 0.33326826 -0.67757899
v 0.25531683 0.33417261 -0.49961613
v 0.25874753 0.33477702 -0.40768039
v 0.30097643 -0.26142030 -0.66870241
v 0.29815059 -0.24190470 -0.85522920
v 0.26443194 -0.20695605 0.96422735
v 0.31518259 -0.19210345 -0.09187791
v 0.17841666 -0.18266486 -0.97405614
v 0.26034366 -0.15151821 -0.99888570
v 0.27190971 -0.18534871 -0.19719161
v 0.26700923 -0.14723398 0.97833717
v 0.30208017 -0.01455146 -0.16538252
v 0.26869226 -0.06647937 -0.05054421
v 0.27753355 0.05992033 0.21132890
v 0.28205036 0.08242600 0.20702227
v 0.27924457 0.07032884 0.77249095
v 0.29370118 0.08138223 0.71241591
v 0.28524090 0.12874894 -0.18997333
v 0.27970530 0.10653405 0.16374337
v 0.27127652 0.24783866 0.13637399
v 0.27011165 0.26389756 0.09037044
v 0.27259365 0.26411725 0.13794597
v 0.28181683 0.24007505 0.16676660
v 0.28764509 0.25648837 -0.75133984
v 0.26489666 0.28839665 -0.71614328
v 0.28723407 0.25871406 -0.59441477
v 0.26776398 0.28865981 -0.51760496
v 0.28139190 0.28370427 -0.47171465
v 0.28189875 0.28641836 0.03865408
v 0.28971052 0.29414370 -0.72114429
v 0.28182494 0.28971572 -0.21553156
v 0.26711920 0.35305684 -0.71161994
v 0.28409681 0.32892292 -0.38688232
v 0.28100827 0.33196281 -0.24313691
v 0.28835489 -0.27999959 0.52332238
v 0.27190361 -0.13760448 -0.11739457
v 0.34006334 -0.08768212 -0.49156676
v 0.29187698 -0.09584183 -0.46087219
v 0.27556455 -0.08681917 -0.50584681
v 0.29952660 -0.05755801 -0.00738411
v 0.29211938 -0.05143951 0.05725272
v 0.31614522 -0.06695965 0.95588799
v 0.27195700 -0.05993521 -0.97349115
v 0.27325425 -0.05807200 0.94780192
v 0.28987465 -0.00310610 -0.19586592
v 0.27842109 0.25483892 -0.55724191
v 0.26908150 0.29349654 -0.23223512
v 0.29575074 0.25683040 0.07829714
v 0.30846147 0.22004559 -0.52531185
v 0.28462343 0.28391705 -0.27938126
v 0.28480539 0.31778767 -0.74903535
v 0.29014405 0.31429423 -0.69720333
v 0.28779736 0.32351435 -0.50916553
v 0.29465377 -0.27925094 0.41323251
v 0.29505560 -0.27386389 0.71777196
v 0.30673690 -0.25004234 -0.77141866
v 0.30223493 -0.18519996 -0.08654892
v 0.21931435 -0.12437024 0.97533165
v 0.29099118 -0.12585927 -0.08826034
v 0.27990143 -0.09916364 -0.11946110
v 0.29275018 -0.05712204 -0.02589560
v 0.28924515 -0.02577671 -0.08010487
v 0.29997024 -0.00593265 0.94805018
v 0.32075944 0.01327016 -0.83460786
v 0.28952710 0.07503606 0.18567022
v 0.27946510 0.06760351 -0.85342538
v 0.29646177 0.09422383 0.16348224
v 0.30908781 0.08113736 -0.15041353
v 0.29310780 0.07643634 0.22698623
v 0.29361234 0.11595414 0.48048914
v 0.27652209 0.15475749 0.30405573
v 0.29333976 0.21136472 0.19947615
v 0.32907358 0.24680541 0.15728982
v 0.29431396 0.28528504 -0.47393714
v 0.32065885 0.27457515 0.12286867
v 0.29483948 0.29453823 -0.35856270
v 0.29027030 0.28734126 -0.51336554
v 0.29245839 0.29453630 -0.48553010
v 0.29695822 0.32012944 -0.36666374
v 0.29067383 0.32779017 -0.25270545
v 0.29055404 0.32510618 0.05580012
v 0.30432939 -0.27115966 0.40428625
v 0.29727642 -0.27149092 0.56551331
v 0.29659608 -0.25489445 0.72615243
v 0.29637410 -0.27247723 0.78252705
v 0.29805157 -0.27112072 0.41334328
v 0.29698669 -0.22100608 0.77641708
v 0.28208299 -0.22435459 0.95891120
v 0.29717656 -0.17445033 0.76370992
v 0.29907723 -0.20099530 0.40500320
v 0.29648179 -0.04841819 0.62287461
v 0.29693283 -0.13188921 0.74656568
v 0.30178194 -0.09511330 0.73384764
v 0.29730140 -0.05236347 0.51184771
v 0.29706601 -0.06682949 0.68381841
v 0.30162033 -0.05182062 0.05719363
v 0.30317074 -0.06390543 0.24793154
v 0.30567055 -0.05993555 0.47302216
v 0.33554110 -0.05744696 0.94465446
v 0.30350096 -0.02891333 -0.07285079
v 0.29706478 0.05571909 -0.84898390
v 0.30964044 0.04018392 -0.13137250
v 0.30466755 0.04349989 0.22352519
v 0.29981697 0.08040766 0.22175707
v 0.30389386 0.09798180 0.17556837
v 0.29551392 0.11790089 -0.24417922
v 0.29151820 0.12606607 0.17648879
v 0.26627342 0.11905757 0.37433625
v 0.30320008 0.13263325 -0.19800714
v 0.29799998 0.25798380 -0.21692428
v 0.27937306 0.28973581 -0.07273271
v 0.30550970 0.25250828 -0.50272727
v 0.29445223 0.28952140 -0.28690537
v 0.29373966 0.29253256 -0.21617354
v 0.29324513 0.29178404 -0.03324262
v 0.30089420 0.30732735 -0.50796841
v 0.29712968 0.29596230 -0.21754793
v 0.30504850 0.30894782 -0.34792939
v 0.30168194 0.30332724 -0.07142491
v 0.27882255 0.32194845 -0.61076305
v 0.30410903 0.31022315 0.04215958
v 0.30058042 0.31885865 -0.20859505
v 0.29285347 0.32573745 -0.02077825
v 0.30605014 -0.28073254 -0.48544150
v 0.31784773 -0.28033116 -0.28072505
v 0.31230623 -0.25188327 -0.69309430
v 0.23136012 -0.22457929 -0.95598230
v 0.32516329 -0.21640048 0.94447590
v 0.31596313 -0.19572381 0.94688759
v 0.31596123 -0.18427599 -0.08218591
v 0.31985755 -0.18243309 0.97872041
v 0.31005536 -0.10602099 0.01847080
v 0.30362039 -0.10446016 0.07385553
v 0.30453643 -0.10371118 0.19353307
v 0.30647140 -0.07244652 0.26517457
v 0.30338291 -0.11372948 -0.06363603
v 0.34220213 -0.09156920 -0.48404752
v 0.30477263 -0.07420535 0.08297403
v 0.30781990 -0.06219972 0.05205891
v 0.30394587 -0.09907783 0.43501499
v 0.31640992 -0.08371176 0.99204547
v 0.41059526 -0.07743459 -0.99798016
v 0.30668885 -0.06079014 -0.03303163
v 0.30322723 -0.05062284 0.18256303
v 0.30251122 -0.07560150 -0.05754806
v 0.30584849 -0.04742644 0.67709023
v 0.33159641 -0.03985294 0.50791223
v 0.30710969 -0.02168037 -0.10779552
v 0.31503928 0.02125366 -0.12538108
v 0.29984346 0.00182228 -0.10083830
v 0.29694132 0.01761542 0.94287358
v 0.30790479 0.07700109 0.22626698
v 0.30565728 0.07179823 0.19497426
v 0.35877029 0.11063326 -0.85263163
v 0.31526603 0.10541049 0.51036500
v 0.31073777 0.11347626 0.41855304
v 0.33174121 0.12562968 -0.90102569
v 0.32686154 0.12178660 0.27230424
v 0.32606612 0.15936669 0.28846768
v 0.30309147 0.18836957 0.22639024
v 0.30761078 0.20125560 -0.61523340
v 0.30427662 0.20947812 -0.26616832
v 0.28459925 0.21891948 0.15110539
v 0.31778915 0.20028481 -0.69705792
v 0.31052347 0.22975745 -0.28085056
v 0.30061795 0.24800079 -0.47474514
v 0.30144259 0.25514488 -0.76813763
v 0.30310554 0.26225571 -0.53381790
v 0.29690764 0.28368870 0.05342777
v 0.30963324 0.30442011 0.06848472
v 0.32133505 0.27782984 -0.53069790
v 0.33066896 0.26947248 -0.63213841
v 0.30305372 0.29987144 -0.27453176
v 0.30556642 0.31208246 -0.25981382
v 0.30520728 0.31016118 -0.22336695
v 0.31127687 -0.27452114 -0.49503718
v 0.31158140 -0.26107350 -0.62340130
v 0.31692516 -0.26932926 -0.48756187
v 0.31246712 -0.23458786 -0.49847141
v 0.31119073 -0.23380168 -0.83615805
v 0.32272080 -0.19198479 -0.14875164
v 0.30541919 -0.18816054 -0.17764864
v 0.31232536 -0.16760786 -0.50241666
v 0.31298002 -0.13111139 -0.62678916
v 0.31876030 -0.16952376 -0.49436256
v 0.31186953 -0.18277805 -0.84049925
v 0.29966704 -0.14904032 0.41463352
v 0.31334386 -0.13338028 -0.07865121
v 0.31152468 -0.13095480 -0.82169860
v 0.31311839 -0.12316335 -0.51443488
v 0.31012203 -0.12794937 0.22749712
v 0.31793264 -0.11520851 -0.03983486
v 0.30375821 -0.13211895 0.24876543
v 0.32729321 -0.11066756 0.99097156
v 0.31276947 -0.11100057 0.15857935
v 0.30457458 -0.10305229 -0.20224319
v 0.31345129 -0.09077802 -0.53331755
v 0.31212966 -0.09622657 -0.80701092
v 0.31194087 -0.04945201 -0.74033180
v 0.31386175 -0.05869743 -0.55674031
v 0.31557243 -0.03625712 -0.71879400
v 0.31336053 -0.04698496 -0.59581170
v 0.31565009 -0.03119236 -0.64334399
v 0.34312475 -0.00498017 0.94858854
v 0.32095351 0.04992508 -0.15428496
v 0.31996569 0.10122989 -0.17431187
v 0.30770733 0.09486087 0.60876721
v 0.32767605 0.11281412 0.26335476
v 0.31440069 0.13587703 0.30762921
v 0.30114225 0.18248859 0.19639486
v 0.31149661 0.17542156 0.24481497
v 0.31899217 0.16660456 -0.23340040
v 0.30494788 0.22128768 -0.80118970
v 0.31344427 0.21550798 0.13631566
v 0.31518727 0.21887112 -0.81913900
v 0.31184085 0.23702893 -0.54665358
v 0.30866647 0.23833514 -0.21489970
v 0.31484814 0.24593133 -0.28176500
v 0.30812224 0.30086350 -0.23077607
v 0.32129323 0.27261354 0.09415215
v 0.30556578 0.30304056 0.08657304
v 0.31125948 -0.23941144 -0.84250727
v 0.30362411 -0.21197496 0.78441674
v 0.33088184 -0.18517315 -0.10760745
v 0.31195375 -0.13047535 0.75485267
v 0.31776141 -0.13324030 -0.16297454
v 0.33562957 -0.10780751 -0.51025835
v 0.31291957 -0.12974932 0.97947458
v 0.33918792 -0.10001271 0.43154485
v 0.34433927 -0.10835706 0.24388974
v 0.33915137 -0.10247382 0.25788339
v 0.31721644 -0.11465491 0.05761928
v 0.30482618 -0.09276683 -0.38327139
v 0.33027749 -0.08839417 -0.52165458
v 0.29329055 -0.05221037 -0.96872449
v 0.31854829 -0.04387205 -0.74846714
v 0.32269282 -0.03893534 -0.58649158
v 0.28465383 -0.04048591 -0.53180440
v 0.34178572 -0.02559990 -0.69762005
v 0.33534366 -0.02481255 -0.65070184
v 0.35359013 0.12338216 -0.86324296
v 0.31356199 0.18592983 -0.22389948
v 0.31277550 0.15551938 0.23467992
v 0.32794325 0.15009807 0.27268885
v 0.34183005 0.11396803 -0.27129661
v 0.31911764 0.19476595 -0.84271946
v 0.34152098 0.20887528 0.20829089
v 0.30545859 0.23958056 0.01880623
v 0.31535022 0.24211259 0.10283025
v 0.30662388 0.25923473 -0.47079637
v 0.31913256 0.23793415 -0.01322288
v 0.31777162 0.25169252 -0.48333277
v 0.31686784 0.24602393 -0.21511860
v 0.32301807 0.27676639 -0.22972858
v 0.30286317 0.29348067 -0.71520564
v 0.31124730 0.30013160 -0.52858644
v 0.34383824 -0.27911770 -0.48513598
v 0.32397225 -0.26282635 0.94784894
v 0.32954825 -0.22746233 0.95724393
v 0.33278328 -0.19619762 0.96847788
v 0.34745121 -0.17093553 0.98239913
v 0.32839887 -0.14229456 -0.09476888
v 0.34359942 -0.16303346 0.40747310
v 0.32040918 -0.12521404 -0.82707769
v 0.32158757 -0.12395767 -0.07070933
v 0.32976694 -0.10104308 -0.17387737
v 0.34171165 -0.07627019 0.26746944
v 0.34376434 -0.06678248 -0.50035046
v 0.34356745 -0.03336793 -0.74257397
v 0.30544226 -0.03698183 0.58395446
v 0.34748908 -0.02504018 0.31096024
v 0.33863247 -0.00232192 -0.57780786
v 0.35588549 -0.01617732 -0.51997762
v 0.34548914 0.11114633 0.35222649
v 0.34150018 0.13801961 -0.91570802
v 0.34819671 0.14161617 0.31159733
v 0.33539916 0.12515079 -0.22310840
v 0.32603871 0.17012295 -0.64397054
v 0.33782413 0.16213792 -0.88883906
v 0.33492265 0.18093569 -0.87265279
v 0.34318756 0.16106627 -0.07081354
v 0.32814891 0.21104579 -0.56965773
v 0.32767638 0.21759899 0.13443133
v 0.33469334 0.24753251 0.12579224
v 0.32807184 0.25519105 -0.76361375
v 0.35919837 0.20374448 -0.22640604
v 0.30443681 -0.27123031 0.79331252
v 0.29046307 -0.27690640 0.79891174
v 0.34488385 -0.26961845 0.93679658
v 0.33978735 -0.22314741 0.55561949
v 0.35008736 -0.24126593 -0.49003948
v 0.34293801 -0.24136157 -0.84586110
v 0.33722132 -0.21259848 0.78350628
v 0.34085615 -0.21132152 -0.48947790
v 0.34228464 -0.19282992 -0.82297518
v 0.34906342 -0.14957981 -0.49848509
v 0.33251485 -0.14097220 -0.11429997
v 0.34591882 -0.09404817 -0.06923743
v 0.33272020 -0.10702253 -0.02912003
v 0.34240273 -0.10069062 0.14330673
v 0.34183300 -0.09099773 -0.31922823
v 0.33936122 -0.08893323 -0.22424260
v 0.33951304 -0.04265012 0.30435943
v 0.34114217 -0.00074529 0.27863716
v 0.32391515 0.13008497 0.26311181
v 0.33912651 0.13265977 0.29003207
v 0.34793769 0.14925626 -0.28438929
v 0.33276819 0.18489932 -0.21339136
v 0.33021526 0.18406327 0.08311489
v 0.32183560 0.19705066 -0.65021754
v 0.33336427 0.17987441 -0.33960269
v 0.34318195 0.15963556 0.27136543
v 0.35082878 0.17384737 -0.21447511
v 0.33539991 0.19752028 0.15231107
v 0.34596287 0.17927298 -0.28190603
v 0.33474996 0.20164661 0.04737808
v 0.33802459 0.23339539 -0.79699297
v 0.34378822 0.23074532 0.15057825
v 0.34740011 0.23366065 -0.56674393
v 0.32778122 0.26437630 -0.26960072
v 0.35119840 0.23691755 -0.57879024
v 0.33368462 0.26003360 -0.54762247
v 0.35115925 -0.38236623 -0.69909934
v 0.34346773 -0.37039220 -0.63535054
v 0.35475006 -0.37485223 -0.60669191
v 0.34337616 -0.37033863 0.60081849
v 0.34445462 -0.35148174 0.50547902
v 0.34691410 -0.35779805 -0.75050767
v 0.34241573 -0.32304377 0.52208966
v 0.34426867 -0.34837198 0.68344931
v 0.34285173 -0.35061129 -0.58076617
v 0.34251897 -0.34989908 -0.73833569
v 0.34939105 -0.29812614 -0.81335070
v 0.34532807 -0.31134804 -0.53421536
v 0.34355664 -0.30521664 0.45717639
v 0.34226615 -0.28302569 0.68584065
v 0.34504345 -0.31067104 0.72044306
v 0.34027400 -0.21963932 -0.64734547
v 0.35387097 -0.27833616 -0.50871526
v 0.32820252 -0.28028671 -0.06047211
v 0.34478310 -0.26399409 0.42804234
v 0.34460610 -0.27505095 -0.81748024
v 0.34235990 -0.23978769 -0.50718583
v 0.34707153 -0.23898997 -0.49835742
v 0.35131752 -0.22361915 0.41177334
v 0.34348038 -0.16566558 0.73589301
v 0.35133532 -0.16618054 -0.49970754
v 0.34428880 -0.22998676 0.40448206
v 0.34404651 -0.18260171 0.42685567
v 0.34396127 -0.12440786 0.44933822
v 0.34258066 -0.13997056 -0.52799174
v 0.34891659 -0.16535712 0.75019157
v 0.35426378 -0.16621753 -0.83572416
v 0.34584222 -0.14973427 -0.83717684
v 0.34413833 -0.06865094 0.59860270
v 0.35015107 -0.13412388 -0.50179596
v 0.34752923 -0.12147746 0.72695943
v 0.34392101 -0.12178194 0.75303097
v 0.34382743 -0.09952869 0.69526109
v 0.34326586 -0.08163587 -0.57570820
v 0.34888925 -0.08802669 -0.11972098
v 0.34980844 -0.07608571 0.25866660
v 0.34471508 -0.08512168 0.48774565
v 0.34721007 -0.07882485 0.67412804
v 0.34693559 -0.06900914 -0.73047707
v 0.34322845 -0.09897614 -0.76844256
v 0.34927905 -0.08266665 -0.42560827
v 0.34819922 -0.08077230 -0.20847359
v 0.34735019 -0.08758433 0.00790898
v 0.34966031 -0.08907934 0.19736345
v 0.35858150 -0.05428823 0.47221846
v 0.34484227 -0.07148874 0.64513172
v 0.34432602 -0.05983218 -0.68453486
v 0.34838196 -0.08194368 -0.48348893
v 0.34860997 -0.05314584 -0.67945758
v 0.34668245 -0.06004020 -0.61763921
v 0.35008379 -0.05727176 0.53571975
v 0.30933936 -0.06710626 0.70920556
v 0.36305039 0.00691691 -0.58115873
v 0.35203588 -0.00783014 0.27664063
v 0.34707971 0.02575348 0.23210624
v 0.34587706 0.02081946 -0.84762892
v 0.34722538 0.04027960 0.22139064
v 0.34532995 0.05784086 -0.84491846
v 0.34599699 0.04454584 0.94441245
v 0.35067278 0.09037315 -0.26671327
v 0.34989107 0.09199964 0.23972404
v 0.33985671 0.15687562 0.20005273
v 0.34447510 0.13655582 -0.92535635
v 0.34574669 0.15077989 -0.69793203
v 0.33842196 0.16738309 -0.51824039
v 0.33340250 0.18099650 -0.48058130
v 0.34599557 0.17360045 -0.58869425
v 0.33478701 0.19621899 -0.50415952
v 0.34302498 0.17709950 0.17012412
v 0.34684791 0.16342235 -0.90054687
v 0.33765535 0.19845786 -0.47514760
v 0.34473839 0.19512555 0.16811709
v 0.34011459 0.20888387 -0.48829888
v 0.35469632 -0.38744920 -0.66361065
v 0.36109542 -0.31629053 0.72626380
v 0.36336709 -0.27074491 -0.82883659
v 0.32983205 -0.28174468 -0.47482206
v 0.38093269 -0.28092678 0.40411562
v 0.37635042 -0.24832809 0.75847505
v 0.34549655 -0.25315354 0.74688201
v 0.32765424 -0.21546880 -0.96731726
v 0.35166539 -0.24114675 -0.83623487
v 0.38941473 -0.18943222 0.96687346
v 0.36387160 -0.15388252 0.42114584
v 0.34705661 -0.15795041 0.76664577
v 0.35922789 -0.15427595 0.41404846
v 0.37275917 -0.12614069 0.42295715
v 0.35849809 -0.11319646 -0.80026414
v 0.35687284 -0.09156574 -0.54593418
v 0.31753196 -0.09132986 0.73556446
v 0.36310704 -0.05986308 -0.59738101
v 0.35465003 -0.03261419 -0.48331990
v 0.36310950 -0.04839720 -0.64623692
v 0.35393336 -0.03811670 0.28567259
v 0.35147864 -0.05621581 0.28195985
v 0.35580516 -0.05151189 0.59762820
v 0.35109015 -0.05395701 -0.25026640
v 0.35275429 -0.04928271 0.07449869
v 0.35152035 -0.03993853 -0.08255003
v 0.36307344 -0.00165469 -0.52997921
v 0.35215760 -0.00997067 -0.31457706
v 0.35279799 -0.00041138 0.23010009
v 0.35793190 0.01229894 -0.64020788
v 0.36016642 0.02148787 -0.85281561
v 0.35712225 0.01345777 -0.73505125
v 0.35053524 0.02410093 0.02010360
v 0.35028365 0.02632157 -0.08448397
v 0.35067929 0.10603806 -0.28046004
v 0.35223479 0.07866957 -0.21712826
v 0.34972004 0.07769301 0.22638939
v 0.35775082 0.05537072 -0.43841901
v 0.35276283 0.09803695 -0.06615055
v 0.35193564 0.08851658 0.08760080
v 0.35030162 0.08893777 0.15481050
v 0.35328701 0.10787137 -0.34189296
v 0.35228230 0.09828025 -0.21711726
v 0.35782080 0.10644772 -0.49501402
v 0.35619726 0.10453091 -0.43601903
v 0.35803794 0.10619547 -0.21526854
v 0.35482315 0.09762750 0.14238707
v 0.35217964 0.14244606 -0.60294179
v 0.35823406 0.12119022 -0.49184642
v 0.35689330 0.12956643 -0.35534870
v 0.35778406 0.13459109 -0.21269807
v 0.35038454 0.13752117 -0.91445757
v 0.36421210 0.11327935 0.03954410
v 0.36888943 0.14873306 -0.92209920
v 0.35321264 0.15940330 0.14665646
v 0.37228361 0.12319364 -0.47888718
v 0.35066510 0.16494677 0.19692597
v 0.35753321 0.20469354 -0.58469021
v 0.35802767 0.19903417 0.18437437
v 0.35236571 -0.38567686 0.58881282
v 0.35396596 -0.37769749 0.63835676
v 0.34855290 -0.31376126 0.44797640
v 0.35862675 -0.28004487 0.40248488
v 0.40789037 -0.17759319 -0.97542517
v 0.35890354 -0.12931610 0.98345876
v 0.35829837 -0.14793145 -0.50671120
v 0.37435838 -0.15416572 0.75450835
v 0.36347756 -0.10478283 0.45384363
v 0.35435573 -0.07791802 -0.76006384
v 0.36892042 -0.06600221 -0.74374659
v 0.35277489 -0.07064675 0.49749874
v 0.37868005 -0.07187131 0.97575701
v 0.37070190 -0.04791221 -0.68449142
v 0.36584558 0.01979686 -0.63180104
v 0.35832327 0.00515696 -0.42503178
v 0.36648774 0.02083848 -0.76044393
v 0.36372197 0.03804260 -0.53587978
v 0.36484329 0.06599034 -0.65536119
v 0.35872033 0.09601371 0.21847899
v 0.35840657 0.10586683 -0.05160985
v 0.36246306 0.10646499 0.05804957
v 0.37216098 0.10505787 0.23452249
v 0.36124609 0.11595551 -0.64487445
v 0.36567136 0.12182352 -0.37462363
v 0.36830085 0.11307055 -0.20847270
v 0.36297328 0.11272748 0.15357914
v 0.36668592 0.10713528 0.17725868
v 0.36444263 0.12330312 0.23670551
v 0.36039215 0.12156591 -0.58877802
v 0.35997937 0.12103614 -0.43197123
v 0.36505870 0.11438260 -0.32678400
v 0.36646136 0.11368825 -0.07032386
v 0.36197663 0.12615728 0.20891808
v 0.35976438 0.12960248 -0.86335102
v 0.35898405 0.13108566 -0.84743282
v 0.36162836 0.12985882 -0.61334408
v 0.36511547 0.13082645 -0.53909256
v 0.36542478 0.12543657 -0.33033455
v 0.36931894 0.12250785 -0.28831721
v 0.37287699 0.12434203 -0.28607715
v 0.35845928 0.14532854 0.21233607
v 0.37068908 0.12986594 -0.29812804
v 0.35411684 0.16524540 -0.60170979
v 0.37265269 0.16842991 0.21572786
v 0.35463525 0.20155584 -0.84119590
v 0.35452271 -0.36632927 0.50474772
v 0.36774137 -0.25412491 0.41313925
v 0.38447170 -0.26419264 0.94235910
v 0.34975460 -0.22251499 -0.96048622
v 0.34959723 -0.14049367 -0.81707304
v 0.34466338 -0.09900111 -0.81686194
v 0.36875621 0.01899015 -0.84299882
v 0.36457207 0.07485943 -0.85383236
v 0.36802184 0.10521603 -0.76679660
v 0.36280008 0.07316701 0.77718712
v 0.36537749 0.10748626 -0.85073250
v 0.37106164 0.09358139 -0.84345826
v 0.37219856 0.11383756 0.17642455
v 0.37317057 0.12042554 -0.34309123
v 0.36972367 0.12355296 0.18961625
v 0.37346191 0.12278825 -0.62654082
v 0.36167069 0.13275791 -0.58543187
v 0.37861313 0.12515924 -0.49293230
v 0.36881538 0.13013985 -0.37391350
v 0.37678066 0.11803931 -0.21319008
v 0.35994277 0.15146310 -0.02233351
v 0.39120310 0.12756385 -0.27107884
v 0.37398523 0.17387514 -0.86964994
v 0.37070431 0.18724702 -0.80218246
v 0.35834111 0.20314143 -0.26945563
v 0.41721976 -0.28664436 0.42611790
v 0.41450225 -0.27657516 0.79792551
v 0.40531515 -0.22082928 -0.96443553
v 0.36974391 -0.17701298 0.75890898
v 0.37817977 -0.14334221 -0.83065944
v 0.37659226 -0.14464189 0.75819727
v 0.38357239 -0.14119147 0.42573384
v 0.34136546 -0.05663577 -0.77977677
v 0.39282672 0.03498285 0.94886434
v 0.37929410 0.11221095 0.00679837
v 0.37462335 0.11349513 0.16108641
v 0.37198327 0.12128076 -0.50720845
v 0.38040584 0.11326547 -0.12866436
v 0.39370330 0.11002614 0.32639430
v 0.39285164 0.13719515 -0.93355440
v 0.36750921 0.17064767 -0.88779114
v 0.36562332 0.14658775 -0.61594217
v 0.37281822 0.16818575 0.24663149
v 0.37598173 0.17897224 -0.60374620
v 0.36716401 0.20439923 -0.59773687
v 0.42576605 -0.38720744 -0.64392119
v 0.34793115 -0.38246417 0.55883873
v 0.36619649 -0.36319803 0.67523155
v 0.36384210 -0.35175215 -0.56351257
v 0.40098928 -0.27257807 0.86340933
v 0.36772125 -0.25814071 -0.49920141
v 0.40685801 -0.19127548 0.76272755
v 0.41203966 -0.10473977 0.98197383
v 0.37779645 -0.06223047 0.93917432
v 0.40154576 -0.05064849 -0.97132121
v 0.34418992 -0.04157943 -0.56799269
v 0.38420105 0.01127774 0.93979019
v 0.35702010 0.05495907 0.87375368
v 0.37853827 0.10055707 0.49956370
v 0.38098548 0.11296021 -0.20848003
v 0.38134657 0.10629217 0.17641258
v 0.40334378 0.11192963 -0.27098687
v 0.39307662 0.13653569 0.24667618
v 0.38638998 0.15332135 -0.89802031
v 0.39496530 0.12411721 -0.22899970
v 0.38930752 0.16600215 -0.62221904
v 0.41348641 -0.38497801 0.62844764
v 0.41453124 -0.26700470 -0.49958294
v 0.39988772 -0.28161375 -0.40112223
v 0.40696085 -0.15842380 0.97525090
v 0.40376187 -0.13447955 -0.82885307
v 0.45941415 -0.11238035 -0.51039946
v 0.42879600 -0.09604592 -0.78896957
v 0.37774761 -0.08346785 0.99035467
v 0.40824117 -0.07882124 0.98053885
v 0.45272436 -0.04983683 -0.65817316
v 0.47062505 -0.03198041 -0.59948324
v 0.36675734 -0.03320933 0.55596621
v 0.39582719 0.05247012 0.87388131
v 0.39554631 0.07338004 0.76249241
v 0.39434686 0.09832605 0.48539337
v 0.39840564 0.10703367 0.13690449
v 0.39716331 0.10947744 -0.07813378
v 0.40367335 0.11867209 -0.57015754
v 0.39720789 0.12213720 -0.49545534
v 0.39669463 0.11711794 -0.34902786
v 0.39220521 0.12608154 0.29782638
v 0.40551214 0.13633987 -0.65644046
v 0.39514556 0.14853765 -0.62698788
v 0.40221093 -0.35590676 0.48050244
v 0.41749522 -0.27230341 0.41310610
v 0.39701944 -0.26111732 0.93428531
v 0.42273194 -0.24184110 -0.84113233
v 0.37094632 -0.17175517 0.76677066
v 0.40232225 -0.13668162 -0.82192073
v 0.43353806 -0.14605851 0.75046603
v 0.40197950 -0.09770949 0.45727989
v 0.40246376 -0.13188377 0.96957943
v 0.45356096 -0.10531485 0.43349191
v 0.41760363 -0.07230440 -0.56690267
v 0.41224602 -0.06558249 -0.99452296
v 0.40163235 -0.05977706 -0.97761579
v 0.37489577 -0.05934790 0.65218788
v 0.38283460 -0.07517567 0.68760541
v 0.42492041 -0.04965893 0.55438273
v 0.40364355 0.01713265 0.94850969
v 0.39396628 0.04316111 0.93964736
v 0.40623979 0.04854904 0.86740294
v 0.40363347 0.07853090 0.68611595
v 0.40479518 0.08621889 0.56828703
v 0.40067208 0.10582606 -0.96978671
v 0.40622987 0.09618803 0.42231945
v 0.40449520 0.10546657 -0.21592727
v 0.40848680 0.10136030 0.15784984
v 0.40582104 0.10698366 0.01461088
v 0.40542946 0.11860268 -0.63477315
v 0.40534004 0.11892489 -0.49515200
v 0.40227702 0.12730853 -0.63926802
v 0.41485285 0.11475653 -0.87225032
v 0.40222590 0.12957915 0.27077591
v 0.43678022 -0.38489344 0.54622310
v 0.44637776 -0.35418352 0.69090378
v 0.41359540 -0.27973752 0.30177960
v 0.41881736 -0.28016603 0.36911402
v 0.41662228 -0.27867983 -0.49035665
v 0.41636183 -0.26260635 0.79113542
v 0.40925825 -0.26470440 0.86728709
v 0.42121890 -0.15254886 -0.99637611
v 0.42321401 -0.08393177 0.95601000
v 0.41620785 -0.05776792 -0.96320045
v 0.40706513 -0.06452042 0.94676959
v 0.41901597 0.01449212 -0.96500483
v 0.40584430 0.03363816 0.93859919
v 0.40764502 0.06132405 0.79779019
v 0.41131360 0.07610699 0.27883580
v 0.41224669 0.07946266 0.51033179
v 0.40648365 0.09878193 0.23404747
v 0.41222509 0.09110015 0.26711014
v 0.40934004 0.09362563 0.34609200
v 0.41063869 0.09568974 -0.16912895
v 0.40715017 0.11265292 -0.36088819
v 0.40987681 0.11202385 -0.96246572
v 0.41465241 0.11461830 -0.82779642
v 0.45435549 -0.36936802 0.65914288
v 0.37371487 -0.31711071 -0.52638493
v 0.41336749 -0.28024285 -0.35173181
v 0.41408471 -0.27973834 0.00914881
v 0.42760404 -0.27305067 0.42133479
v 0.42035086 -0.27617319 -0.29871069
v 0.42044722 -0.27533895 0.09339331
v 0.42374830 -0.27055555 0.79938554
v 0.41869644 -0.25441211 -0.49121107
v 0.41165639 -0.23020804 -0.92008949
v 0.41986265 -0.20751369 -0.23629304
v 0.42364342 -0.19656600 0.88598330
v 0.41548734 -0.17644990 0.95405971
v 0.46839334 -0.09922580 0.73881445
v 0.42886880 -0.06582259 0.50049607
v 0.43797339 -0.05854874 -0.59971672
v 0.37076307 -0.03556034 0.65280495
v 0.41917961 0.02024389 0.72296364
v 0.41447349 0.02470022 0.85741443
v 0.42040749 0.03629837 0.55560130
v 0.41397966 0.06126848 0.70503715
v 0.41402635 0.07381546 0.60958954
v 0.42337880 0.07274244 -0.54255070
v 0.41233912 0.09098914 -0.18833877
v 0.41571188 0.07105116 -0.52211773
v 0.41241699 0.09678408 -0.23072773
v 0.42629198 0.04122232 -0.09306407
v 0.41916766 0.02496980 0.42366922
v 0.41961125 0.05603817 -0.63771975
v 0.41229434 0.09821912 0.00770138
v 0.42242945 0.07308293 -0.62229165
v 0.41063087 0.11003128 -0.53672891
v 0.41474150 0.09748857 -0.63271880
v 0.41346459 0.09907126 -0.41088722
v 0.40581381 0.10266518 0.28427224
v 0.41546429 0.11145317 -0.65245569
v 0.40595109 0.13896825 0.24318625
v 0.42372536 0.11705642 0.29433217
v 0.42654295 -0.38506242 -0.70265995
v 0.37457649 -0.34091565 -0.78257340
v 0.45949687 -0.32300650 -0.53706825
v 0.42018632 -0.28173359 0.40578753
v 0.42693602 -0.28314602 -0.48288536
v 0.42171610 -0.27739852 -0.39168108
v 0.42297200 -0.27157553 -0.27075559
v 0.42174751 -0.27367514 0.28389076
v 0.42346402 -0.27061244 0.00274288
v 0.45649323 -0.23902831 -0.49749878
v 0.42844738 -0.24390571 0.22584755
v 0.43137759 -0.22668535 0.32937931
v 0.43014906 -0.23214366 -0.39012845
v 0.43200832 -0.23162670 0.00464944
v 0.42969586 -0.22969119 0.36005741
v 0.42909262 -0.22359698 -0.39535910
v 0.42312999 -0.21555289 -0.22575359
v 0.42299822 -0.21583696 0.15115456
v 0.43078739 -0.22390873 0.23020211
v 0.42766433 -0.17742229 -0.88623700
v 0.42157845 -0.21216221 -0.36422133
v 0.42111567 -0.20838621 0.19069124
v 0.42148111 -0.21383731 0.35296197
v 0.42096559 -0.21412944 0.33088869
v 0.43049432 -0.17661018 -0.18509419
v 0.43027218 -0.17711213 0.35439516
v 0.43537842 -0.16479699 0.90125244
v 0.43106744 -0.12602041 0.92051431
v 0.42456605 -0.13657119 -0.50521893
v 0.40440961 -0.12309818 -0.51976969
v 0.42250861 -0.07431074 -0.99231553
v 0.42493757 -0.06875995 -0.97647066
v 0.42477719 -0.06864901 0.93482680
v 0.42360025 -0.05287969 -0.92377681
v 0.42342742 0.01204282 -0.92724283
v 0.43798638 -0.01031529 0.85690321
v 0.43041235 0.00501728 0.36798108
v 0.42429243 0.00868979 0.81781379
v 0.42360008 0.02942267 -0.86279156
v 0.42069341 0.03673834 -0.78314033
v 0.42199973 0.03373337 -0.45878644
v 0.42739803 0.01930223 -0.32651726
v 0.43178836 0.00552954 0.30671218
v 0.42500713 0.02052892 0.46574313
v 0.41998297 0.03018686 0.63637721
v 0.42746716 0.01806089 0.65676611
v 0.42554198 0.04031973 -0.66014888
v 0.42530517 0.04165559 -0.17506453
v 0.42260301 0.04097854 0.23043249
v 0.42652751 0.05941348 -0.16549177
v 0.42568082 0.05879698 -0.10227601
v 0.41743967 0.07393032 -0.08594744
v 0.43566943 0.08934043 0.23701197
v 0.42843056 0.14555536 0.29039761
v 0.45575177 -0.34946814 0.48039189
v 0.44833087 -0.30364188 0.73490914
v 0.43069769 -0.25336214 0.40909288
v 0.42923358 -0.22747144 -0.48472130
v 0.43235750 -0.23165090 -0.21700217
v 0.42778236 -0.25144789 -0.21133075
v 0.43337084 -0.24045630 0.79130823
v 0.43155705 -0.23415666 -0.43485341
v 0.43155728 -0.23176521 0.24417670
v 0.43189250 -0.22372426 -0.16756461
v 0.42623465 -0.21391390 -0.45432284
v 0.44371012 -0.16458983 0.38826891
v 0.44944549 -0.17562790 0.80231397
v 0.43132866 -0.17402486 0.15999819
v 0.42526756 -0.18249191 0.76594335
v 0.43059441 -0.16848788 -0.25717326
v 0.43105135 -0.17311157 -0.05083493
v 0.42849801 -0.13523177 0.42638474
v 0.42013802 -0.13392424 0.75380706
v 0.45519638 -0.10624013 0.71555067
v 0.43044165 -0.05251013 0.20905806
v 0.43129704 -0.05056860 0.36004596
v 0.43041929 -0.05017533 -0.03339670
v 0.43018001 -0.05033992 -0.24012289
v 0.42264494 -0.01041919 0.93889392
v 0.43533053 0.00431510 -0.90814686
v 0.43207360 0.02107352 -0.12743594
v 0.43285336 0.01281281 0.06779234
v 0.42667023 0.02856426 -0.77702060
v 0.42752839 0.03012036 0.56848110
v 0.42217908 0.04001731 -0.54111856
v 0.44242272 -0.36653900 -0.58241217
v 0.40988489 -0.37353906 -0.73857524
v 0.45567347 -0.30582523 0.44261772
v 0.45945569 -0.26804397 0.42555462
v 0.43526189 -0.21670959 -0.49097485
v 0.43654893 -0.21663759 0.40434254
v 0.44276888 -0.18445759 0.41137040
v 0.43475340 -0.21839126 0.78057397
v 0.43957051 -0.18706422 -0.48019877
v 0.43672972 -0.18709854 -0.84144453
v 0.44977662 -0.16689944 0.75751420
v 0.43593159 -0.16004944 -0.31016407
v 0.44074700 -0.15042580 -0.89260484
v 0.44259023 -0.07339321 0.37157845
v 0.44381476 -0.07645090 -0.16860361
v 0.43894700 -0.08762049 -0.93176291
v 0.44018116 -0.06784912 -0.29023618
v 0.43821478 -0.09411476 -0.28300423
v 0.44154727 -0.07831098 0.88241246
v 0.44482974 -0.07473087 0.18937451
v 0.44449833 -0.07576873 0.32562145
v 0.44350045 -0.06704369 -0.12395832
v 0.44341225 -0.06696152 0.21093162
v 0.43837779 -0.06399587 0.37532503
v 0.43546111 -0.05275981 -0.90320327
v 0.43259553 -0.05383686 -0.28894630
v 0.46670774 -0.02774821 -0.69732101
v 0.44963314 0.00417578 -0.40463776
v 0.42994471 0.00929398 -0.28504716
v 0.44963870 -0.00199783 0.40550295
v 0.42780150 0.01115709 0.72898329
v 0.42888447 0.01580566 -0.86891215
v 0.45369438 0.09360254 0.27624937
v 0.40768345 0.10159922 0.24441396
v 0.45596384 -0.38476370 -0.65341430
v 0.46619842 -0.37736429 -0.68254887
v 0.45133701 -0.29597687 0.58952653
v 0.45654556 -0.29143466 -0.51589643
v 0.44928583 -0.25948946 0.59453772
v 0.44651855 -0.27411154 -0.82847569
v 0.44426049 -0.24036901 0.50323254
v 0.43919631 -0.23631121 0.41193607
v 0.45594880 -0.24957430 -0.83476416
v 0.46128317 -0.18672483 0.54430914
v 0.44893607 -0.21168053 0.65661239
v 0.44570434 -0.22581873 -0.64763239
v 0.44607894 -0.20405026 0.77983380
v 0.44584777 -0.18428552 0.50953363
v 0.44593379 -0.22125387 0.56157683
v 0.45745623 -0.19043149 -0.73522716
v 0.44694812 -0.18717273 -0.59443474
v 0.44926014 -0.16097589 -0.83196676
v 0.44555063 -0.16801266 -0.49571209
v 0.45504992 -0.17119344 0.56278042
v 0.44789247 -0.14498835 0.42207335
v 0.44601615 -0.15672301 -0.38887477
v 0.43913187 -0.14312422 -0.82548849
v 0.44653651 -0.14575693 -0.67821474
v 0.44394983 -0.14902428 -0.50491127
v 0.45056166 -0.15031524 -0.84186693
v 0.44425371 -0.13541003 -0.65928181
v 0.46674586 -0.13696704 -0.64733403
v 0.46613702 -0.13480820 0.61077759
v 0.44530311 -0.14310412 0.62829740
v 0.45207696 -0.10802483 -0.81923977
v 0.43050657 -0.09852221 0.71439208
v 0.45325445 -0.07074994 -0.37420350
v 0.44499016 -0.07646615 -0.06719096
v 0.45363900 -0.06931644 0.39596009
v 0.44528260 -0.05870751 0.83349447
v 0.43589727 -0.05089236 0.61376722
v 0.44669849 -0.00673798 0.39055284
v 0.46087674 -0.03896615 -0.74567922
v 0.45319209 -0.01123511 0.77265832
v 0.45894663 -0.00162490 0.67773154
v 0.45811963 0.01786935 0.57847060
v 0.46722156 -0.35920438 0.51071775
v 0.46388956 -0.38015983 0.58112849
v 0.45692526 -0.35787330 -0.75280997
v 0.44562709 -0.31111348 -0.80964613
v 0.44441927 -0.29466544 -0.63301447
v 0.46019252 -0.29430170 0.55447066
v 0.46955698 -0.27502371 -0.62230419
v 0.46431077 -0.26017913 0.65718228
v 0.45963398 -0.23949904 0.75369384
v 0.45906881 -0.25118873 -0.74553012
v 0.46672535 -0.23888428 -0.73467434
v 0.45236372 -0.24634953 0.54261963
v 0.44836107 -0.22966367 0.66603366
v 0.44885885 -0.19157993 -0.74881521
v 0.44778658 -0.21801173 -0.70068559
v 0.46907875 -0.17900108 -0.73108167
v 0.45855359 -0.17100999 -0.63508423
v 0.46213616 -0.18262812 0.62509207
v 0.45154696 -0.16101872 -0.70973074
v 0.46372498 -0.16021882 -0.68343741
v 0.45743757 -0.17343909 0.63581170
v 0.45077477 -0.17972589 0.65338358
v 0.46044405 -0.16620221 -0.65820354
v 0.45087671 -0.16749506 0.55036669
v 0.46433014 -0.15560205 -0.72584322
v 0.44904673 -0.17708882 0.59359583
v 0.45106809 -0.16438764 0.65359132
v 0.45753772 -0.16526718 0.76864626
v 0.46637591 -0.14459254 -0.81276867
v 0.45585968 -0.15284324 -0.49048890
v 0.46497824 -0.13671782 0.62946835
v 0.44942745 -0.14123777 0.54805488
v 0.46581874 -0.13832625 0.73343973
v 0.45962642 -0.11700180 0.41910741
v 0.46521219 -0.12074990 0.75406612
v 0.45996442 -0.09842604 -0.54347568
v 0.45709775 -0.11043823 0.45171088
v 0.45956749 -0.10378752 -0.82474511
v 0.45872663 -0.07695281 0.79566592
v 0.47087320 -0.07688936 -0.51183080
v 0.45627004 -0.06979715 0.66601077
v 0.46659357 -0.07932558 0.72396011
v 0.45580413 -0.06655319 0.51296191
v 0.46332931 -0.06440490 -0.78456269
v 0.46170025 -0.06723494 -0.60662781
v 0.45357978 -0.05223219 -0.42927313
v 0.46694768 -0.06318621 0.46235149
v 0.45474369 0.00242613 -0.83903179
v 0.45918269 -0.01406005 0.42185473
v 0.45107749 0.01263110 -0.42791759
v 0.45918107 0.02251766 -0.71855218
v 0.46953739 0.02245404 -0.65798211
v 0.46889305 -0.35524753 -0.73169752
v 0.47052955 -0.32701101 -0.77543151
v 0.46830829 -0.30729167 0.58127699
v 0.46558333 -0.30147393 -0.69408522
v 0.46786418 -0.29849502 -0.65434711
v 0.46747796 -0.31267320 0.45771226
v 0.46878117 -0.28827212 -0.80931325
v 0.46218582 -0.27359014 -0.69980184
v 0.46258109 -0.28735741 0.60145382
v 0.46217784 -0.27613655 -0.64976000
v 0.46629361 -0.28964682 0.54252813
v 0.46145195 -0.27710585 0.59603311
v 0.46293272 -0.27172247 0.55470094
v 0.46958449 -0.27850022 -0.52266340
v 0.46514008 -0.25604486 0.51912208
v 0.45939725 -0.24881586 -0.58988544
v 0.46884283 -0.26104538 0.64193068
v 0.47097423 -0.24337706 0.73732604
v 0.46789987 -0.24686728 -0.57550265
v 0.46783888 -0.24589724 0.66542742
v 0.46559105 -0.24263061 -0.60999703
v 0.46117722 -0.23821604 0.52199999
v 0.45775510 -0.24231299 0.62977749
v 0.46316707 -0.23142883 0.66333980
v 0.46850355 -0.24357896 -0.82527224
v 0.46632551 -0.20616021 -0.73297143
v 0.46696856 -0.22372439 -0.50115376
v 0.46277057 -0.21083184 0.41644728
v 0.46926048 -0.23417046 0.49214435
v 0.46944578 -0.19888935 0.64773174
v 0.46326907 -0.19206059 0.51963631
v 0.46514983 -0.19665111 0.49858991
v 0.47123924 -0.16336402 -0.81268254
v 0.46772610 -0.18441551 -0.61424040
v 0.46457800 -0.20138765 0.75293304
v 0.46815777 -0.17155018 0.50277801
v 0.46357601 -0.15913609 -0.62645051
v 0.46386572 -0.17637954 -0.50376409
v 0.47050562 -0.13529412 -0.59858466
v 0.46702216 -0.14633199 0.56672071
v 0.46086439 -0.15504911 0.61186272
v 0.46860992 -0.16275933 0.63174114
v 0.46758127 -0.15573507 0.43435828
v 0.45398039 -0.14618848 0.53055565
v 0.46747732 -0.13328733 0.55031217
v 0.47062765 -0.12093898 -0.67383271
v 0.45907751 -0.08533088 -0.76719996
v 0.46134108 -0.05634472 0.56900553
v 0.46783047 -0.06851395 -0.79800127
v 0.45666915 -0.05941478 -0.71838779
v 0.47063835 -0.07229431 -0.64746708
v 0.46989173 -0.04787842 0.47953315
v 0.46863036 -0.04941705 0.69184797
v 0.46564821 -0.02589865 0.71981936
v 0.46829203 -0.01035096 0.67227800
v 0.46588753 -0.00274098 0.51316090
v 0.45998360 0.00603159 0.51525513
v 0.46588059 0.00738629 -0.76684002
v 0.46397813 0.02115679 -0.57208607
v 0.45403706 0.08286768 0.24417285
v 0.41545853 0.15859625 0.27781427
v 0.46773040 -0.35806997 0.65538989
v 0.46988614 -0.35388029 -0.59129187
v 0.47071444 -0.31225379 0.70382067
v 0.47102694 -0.35828200 0.57574383
v 0.47027029 -0.33230388 -0.69238208
v 0.46953282 -0.30206595 -0.61773499
v 0.46551656 -0.28915350 0.62777279
v 0.46817550 -0.27106695 -0.73386178
v 0.47095646 -0.28201890 0.46701583
v 0.46943835 -0.25982011 0.49753927
v 0.46858603 -0.23035568 0.42731302
v 0.47186707 -0.16566029 -0.53465089
v 0.47236509 -0.18717334 0.45576953
v 0.47166970 -0.20632955 0.47567573
v 0.47194897 -0.24655854 -0.77759286
v 0.46844367 -0.20061162 -0.58696273
v 0.46996454 -0.19864517 0.67352059
v 0.46850697 -0.16370515 0.66410926
v 0.46878614 -0.18280533 -0.75766260
v 0.46485716 -0.17162994 -0.59194108
v 0.46810419 -0.15681156 0.52319697
v 0.46810607 -0.14209567 -0.69342981
v 0.46714771 -0.11181800 -0.53698621
v 0.47047402 -0.12186825 0.49371882
v 0.46962781 -0.12294537 -0.75634040
v 0.47117452 -0.11204467 0.61077026
v 0.47101586 -0.12796419 0.69114948
v 0.46866783 -0.08507529 0.50517270
v 0.46996562 -0.08048852 0.64923718
v 0.46637329 -0.09071334 0.68871262
v 0.46890546 -0.07168644 -0.71685100
v 0.46649289 -0.11005890 -0.50266997
v 0.46965817 -0.06923288 0.58582253
v 0.47110952 -0.07721623 -0.52780561
v 0.46470688 -0.06383731 0.62136604
v 0.47165356 -0.05524321 -0.55061379
v 0.47074000 -0.03366995 -0.74280148
v 0.46712427 -0.02693088 -0.63551015
v 0.47031798 -0.03607374 0.52692461
v 0.47025801 -0.03274996 0.60079526
v 0.47066401 -0.04010772 0.66957245
v 0.47266442 -0.02035804 -0.61786393
v 0.47108216 -0.02041447 -0.70394429
v 0.46983858 0.01101113 -0.53837463
v 0.46952899 0.00815865 0.56587230
v 0.47176098 0.01287838 -0.64644156
v 0.50984309 0.15376306 0.26830892
v 0.50977849 0.08774056 0.22474285
v 0.42051383 0.16584565 0.24203827
v 0.50900453 0.11317564 0.27597547
v 0.48313828 0.13917069 0.23338409
v 0.51667533 0.09175007 0.25965098
v 0.52312814 0.13747718 0.25570109
v 0.51386473 0.16026223 0.22741084
v 0.51899298 0.11068072 0.22423091
f 1 3 2
f 2 4 180
f 3 4 2
f 2 179 1
f 2 180 179
f 180 4 7
f 6 4 3
f 1 216 3
f 7 4 5
f 290 216 1
f 4 6 5
f 1 179 215
f 181 9 8
f 62 10 61
f 8 9 133
f 63 9 181
f 16 10 62
f 9 15 133
f 64 10 12
f 13 68 10
f 68 12 10
f 16 14 10
f 9 19 11
f 63 17 9
f 10 14 13
f 21 27 133
f 15 21 133
f 11 15 9
f 9 26 19
f 17 26 9
f 27 66 133
f 15 67 21
f 68 24 12
f 16 20 14
f 14 20 76
f 77 20 16
f 67 78 21
f 18 77 16
f 26 74 19
f 138 76 20
f 23 78 67
f 12 24 25
f 85 77 34
f 29 25 24
f 29 24 84
f 18 34 77
f 27 22 66
f 78 88 27
f 81 26 17
f 29 36 25
f 18 40 34
f 30 96 22
f 81 97 26
f 27 30 22
f 35 30 27
f 88 35 27
f 42 32 25
f 36 42 25
f 29 37 36
f 34 102 33
f 26 97 28
f 35 38 30
f 97 45 28
f 37 155 36
f 34 43 102
f 39 154 99
f 103 43 101
f 102 43 103
f 39 41 154
f 31 41 39
f 28 45 31
f 108 46 156
f 43 48 101
f 40 43 34
f 155 46 36
f 98 44 38
f 45 41 31
f 108 48 46
f 40 164 43
f 118 30 38
f 46 42 36
f 204 43 164
f 46 50 42
f 43 120 48
f 41 45 44
f 48 50 46
f 44 119 38
f 45 119 44
f 43 204 120
f 119 118 38
f 47 51 45
f 109 52 205
f 120 50 48
f 51 119 45
f 114 52 109
f 205 52 121
f 116 173 56
f 174 57 117
f 174 328 57
f 52 59 121
f 116 56 370
f 210 121 59
f 52 128 59
f 175 397 55
f 397 209 55
f 55 209 56
f 209 370 56
f 328 58 57
f 54 58 328
f 54 210 58
f 59 58 210
f 175 124 53
f 55 124 175
f 58 125 57
f 60 58 59
f 128 60 59
f 123 213 55
f 56 123 55
f 126 128 52
f 177 57 125
f 58 60 125
f 55 213 124
f 127 125 60
f 218 241 8
f 8 133 218
f 8 241 181
f 62 61 131
f 219 62 131
f 61 10 132
f 132 10 64
f 219 65 62
f 16 62 65
f 17 63 72
f 70 16 65
f 13 14 135
f 67 15 71
f 11 71 15
f 19 134 11
f 74 134 19
f 12 243 64
f 68 13 136
f 14 69 135
f 185 69 14
f 186 68 136
f 136 75 186
f 13 75 136
f 135 75 13
f 185 14 76
f 16 70 18
f 18 70 73
f 71 23 67
f 11 79 71
f 79 140 71
f 69 75 135
f 69 185 76
f 68 186 24
f 187 66 22
f 81 17 72
f 69 76 138
f 21 78 27
f 80 79 74
f 26 80 74
f 243 12 25
f 141 139 24
f 186 141 24
f 82 20 77
f 26 28 80
f 144 243 25
f 82 77 85
f 83 18 73
f 22 87 187
f 80 86 79
f 28 86 80
f 82 85 138
f 23 88 78
f 139 84 24
f 94 85 142
f 25 32 144
f 141 90 84
f 85 34 142
f 142 91 94
f 22 96 87
f 93 89 86
f 143 93 86
f 143 86 28
f 84 145 29
f 145 84 90
f 92 88 188
f 91 33 94
f 33 91 34
f 18 83 40
f 88 192 35
f 88 92 192
f 150 92 188
f 93 31 89
f 93 143 28
f 87 96 149
f 89 31 99
f 28 31 93
f 145 90 37
f 33 95 94
f 95 101 94
f 83 106 40
f 146 92 35
f 38 35 92
f 38 92 150
f 29 147 37
f 33 102 95
f 153 149 96
f 150 104 38
f 90 155 37
f 156 155 90
f 96 30 153
f 151 98 150
f 39 99 31
f 150 98 104
f 151 107 98
f 32 42 197
f 98 38 104
f 42 167 197
f 105 100 101
f 391 40 106
f 48 105 101
f 164 40 391
f 98 107 44
f 201 44 107
f 201 41 44
f 97 263 45
f 263 97 158
f 46 155 198
f 108 105 48
f 153 30 228
f 165 159 109
f 30 118 228
f 263 47 45
f 42 50 167
f 110 49 366
f 202 49 110
f 168 49 202
f 205 165 109
f 159 114 109
f 116 366 49
f 115 230 162
f 111 115 162
f 49 173 116
f 167 50 113
f 122 230 115
f 112 117 206
f 169 117 112
f 172 113 50
f 173 49 168
f 176 206 117
f 169 174 117
f 171 52 114
f 115 111 326
f 120 172 50
f 171 126 52
f 115 326 53
f 326 175 53
f 115 53 122
f 117 57 177
f 173 123 56
f 239 123 173
f 177 176 117
f 124 122 53
f 125 127 177
f 60 129 127
f 128 129 60
f 130 3 216
f 130 6 3
f 132 292 61
f 384 218 133
f 241 220 181
f 63 181 183
f 242 63 183
f 72 63 242
f 133 66 184
f 187 184 66
f 134 79 11
f 134 74 79
f 186 75 137
f 75 69 137
f 69 138 137
f 20 82 138
f 140 23 71
f 79 86 140
f 86 89 140
f 141 84 139
f 189 141 186
f 88 23 188
f 138 94 137
f 85 94 138
f 156 90 141
f 34 91 142
f 92 146 192
f 99 188 140
f 89 99 140
f 145 147 29
f 145 191 147
f 188 151 150
f 151 188 99
f 144 32 194
f 191 145 37
f 94 101 152
f 35 192 146
f 154 151 99
f 147 191 37
f 151 154 161
f 97 223 158
f 194 32 197
f 108 156 152
f 152 101 100
f 101 95 103
f 160 157 148
f 161 201 151
f 161 154 41
f 100 108 152
f 107 151 201
f 156 46 198
f 106 157 391
f 157 160 202
f 159 165 158
f 201 161 41
f 105 108 163
f 166 162 197
f 162 166 111
f 112 206 199
f 114 159 225
f 263 264 47
f 118 268 228
f 264 51 47
f 207 114 225
f 118 368 268
f 170 119 51
f 173 168 277
f 174 169 275
f 119 368 118
f 119 170 368
f 54 328 466
f 277 239 173
f 177 211 176
f 178 126 171
f 128 126 340
f 126 178 340
f 124 213 289
f 129 212 127
f 128 240 129
f 340 240 128
f 290 417 216
f 61 292 131
f 182 384 133
f 219 356 65
f 182 133 184
f 243 144 299
f 137 189 186
f 140 188 23
f 87 221 187
f 245 190 81
f 141 189 156
f 137 94 189
f 94 152 189
f 81 190 97
f 189 152 156
f 193 157 106
f 160 148 222
f 223 224 225
f 102 103 95
f 148 157 193
f 222 195 160
f 225 159 223
f 155 156 198
f 149 153 196
f 159 158 223
f 197 162 255
f 195 202 160
f 200 199 196
f 162 258 255
f 100 163 108
f 100 105 163
f 427 157 202
f 153 460 196
f 162 230 258
f 153 228 460
f 165 260 158
f 229 225 261
f 168 202 195
f 200 112 199
f 207 225 229
f 199 206 266
f 167 113 321
f 233 203 316
f 234 233 316
f 51 264 170
f 203 208 226
f 233 208 203
f 204 367 449
f 114 207 171
f 171 207 280
f 172 238 113
f 120 204 449
f 172 429 238
f 120 429 172
f 449 429 120
f 174 275 328
f 277 282 239
f 176 211 279
f 239 332 123
f 127 211 177
f 122 124 286
f 123 334 213
f 127 212 338
f 129 214 212
f 129 240 214
f 215 290 1
f 179 180 403
f 7 5 217
f 6 130 291
f 219 131 356
f 181 220 183
f 72 361 81
f 221 87 149
f 194 299 144
f 148 248 251
f 148 193 248
f 222 148 251
f 299 194 255
f 97 190 223
f 304 149 196
f 194 197 255
f 196 199 318
f 391 157 427
f 196 460 200
f 202 110 427
f 321 197 167
f 262 168 195
f 258 234 316
f 229 231 207
f 203 226 227
f 258 230 234
f 316 203 227
f 226 231 229
f 207 231 232
f 226 232 231
f 226 208 232
f 277 168 270
f 266 206 235
f 206 176 235
f 232 280 207
f 274 280 232
f 236 274 232
f 208 236 232
f 236 208 269
f 208 233 269
f 237 269 233
f 234 237 233
f 230 237 234
f 280 178 171
f 122 237 230
f 326 733 175
f 209 504 370
f 176 279 235
f 54 371 210
f 285 237 122
f 209 397 504
f 280 346 178
f 332 239 333
f 211 127 338
f 346 341 178
f 213 334 289
f 179 403 215
f 180 7 217
f 217 416 180
f 216 417 130
f 131 292 356
f 420 132 64
f 357 65 356
f 184 385 182
f 361 245 81
f 294 244 358
f 294 252 244
f 302 249 246
f 250 249 302
f 246 249 252
f 247 250 302
f 303 247 387
f 310 83 73
f 244 305 245
f 252 305 244
f 249 253 252
f 254 253 249
f 250 254 249
f 256 254 250
f 247 256 250
f 303 256 247
f 362 221 304
f 190 245 305
f 308 256 303
f 221 149 304
f 224 223 190
f 83 257 106
f 225 312 261
f 258 309 255
f 196 318 304
f 106 257 193
f 364 195 222
f 199 319 318
f 317 226 259
f 227 226 317
f 266 319 199
f 259 229 261
f 226 229 259
f 158 260 263
f 165 393 260
f 262 265 168
f 164 391 367
f 164 367 204
f 112 392 169
f 265 270 168
f 170 264 395
f 393 205 325
f 327 324 266
f 267 327 266
f 267 266 235
f 325 205 121
f 169 731 275
f 236 269 271
f 271 269 272
f 237 272 269
f 273 272 237
f 235 279 267
f 170 369 368
f 121 487 325
f 276 271 272
f 281 278 272
f 273 281 272
f 175 733 757
f 277 270 329
f 487 121 210
f 371 487 210
f 274 284 280
f 236 284 274
f 276 236 271
f 285 273 237
f 272 278 276
f 329 282 277
f 285 281 273
f 333 239 282
f 284 346 280
f 236 283 284
f 276 283 236
f 331 330 279
f 211 331 279
f 278 288 276
f 281 335 278
f 335 288 278
f 122 286 285
f 211 338 331
f 276 287 283
f 288 287 276
f 336 286 124
f 124 289 336
f 332 334 123
f 340 178 341
f 348 284 283
f 287 348 283
f 354 287 288
f 403 180 416
f 6 291 5
f 241 218 440
f 64 243 476
f 357 70 65
f 73 70 444
f 385 184 187
f 422 358 425
f 294 358 293
f 293 295 294
f 294 295 301
f 295 296 301
f 301 296 298
f 296 297 298
f 297 387 298
f 302 301 298
f 299 303 387
f 248 300 251
f 246 252 294
f 301 302 246
f 247 302 298
f 387 247 298
f 245 425 244
f 244 425 358
f 301 246 294
f 299 255 303
f 305 252 306
f 252 253 306
f 306 253 307
f 253 254 307
f 307 254 308
f 254 256 308
f 308 303 309
f 303 255 309
f 424 222 251
f 304 318 388
f 190 305 224
f 306 312 305
f 312 224 305
f 313 312 306
f 314 313 306
f 307 314 306
f 315 314 307
f 311 315 307
f 308 311 307
f 309 311 308
f 312 225 224
f 317 314 315
f 311 227 315
f 316 227 311
f 309 316 311
f 258 316 309
f 313 261 312
f 227 317 315
f 259 261 313
f 317 259 314
f 314 259 313
f 193 257 498
f 318 319 363
f 195 365 262
f 364 365 195
f 320 262 365
f 200 460 448
f 427 110 366
f 200 448 112
f 320 265 262
f 319 324 390
f 205 393 165
f 484 111 166
f 266 324 319
f 394 265 322
f 323 270 265
f 323 265 394
f 169 392 731
f 268 368 535
f 465 428 116
f 370 465 116
f 369 170 395
f 267 330 327
f 330 374 327
f 267 279 330
f 282 329 398
f 333 282 398
f 335 281 285
f 331 374 330
f 285 342 335
f 342 285 286
f 332 337 334
f 343 374 331
f 338 343 331
f 212 339 338
f 382 346 284
f 348 382 284
f 336 289 337
f 334 337 289
f 212 344 339
f 212 214 344
f 344 214 345
f 214 240 345
f 345 240 373
f 340 373 240
f 348 287 351
f 354 351 287
f 377 354 288
f 349 377 288
f 335 349 288
f 342 405 335
f 383 338 339
f 344 383 339
f 345 347 344
f 382 341 346
f 353 376 348
f 351 353 348
f 352 345 350
f 351 354 353
f 215 405 290
f 290 405 418
f 290 418 417
f 5 291 217
f 241 440 220
f 356 292 441
f 132 474 292
f 132 420 474
f 357 356 355
f 64 476 420
f 70 357 444
f 242 361 72
f 293 359 295
f 359 386 296
f 296 386 297
f 386 360 297
f 360 445 387
f 296 295 359
f 387 297 360
f 387 478 299
f 300 248 458
f 251 300 446
f 446 424 251
f 361 425 245
f 458 248 498
f 304 388 362
f 364 222 424
f 318 363 426
f 388 318 426
f 83 310 257
f 197 461 166
f 427 366 485
f 461 197 321
f 533 460 228
f 322 265 320
f 392 112 448
f 390 324 730
f 534 264 263
f 428 366 116
f 228 268 533
f 327 730 324
f 462 449 367
f 323 450 270
f 757 397 175
f 270 450 329
f 374 372 327
f 329 450 398
f 333 399 332
f 332 375 337
f 399 375 332
f 375 336 337
f 343 338 383
f 345 352 347
f 373 350 345
f 340 380 373
f 349 335 403
f 336 401 286
f 343 412 374
f 347 378 344
f 381 350 373
f 380 381 373
f 341 380 340
f 401 342 286
f 375 401 336
f 402 401 375
f 402 375 400
f 347 352 378
f 348 376 382
f 405 403 335
f 342 406 405
f 374 412 413
f 354 376 353
f 374 413 437
f 352 350 379
f 381 379 350
f 341 382 380
f 376 404 382
f 354 404 376
f 415 383 344
f 378 415 344
f 379 378 352
f 381 380 379
f 377 404 354
f 405 215 403
f 407 378 379
f 380 407 379
f 383 412 343
f 218 384 440
f 292 474 441
f 476 243 299
f 478 476 299
f 293 571 359
f 359 571 781
f 386 359 781
f 187 221 385
f 444 310 73
f 447 364 424
f 248 193 498
f 426 363 389
f 364 480 365
f 389 363 319
f 461 484 166
f 260 534 263
f 486 730 327
f 396 486 327
f 327 372 396
f 398 399 333
f 375 399 400
f 372 374 437
f 342 401 406
f 433 401 402
f 433 406 401
f 380 382 408
f 409 408 382
f 404 409 382
f 434 410 404
f 377 434 404
f 435 434 377
f 349 435 377
f 380 411 407
f 408 411 380
f 415 378 407
f 383 414 412
f 416 217 419
f 291 419 217
f 418 419 417
f 417 419 130
f 419 291 130
f 356 441 355
f 182 442 384
f 358 421 293
f 445 360 694
f 446 423 424
f 388 697 362
f 310 459 257
f 447 480 364
f 498 257 459
f 319 390 389
f 427 500 391
f 427 485 500
f 367 391 657
f 264 578 395
f 323 463 450
f 328 275 708
f 463 541 450
f 328 708 466
f 450 431 398
f 399 398 430
f 431 430 398
f 399 430 808
f 808 400 399
f 432 402 400
f 402 453 433
f 432 453 402
f 349 451 435
f 403 452 349
f 349 452 451
f 452 403 416
f 418 405 454
f 405 406 454
f 406 433 454
f 436 408 409
f 452 416 419
f 407 455 415
f 411 455 407
f 411 456 455
f 456 411 408
f 436 456 408
f 404 470 409
f 410 470 404
f 438 437 413
f 438 412 457
f 414 383 415
f 412 438 413
f 457 412 414
f 439 414 415
f 384 525 440
f 220 440 524
f 182 385 442
f 242 183 443
f 242 443 361
f 358 422 421
f 458 695 300
f 424 423 447
f 497 385 221
f 497 221 362
f 792 392 448
f 322 707 394
f 674 535 368
f 369 674 368
f 802 465 370
f 370 504 802
f 54 466 734
f 371 54 734
f 808 711 400
f 400 711 432
f 433 467 454
f 433 453 467
f 434 490 410
f 435 491 434
f 451 511 435
f 452 419 488
f 456 436 512
f 436 409 601
f 603 437 438
f 415 455 559
f 418 494 419
f 494 521 419
f 568 438 457
f 384 442 525
f 420 626 474
f 476 630 420
f 183 526 443
f 361 443 527
f 293 421 571
f 387 445 694
f 387 694 478
f 529 425 361
f 426 645 927
f 927 388 426
f 499 365 480
f 499 575 365
f 365 575 320
f 448 460 483
f 461 654 484
f 657 391 500
f 461 321 577
f 366 428 658
f 113 666 321
f 264 534 578
f 675 666 113
f 395 578 536
f 238 675 113
f 730 486 464
f 538 429 449
f 538 449 462
f 509 372 437
f 434 491 490
f 435 489 491
f 435 511 489
f 455 493 492
f 456 493 455
f 456 512 468
f 410 490 470
f 469 418 454
f 467 469 454
f 455 492 559
f 456 468 493
f 521 488 419
f 418 469 494
f 472 603 438
f 496 439 559
f 559 439 415
f 473 601 409
f 409 470 471
f 471 470 569
f 473 409 471
f 568 472 438
f 617 439 496
f 524 526 220
f 183 220 526
f 357 355 475
f 420 630 626
f 632 357 475
f 632 444 357
f 477 444 632
f 360 386 781
f 360 781 694
f 361 527 529
f 422 425 479
f 385 497 528
f 444 643 310
f 388 927 697
f 531 310 643
f 310 531 459
f 426 389 645
f 498 459 481
f 459 482 481
f 389 390 701
f 485 482 500
f 320 575 955
f 260 532 534
f 654 461 577
f 366 658 485
f 320 955 322
f 393 325 502
f 268 535 533
f 533 535 659
f 323 707 463
f 394 707 323
f 395 536 369
f 238 503 675
f 238 429 503
f 397 757 504
f 463 676 541
f 396 372 758
f 450 541 431
f 372 509 758
f 430 431 761
f 453 432 682
f 452 488 451
f 467 453 600
f 436 513 512
f 436 601 513
f 519 493 468
f 490 566 470
f 566 495 470
f 569 470 495
f 521 494 522
f 691 457 414
f 414 439 617
f 523 617 496
f 441 474 624
f 441 624 355
f 638 630 476
f 476 478 638
f 637 478 694
f 446 300 782
f 423 446 782
f 422 479 572
f 530 478 637
f 458 498 721
f 459 531 482
f 531 500 482
f 460 576 483
f 460 533 576
f 260 393 532
f 321 666 577
f 955 707 322
f 728 111 484
f 657 462 367
f 111 728 326
f 463 707 706
f 708 275 731
f 487 537 325
f 505 543 507
f 505 508 506
f 808 430 854
f 505 507 508
f 546 551 507
f 552 506 508
f 508 507 551
f 451 597 510
f 488 597 451
f 682 600 453
f 437 603 509
f 451 510 511
f 558 511 510
f 514 513 601
f 511 560 489
f 558 560 511
f 559 492 516
f 492 493 516
f 517 468 512
f 513 515 512
f 513 601 515
f 560 613 489
f 558 518 560
f 521 562 488
f 493 519 564
f 519 468 517
f 517 512 515
f 601 473 515
f 520 490 491
f 613 491 489
f 521 518 562
f 469 614 494
f 559 565 496
f 522 518 521
f 522 494 685
f 567 522 685
f 457 690 568
f 474 570 624
f 570 474 626
f 526 621 443
f 527 443 621
f 638 478 530
f 422 572 421
f 447 423 746
f 479 425 529
f 637 646 530
f 477 643 444
f 746 749 447
f 749 480 447
f 721 498 481
f 698 480 749
f 500 531 657
f 482 485 481
f 484 574 501
f 574 484 654
f 484 501 728
f 325 537 502
f 326 728 800
f 706 676 463
f 503 429 538
f 536 674 369
f 676 589 541
f 677 539 587
f 540 539 897
f 539 540 544
f 505 710 543
f 505 542 710
f 505 506 542
f 542 506 540
f 506 544 540
f 544 545 539
f 543 762 507
f 544 506 552
f 587 539 545
f 593 587 545
f 544 552 545
f 546 507 762
f 555 545 552
f 549 510 547
f 597 547 510
f 597 488 680
f 593 545 602
f 593 514 595
f 514 601 681
f 548 598 553
f 554 549 550
f 510 549 554
f 712 551 546
f 508 551 612
f 737 508 612
f 602 545 555
f 556 593 602
f 514 593 556
f 513 514 556
f 554 550 607
f 510 554 557
f 557 554 607
f 558 510 557
f 712 608 551
f 556 606 513
f 513 606 601
f 607 548 610
f 550 548 607
f 516 493 564
f 548 553 609
f 610 548 609
f 518 558 562
f 558 561 562
f 516 565 559
f 822 517 515
f 613 520 491
f 560 518 613
f 614 685 494
f 563 603 472
f 564 565 516
f 515 473 741
f 520 566 490
f 568 615 472
f 741 473 471
f 496 565 523
f 689 523 565
f 569 720 471
f 691 690 457
f 692 617 618
f 523 618 617
f 619 440 525
f 524 440 619
f 628 355 624
f 525 442 620
f 526 524 621
f 620 442 625
f 628 475 355
f 442 385 631
f 442 631 625
f 385 528 631
f 300 695 782
f 695 458 721
f 528 497 641
f 648 529 527
f 529 648 479
f 640 497 697
f 497 362 697
f 497 640 641
f 530 646 638
f 573 642 646
f 698 499 480
f 574 654 573
f 485 658 481
f 483 791 448
f 656 532 655
f 532 656 534
f 659 576 533
f 534 656 578
f 657 663 462
f 660 727 590
f 670 703 665
f 590 727 669
f 538 462 663
f 582 671 584
f 590 669 579
f 661 660 590
f 580 661 590
f 664 661 580
f 588 664 580
f 670 665 581
f 581 665 588
f 893 584 671
f 800 733 326
f 503 673 675
f 538 673 503
f 579 582 585
f 584 893 677
f 585 582 584
f 581 588 935
f 897 539 677
f 587 584 677
f 586 579 585
f 585 584 587
f 590 579 586
f 580 590 592
f 588 580 592
f 678 588 679
f 678 935 588
f 542 901 710
f 585 587 593
f 590 586 591
f 679 588 592
f 594 543 760
f 592 590 591
f 854 430 761
f 762 543 594
f 591 586 598
f 596 592 547
f 585 593 595
f 681 585 595
f 586 585 681
f 592 591 547
f 547 591 599
f 680 596 597
f 591 598 599
f 597 596 547
f 599 598 548
f 550 599 548
f 549 599 550
f 547 599 549
f 681 595 514
f 553 598 683
f 606 681 601
f 604 608 712
f 605 604 712
f 508 768 552
f 768 555 552
f 607 611 557
f 557 561 558
f 603 563 764
f 608 604 563
f 551 608 612
f 737 768 508
f 602 555 684
f 606 556 687
f 686 608 563
f 684 555 715
f 611 607 610
f 472 686 563
f 565 564 688
f 718 613 518
f 686 472 615
f 519 517 717
f 822 719 517
f 568 813 615
f 813 568 690
f 741 471 720
f 522 616 518
f 522 567 616
f 689 618 523
f 617 691 414
f 617 692 691
f 525 620 619
f 620 622 619
f 619 622 524
f 622 621 524
f 629 620 625
f 622 620 629
f 623 570 626
f 624 570 623
f 628 624 627
f 621 622 629
f 624 623 627
f 633 621 629
f 623 626 630
f 475 628 632
f 625 631 629
f 527 621 633
f 632 628 634
f 629 631 636
f 634 628 627
f 527 633 635
f 638 623 630
f 632 634 477
f 629 636 699
f 636 528 641
f 631 528 636
f 781 571 923
f 423 782 1020
f 572 479 723
f 527 635 648
f 696 639 627
f 634 627 639
f 477 634 643
f 638 646 642
f 623 638 642
f 648 647 479
f 479 647 723
f 641 640 644
f 647 648 651
f 722 646 637
f 640 649 644
f 636 641 644
f 643 634 639
f 650 647 651
f 722 573 646
f 652 648 635
f 651 648 652
f 643 639 531
f 644 649 483
f 636 644 576
f 699 636 576
f 655 651 652
f 651 655 650
f 573 722 574
f 573 654 642
f 653 642 654
f 639 700 657
f 639 657 531
f 722 501 574
f 673 642 653
f 649 791 483
f 576 644 483
f 635 667 652
f 655 652 656
f 655 502 650
f 655 532 502
f 532 393 502
f 654 577 653
f 791 792 448
f 699 576 672
f 656 652 667
f 663 700 673
f 657 700 663
f 656 667 578
f 726 727 660
f 666 653 577
f 672 576 659
f 673 653 666
f 665 662 664
f 670 705 703
f 668 842 671
f 582 668 671
f 582 669 668
f 588 665 664
f 535 672 659
f 669 582 579
f 675 673 666
f 674 672 535
f 667 672 536
f 578 667 536
f 671 842 893
f 705 670 583
f 583 670 581
f 538 663 673
f 536 672 674
f 371 734 803
f 677 893 897
f 805 583 581
f 466 803 734
f 805 581 935
f 710 760 543
f 758 509 1136
f 679 592 596
f 678 679 680
f 596 680 679
f 1136 509 1174
f 586 681 683
f 683 598 586
f 680 488 856
f 488 562 765
f 604 963 563
f 553 683 609
f 563 963 764
f 556 602 684
f 687 681 606
f 687 556 684
f 689 565 688
f 822 515 741
f 613 742 520
f 717 517 719
f 742 566 520
f 564 519 717
f 518 616 718
f 566 778 495
f 689 776 618
f 685 820 567
f 567 820 616
f 745 720 569
f 693 692 618
f 633 629 699
f 571 421 923
f 696 627 623
f 635 633 699
f 696 623 642
f 640 697 747
f 696 700 639
f 647 650 723
f 696 642 673
f 635 699 672
f 635 672 667
f 700 696 673
f 481 658 789
f 887 728 501
f 726 754 727
f 664 702 661
f 662 702 664
f 727 704 669
f 668 704 729
f 669 704 668
f 583 899 705
f 396 732 486
f 799 537 487
f 583 805 899
f 708 801 466
f 371 803 487
f 757 850 504
f 396 758 732
f 805 935 709
f 1045 540 897
f 763 546 762
f 603 1063 509
f 603 1050 1063
f 763 712 546
f 681 767 683
f 765 856 488
f 603 764 1050
f 614 469 713
f 735 765 562
f 681 687 767
f 555 768 715
f 608 686 770
f 737 612 771
f 769 768 737
f 609 740 610
f 557 611 714
f 738 557 714
f 561 557 738
f 739 684 715
f 615 770 686
f 689 688 776
f 716 688 564
f 564 717 716
f 770 615 813
f 718 616 775
f 616 743 775
f 690 691 823
f 569 495 779
f 616 820 780
f 777 693 776
f 776 693 618
f 745 569 779
f 616 780 743
f 695 830 782
f 721 481 789
f 749 750 698
f 750 724 698
f 747 649 640
f 753 499 698
f 725 752 754
f 725 754 726
f 499 753 575
f 390 730 1189
f 754 704 727
f 660 661 702
f 662 665 837
f 837 665 841
f 665 703 841
f 658 428 889
f 798 392 792
f 793 502 537
f 668 755 842
f 668 933 755
f 798 731 392
f 537 799 793
f 708 731 801
f 487 803 799
f 504 850 802
f 466 801 803
f 710 901 759
f 854 1082 808
f 1174 509 903
f 509 1063 903
f 857 856 765
f 469 467 1023
f 962 1023 467
f 600 962 467
f 857 765 766
f 683 767 812
f 766 685 614
f 683 812 609
f 562 561 735
f 735 561 738
f 736 612 608
f 769 715 768
f 859 715 769
f 769 737 771
f 816 767 687
f 815 609 812
f 609 815 740
f 611 610 740
f 714 611 773
f 685 766 860
f 773 611 740
f 685 860 820
f 776 688 817
f 817 688 716
f 613 774 742
f 775 774 613
f 718 775 613
f 566 864 778
f 742 864 566
f 823 813 690
f 743 819 775
f 495 778 779
f 744 693 777
f 693 868 692
f 781 923 1090
f 694 875 637
f 572 723 748
f 748 723 788
f 650 788 723
f 389 1095 645
f 747 791 649
f 698 724 929
f 884 752 725
f 884 725 751
f 930 751 725
f 726 930 725
f 650 502 788
f 722 787 887
f 501 722 887
f 789 658 889
f 753 836 575
f 726 660 930
f 660 702 930
f 575 836 955
f 793 788 502
f 662 795 702
f 662 837 795
f 703 705 835
f 668 729 933
f 486 756 464
f 732 756 486
f 731 798 801
f 935 678 982
f 958 431 541
f 958 761 431
f 809 711 808
f 711 937 939
f 432 939 682
f 711 939 432
f 712 1049 605
f 469 1023 713
f 614 906 857
f 614 857 766
f 614 713 906
f 735 811 765
f 766 765 811
f 812 767 944
f 859 772 715
f 608 770 736
f 739 715 772
f 687 684 739
f 816 687 739
f 775 819 774
f 774 864 742
f 821 716 717
f 909 780 820
f 780 869 743
f 870 868 693
f 572 998 421
f 784 998 748
f 748 998 572
f 875 833 637
f 833 787 637
f 830 695 721
f 748 785 784
f 637 787 722
f 832 831 786
f 783 786 831
f 784 785 783
f 832 790 747
f 786 790 832
f 783 785 786
f 748 788 785
f 928 750 749
f 834 750 928
f 750 834 724
f 747 790 791
f 788 793 785
f 790 796 791
f 796 790 786
f 785 804 786
f 804 796 786
f 793 804 785
f 841 703 835
f 792 791 796
f 702 794 930
f 702 795 794
f 838 794 795
f 798 792 796
f 835 705 844
f 801 798 796
f 793 799 804
f 707 1021 706
f 730 464 797
f 705 899 894
f 804 801 796
f 804 803 801
f 799 803 804
f 956 589 676
f 1045 542 540
f 852 807 806
f 806 855 853
f 938 806 807
f 806 938 855
f 678 680 1126
f 938 959 855
f 810 855 959
f 811 860 766
f 812 814 815
f 735 738 858
f 772 859 991
f 767 816 944
f 738 714 858
f 736 770 813
f 612 736 771
f 771 861 769
f 820 860 942
f 815 908 740
f 740 908 773
f 862 736 813
f 945 816 739
f 716 863 817
f 862 813 823
f 817 777 776
f 777 817 863
f 778 864 867
f 819 818 774
f 741 910 822
f 910 741 720
f 778 867 779
f 819 743 818
f 743 869 818
f 744 777 866
f 691 692 824
f 825 824 692
f 827 910 720
f 745 779 826
f 780 909 869
f 693 744 828
f 827 720 871
f 745 826 720
f 828 870 693
f 826 871 720
f 998 784 829
f 783 831 829
f 784 783 829
f 721 883 830
f 926 747 697
f 697 927 926
f 883 721 789
f 885 787 833
f 698 929 1032
f 698 1032 753
f 885 887 787
f 390 1189 701
f 752 888 754
f 930 891 1000
f 754 888 931
f 930 794 891
f 754 931 704
f 838 795 839
f 839 795 837
f 840 837 841
f 840 839 837
f 755 933 1061
f 704 931 729
f 838 847 794
f 846 843 840
f 845 838 839
f 840 845 839
f 841 846 840
f 835 846 841
f 844 846 835
f 728 887 800
f 889 428 892
f 794 847 891
f 838 845 847
f 843 845 840
f 844 894 846
f 844 705 894
f 428 465 892
f 465 896 892
f 1199 756 732
f 843 978 845
f 800 848 733
f 732 758 1199
f 850 896 802
f 896 465 802
f 805 900 899
f 757 733 848
f 757 848 850
f 851 852 849
f 1042 1045 897
f 1159 709 935
f 849 806 853
f 852 806 849
f 710 759 902
f 710 902 760
f 809 937 711
f 855 810 853
f 810 959 961
f 682 904 600
f 713 1064 906
f 859 769 861
f 990 858 714
f 771 736 862
f 739 772 969
f 773 907 714
f 990 714 907
f 861 771 943
f 773 946 907
f 945 944 816
f 970 815 814
f 773 908 946
f 863 866 777
f 716 821 863
f 821 913 863
f 865 862 823
f 818 911 774
f 719 912 717
f 912 821 717
f 822 912 719
f 910 912 822
f 774 911 864
f 823 691 865
f 691 824 865
f 869 909 949
f 744 866 828
f 948 910 827
f 826 779 867
f 818 869 874
f 868 825 692
f 871 916 827
f 872 871 826
f 918 872 826
f 872 918 921
f 918 873 921
f 874 921 873
f 871 922 916
f 872 919 871
f 421 998 1168
f 694 781 875
f 833 875 877
f 877 875 876
f 877 876 879
f 876 878 879
f 878 880 879
f 830 880 782
f 880 999 782
f 890 885 877
f 746 423 1020
f 831 882 829
f 877 885 833
f 879 890 877
f 880 883 879
f 882 831 832
f 883 886 879
f 830 883 880
f 886 890 879
f 746 928 749
f 883 789 886
f 834 929 724
f 1034 954 752
f 884 1034 752
f 977 752 954
f 389 701 1095
f 789 889 886
f 889 892 886
f 848 885 890
f 848 887 885
f 886 896 890
f 892 896 886
f 955 1021 707
f 842 1061 1038
f 1061 842 755
f 932 891 849
f 800 887 848
f 893 842 1038
f 891 847 851
f 851 849 891
f 890 896 848
f 934 846 894
f 676 706 956
f 893 1038 897
f 845 895 847
f 978 895 845
f 843 898 978
f 843 934 898
f 846 934 843
f 896 850 848
f 851 847 1002
f 956 980 589
f 849 853 957
f 851 1002 807
f 851 807 852
f 853 1007 957
f 760 936 594
f 853 810 1007
f 682 939 1009
f 1007 810 985
f 682 1009 904
f 712 763 1049
f 857 905 856
f 904 962 600
f 604 605 1268
f 857 906 905
f 735 858 811
f 858 860 811
f 860 858 942
f 814 812 944
f 861 968 859
f 943 771 862
f 820 942 909
f 865 943 862
f 945 739 969
f 913 866 863
f 910 913 912
f 867 864 915
f 911 915 864
f 912 913 821
f 910 948 913
f 915 914 867
f 867 914 826
f 874 873 818
f 818 873 911
f 828 866 917
f 828 917 916
f 948 827 917
f 826 914 918
f 914 915 918
f 918 915 873
f 975 825 868
f 870 975 868
f 827 916 917
f 949 874 869
f 916 950 828
f 922 950 916
f 922 871 919
f 919 872 920
f 920 872 921
f 921 874 949
f 919 920 922
f 952 920 921
f 949 952 921
f 875 781 953
f 876 875 953
f 876 953 924
f 878 876 924
f 925 878 924
f 880 878 925
f 880 925 999
f 829 882 881
f 747 926 832
f 701 1656 1095
f 1036 752 977
f 888 752 1036
f 1000 751 930
f 1075 729 931
f 899 979 894
f 932 849 1001
f 1002 847 895
f 900 979 899
f 898 1041 978
f 849 957 1001
f 900 805 1043
f 805 709 1043
f 589 1004 541
f 1004 958 541
f 982 678 1171
f 678 1126 1171
f 856 905 1247
f 764 1249 1050
f 810 961 985
f 1064 1010 906
f 764 963 1249
f 941 985 961
f 990 942 858
f 991 859 968
f 946 1070 907
f 814 944 994
f 967 861 943
f 968 861 967
f 909 942 966
f 814 994 970
f 943 865 993
f 947 815 972
f 908 815 947
f 946 908 947
f 815 970 972
f 913 917 866
f 948 917 913
f 915 911 873
f 870 828 950
f 922 951 950
f 922 920 951
f 952 997 920
f 829 881 1168
f 998 829 1168
f 832 926 882
f 645 1095 1178
f 929 834 1032
f 751 1034 884
f 1000 891 932
f 836 1037 955
f 1039 897 1038
f 897 1039 1042
f 1002 981 807
f 807 981 1046
f 760 902 936
f 807 1046 938
f 761 958 854
f 808 1082 809
f 959 938 960
f 961 959 960
f 1007 985 1011
f 905 906 1010
f 604 1268 963
f 713 1117 1064
f 1117 713 940
f 713 1023 984
f 984 940 713
f 965 942 990
f 965 966 942
f 993 967 943
f 772 992 969
f 945 1014 944
f 909 966 971
f 1014 945 969
f 971 949 909
f 865 824 993
f 993 824 973
f 995 973 824
f 974 995 824
f 824 1019 974
f 1060 824 825
f 870 1018 975
f 950 1018 870
f 1018 950 951
f 824 1060 1019
f 920 997 951
f 952 1089 997
f 952 1073 1089
f 949 1073 952
f 925 924 1311
f 976 925 1311
f 782 999 1020
f 926 1206 882
f 928 1032 834
f 954 1034 1094
f 1034 751 1000
f 931 888 1036
f 1000 932 1001
f 933 729 1221
f 729 1075 1221
f 894 1003 1123
f 934 1123 898
f 1043 709 1044
f 709 1159 1044
f 980 1004 589
f 982 1159 935
f 1004 1006 958
f 936 762 594
f 938 1046 960
f 983 1009 939
f 941 961 960
f 1024 986 964
f 964 986 1101
f 964 987 1025
f 1101 987 964
f 988 987 989
f 1053 989 1012
f 987 1012 989
f 1013 989 990
f 989 1053 990
f 990 907 1013
f 1053 965 990
f 946 1087 1070
f 965 1026 966
f 966 1026 971
f 772 991 992
f 991 968 992
f 1014 994 944
f 1027 946 947
f 1017 970 994
f 972 970 1017
f 972 1017 1015
f 947 972 1015
f 974 996 995
f 825 975 1120
f 1060 825 1120
f 951 1059 1018
f 996 974 1031
f 1019 1031 974
f 882 1206 1106
f 977 1033 1036
f 1096 836 753
f 1034 1000 1035
f 1000 1001 1035
f 730 797 1189
f 1002 895 1062
f 894 979 1003
f 934 894 1123
f 1002 1062 981
f 957 1005 1040
f 758 1136 1160
f 957 1007 1005
f 1004 980 1081
f 854 958 1022
f 854 1022 1082
f 1008 937 809
f 939 937 983
f 1008 983 937
f 1321 1126 680
f 856 1321 680
f 1048 1009 983
f 856 1247 1321
f 1011 1083 1007
f 904 1184 962
f 904 1127 1149
f 1009 1127 904
f 1010 1024 1115
f 941 1011 985
f 1025 987 988
f 946 1027 1087
f 993 1028 967
f 992 968 967
f 1014 1017 994
f 1027 947 1015
f 949 971 1054
f 973 995 1029
f 949 1054 1058
f 1120 975 1018
f 421 1168 923
f 999 925 976
f 746 1107 928
f 1032 928 1107
f 1033 977 954
f 1033 1144 1036
f 955 1037 1021
f 1062 895 1077
f 895 978 1077
f 1040 1001 957
f 898 1123 1041
f 1199 758 1160
f 956 1098 980
f 542 1246 901
f 1081 1006 1004
f 958 1006 1022
f 1171 1126 1364
f 1007 1083 1005
f 762 1173 763
f 1009 1048 1127
f 605 1305 1268
f 605 1049 1305
f 905 1010 1115
f 1051 1024 1010
f 1051 986 1024
f 907 1070 1138
f 1071 1087 1027
f 1026 1071 971
f 1071 1027 971
f 971 1027 1054
f 1028 993 973
f 1055 967 1028
f 992 967 1055
f 1014 969 1016
f 1014 1016 1102
f 1017 1014 1102
f 1015 1017 1056
f 1015 1056 1027
f 1057 1028 973
f 995 996 1029
f 973 1029 1074
f 949 1058 1030
f 1018 1059 1120
f 949 1030 1073
f 951 997 1104
f 1029 996 1105
f 996 1031 1105
f 1020 1169 1121
f 882 1106 881
f 927 645 1251
f 1032 1107 1092
f 931 1036 1075
f 933 1132 1061
f 1039 1038 1076
f 756 1199 1078
f 1045 1246 542
f 981 1099 1046
f 936 1173 762
f 1047 983 1008
f 983 1047 1048
f 1023 962 1116
f 904 1149 1184
f 1011 1085 1083
f 1010 1064 1051
f 1024 964 1137
f 1065 1011 941
f 1137 964 1025
f 941 1052 1065
f 1101 1012 987
f 1138 1013 907
f 965 1069 1026
f 1166 1071 1154
f 1026 1154 1071
f 1088 1054 1027
f 992 1016 969
f 1102 1056 1017
f 1058 1054 1088
f 1055 1028 1072
f 992 1055 1016
f 973 1074 1057
f 1104 1059 951
f 997 1089 1104
f 1074 1029 1105
f 1141 746 1020
f 746 1141 1107
f 926 927 1185
f 1038 1061 1076
f 978 1041 1077
f 1021 1191 706
f 464 1078 797
f 464 756 1078
f 956 706 1098
f 759 1148 1135
f 1135 902 759
f 1084 809 1082
f 1008 809 1112
f 1127 1114 1149
f 986 1051 1152
f 1065 1085 1011
f 1067 1068 1065
f 1065 1052 1067
f 1066 989 1013
f 1138 1066 1013
f 1053 1069 965
f 1057 1072 1028
f 1031 1326 1105
f 1031 1019 1326
f 1090 923 1289
f 924 953 1167
f 954 1094 1131
f 1001 1109 1035
f 1109 1001 1040
f 1061 1132 1122
f 981 1062 1080
f 1191 1098 706
f 1076 1079 1039
f 1039 1079 1042
f 1099 981 1080
f 1098 1081 980
f 901 1148 759
f 982 1280 1159
f 1111 1084 1082
f 1084 1112 809
f 1048 1047 1113
f 1149 1100 1184
f 1083 1085 1162
f 1024 1165 1115
f 1024 1137 1165
f 984 1128 940
f 1128 984 1086
f 1152 1101 986
f 1137 1025 988
f 1065 1068 1129
f 1085 1065 1129
f 989 1130 988
f 1130 989 1066
f 1154 1026 1069
f 1027 1056 1155
f 1088 1027 1216
f 1074 1105 1140
f 1090 1157 781
f 1121 1141 1020
f 927 1251 1185
f 1092 1107 1091
f 1032 1092 1093
f 1108 753 1032
f 753 1108 1096
f 1034 1035 1094
f 1144 1097 1036
f 1122 1076 1061
f 1037 1146 1021
f 1021 1146 1191
f 1181 1045 1042
f 1081 1110 1006
f 1082 1022 1111
f 1006 1111 1022
f 1163 941 960
f 1116 984 1023
f 1086 984 1116
f 1163 1052 941
f 1012 1118 1053
f 1118 1069 1053
f 1070 1203 1138
f 1139 1070 1087
f 1087 1071 1139
f 1056 1102 1155
f 1059 1103 1120
f 1060 1120 1177
f 1059 1104 1103
f 1177 1019 1060
f 881 1106 1168
f 1096 1143 836
f 1075 1036 1097
f 1191 1134 1098
f 797 1207 1314
f 797 1078 1207
f 1124 1098 1134
f 1124 1110 1098
f 1098 1110 1081
f 982 1317 1280
f 1317 982 1363
f 1161 1005 1083
f 1110 1172 1006
f 1111 1006 1172
f 1184 1100 1236
f 1127 1048 1194
f 988 1130 1137
f 1012 1101 1152
f 1068 1067 1153
f 1139 1071 1166
f 1027 1155 1286
f 1027 1286 1216
f 1073 1030 1219
f 1074 1140 1220
f 1105 1326 1140
f 1020 999 1169
f 926 1185 1206
f 645 1178 1251
f 954 1197 1033
f 1131 1197 954
f 1032 1093 1108
f 1108 1143 1096
f 1094 1035 1109
f 836 1143 1037
f 1075 1145 1221
f 1109 1040 1192
f 1076 1122 1190
f 1077 1133 1062
f 1133 1080 1062
f 1190 1079 1076
f 1041 1123 1233
f 1123 1180 1233
f 1042 1079 1181
f 900 1043 1209
f 901 1266 1148
f 1084 1125 1112
f 1008 1112 1435
f 1046 1163 960
f 1050 1249 1063
f 1064 1151 1051
f 1064 1117 1151
f 1195 1117 940
f 1052 1163 1175
f 1250 1067 1052
f 1152 1118 1012
f 1070 1139 1203
f 1089 1073 1218
f 1019 1472 1326
f 923 1310 1289
f 1107 1229 1091
f 1093 1092 1091
f 1033 1197 1187
f 1033 1187 1144
f 1189 797 1314
f 1110 1124 1158
f 901 1246 1266
f 1125 1408 1112
f 1100 1164 1236
f 1258 1164 1100
f 1063 1453 1182
f 1249 1453 1063
f 962 1184 1116
f 1100 1149 1258
f 1049 1150 1305
f 905 1115 1183
f 1051 1151 1201
f 1051 1201 1152
f 1130 1066 1138
f 1016 1055 1119
f 1102 1016 1119
f 1155 1102 1271
f 1058 1156 1030
f 953 781 1167
f 1141 1229 1107
f 1229 1093 1091
f 1142 1131 1094
f 1093 1242 1108
f 933 1221 1132
f 1265 1079 1190
f 1079 1265 1181
f 1124 1134 1147
f 1147 1158 1124
f 1159 1210 1044
f 1045 1181 1246
f 1235 1046 1099
f 1434 1008 1435
f 1046 1235 1163
f 763 1173 1386
f 1386 1049 763
f 1117 1195 1151
f 940 1213 1195
f 1128 1213 940
f 1068 1214 1129
f 1130 1138 1203
f 1156 1058 1088
f 1030 1156 1205
f 1120 1288 1177
f 1157 1167 781
f 923 1168 1310
f 1106 1263 1168
f 1095 1656 1178
f 1142 1094 1109
f 1143 1170 1037
f 1170 1179 1037
f 1232 1075 1097
f 1208 979 900
f 1005 1192 1040
f 1133 1198 1080
f 1080 1225 1099
f 1210 1043 1044
f 1135 1148 1211
f 1193 1005 1161
f 1110 1402 1172
f 1364 1126 1321
f 1063 1182 903
f 1183 1115 1237
f 1115 1165 1237
f 1139 1166 1215
f 1102 1119 1367
f 1072 1057 1413
f 999 976 1169
f 1290 1121 1169
f 1121 1290 1141
f 1263 1106 1228
f 1106 1206 1228
f 1229 1186 1093
f 1144 1243 1097
f 1179 1170 1188
f 1075 1232 1145
f 1179 1146 1037
f 1041 1233 1077
f 1146 1313 1191
f 1003 1208 1224
f 979 1208 1003
f 900 1209 1208
f 1209 1043 1210
f 1158 1379 1110
f 1235 1099 1225
f 1160 1136 1473
f 982 1171 1363
f 1162 1161 1083
f 1171 1364 1282
f 1125 1718 1408
f 1435 1112 1408
f 1202 1213 1128
f 1085 1129 1239
f 1204 1215 1166
f 1176 1166 1154
f 1216 1156 1088
f 1218 1217 1089
f 1177 1472 1019
f 1311 924 1167
f 1093 1186 1242
f 1244 1131 1142
f 1144 1187 1243
f 1143 1108 1170
f 1142 1109 1230
f 1254 1179 1188
f 1230 1109 1192
f 1003 1295 1123
f 1003 1224 1295
f 1199 1160 1473
f 1192 1005 1193
f 1080 1198 1225
f 1159 1280 1210
f 902 1135 1319
f 902 1319 936
f 1127 1409 1114
f 1162 1085 1239
f 1226 1152 1201
f 1239 1129 1227
f 1130 1324 1137
f 1227 1129 1214
f 1068 1153 1214
f 1154 1069 1241
f 1154 1241 1176
f 1204 1166 1176
f 1205 1219 1030
f 1103 1196 1120
f 1090 1289 1157
f 1291 1141 1290
f 1206 1369 1228
f 1252 1186 1229
f 1108 1242 1170
f 701 1189 1464
f 1230 1192 1255
f 1158 1147 1332
f 1318 1379 1158
f 1320 1084 1111
f 1365 1149 1114
f 1200 1149 1365
f 1212 1086 1116
f 1203 1324 1130
f 1215 1176 1204
f 1204 1176 1215
f 1072 1413 1055
f 1156 1241 1205
f 1104 1196 1103
f 1074 1220 1287
f 1141 1291 1229
f 1187 1197 1243
f 1244 1253 1131
f 701 1736 1656
f 1230 1244 1142
f 701 1464 1736
f 1097 1373 1232
f 1077 1233 1133
f 1123 1295 1180
f 1134 1332 1147
f 1158 1332 1318
f 1473 1136 1452
f 1136 1174 1452
f 1163 1235 1257
f 1116 1184 1259
f 1149 1200 1258
f 1128 1086 1260
f 1250 1153 1067
f 1155 1271 1286
f 1156 1216 1204
f 1287 1057 1074
f 1206 1185 1349
f 1179 1328 1146
f 1146 1328 1313
f 1255 1192 1278
f 1078 1223 1207
f 1078 1199 1399
f 1278 1192 1193
f 1399 1199 1473
f 1111 1172 1320
f 1047 1424 1468
f 1424 1047 1008
f 1174 903 1452
f 905 1183 1247
f 1212 1260 1086
f 1195 1213 1248
f 1137 1366 1165
f 1324 1366 1137
f 1052 1175 1250
f 1216 1215 1204
f 1055 1346 1119
f 1057 1287 1413
f 1197 1131 1253
f 1242 1231 1170
f 1231 1188 1170
f 1191 1293 1134
f 1133 1222 1198
f 1319 1173 936
f 1363 1171 1282
f 1127 1194 1409
f 1049 1386 1150
f 1116 1259 1212
f 1151 1248 1201
f 1248 1151 1195
f 1248 1213 1238
f 1283 1162 1239
f 1238 1213 1202
f 1128 1260 1202
f 1203 1139 1215
f 1156 1204 1241
f 1089 1217 1104
f 1242 1186 1252
f 1253 1337 1197
f 1230 1255 1264
f 1188 1416 1254
f 1190 1122 1292
f 1233 1274 1133
f 1134 1293 1304
f 1134 1304 1332
f 1208 1209 1245
f 1209 1210 1296
f 1210 1280 1296
f 1181 1279 1246
f 1110 1379 1402
f 1402 1581 1172
f 1172 1581 1320
f 1125 1743 1718
f 1008 1434 1424
f 1162 1283 1161
f 1184 1236 1259
f 1257 1175 1163
f 1240 1239 1227
f 1240 1227 1214
f 1214 1153 1250
f 1240 1214 1250
f 1203 1215 1324
f 1069 1118 1241
f 1140 1302 1220
f 1251 1178 1462
f 1243 1373 1097
f 1189 1314 1464
f 1274 1222 1133
f 1181 1265 1234
f 1198 1222 1256
f 1245 1276 1224
f 1224 1208 1245
f 1246 1279 1546
f 1249 963 1269
f 1202 1260 1238
f 1261 1239 1240
f 1262 1261 1240
f 1250 1262 1240
f 1175 1262 1250
f 1176 1241 1204
f 1413 1346 1055
f 1120 1196 1288
f 1218 1073 1535
f 1177 1613 1472
f 1290 1169 1507
f 1263 1228 1347
f 1185 1251 1349
f 1197 1337 1243
f 1230 1264 1244
f 1232 1373 1372
f 1372 1145 1232
f 1190 1292 1265
f 1180 1275 1233
f 1296 1245 1209
f 1246 1546 1266
f 1135 1211 1319
f 1319 1403 1173
f 1047 1468 1113
f 1236 1267 1259
f 1259 1267 1212
f 1248 1238 1307
f 1239 1261 1283
f 1300 1215 1216
f 1102 1367 1271
f 1220 1302 1406
f 1168 1263 1310
f 1263 1347 1310
f 1229 1291 1252
f 1251 1462 1349
f 1273 1242 1252
f 1242 1273 1463
f 1253 1244 1327
f 1242 1463 1231
f 1327 1244 1264
f 1264 1255 1303
f 1372 1393 1145
f 1145 1421 1221
f 1274 1256 1222
f 1233 1275 1274
f 1295 1276 1331
f 1224 1276 1295
f 1256 1297 1198
f 1316 1318 1332
f 1198 1297 1225
f 1225 1297 1235
f 1235 1281 1257
f 1084 1548 1125
f 1281 1334 1257
f 1473 1452 1557
f 1257 1334 1285
f 1048 1113 1194
f 1268 1269 963
f 1237 1165 1388
f 1307 1201 1248
f 1261 1306 1283
f 1257 1285 1175
f 1165 1366 1388
f 1270 1262 1175
f 1260 1284 1238
f 1300 1216 1309
f 1119 1346 1301
f 1104 1217 1196
f 1273 1252 1272
f 1231 1352 1188
f 1393 1421 1145
f 1292 1234 1265
f 1255 1329 1303
f 1274 1294 1256
f 1255 1278 1329
f 1277 1256 1294
f 1256 1277 1297
f 1281 1235 1297
f 1084 1320 1548
f 1403 1386 1173
f 1212 1299 1260
f 1308 1307 1238
f 1260 1299 1284
f 1262 1270 1261
f 1261 1270 1306
f 1175 1285 1270
f 1118 1152 1226
f 1216 1286 1309
f 1271 1325 1286
f 1271 1367 1440
f 1217 1218 1432
f 1140 1536 1302
f 1140 1326 1536
f 1347 1228 1369
f 1243 1370 1373
f 1188 1352 1416
f 1179 1254 1328
f 1314 1207 1450
f 1180 1315 1275
f 1276 1245 1331
f 1181 1234 1279
f 1280 1317 1296
f 1193 1298 1278
f 1193 1161 1298
f 1283 1306 1161
f 1161 1306 1298
f 1321 1247 1488
f 1247 1183 1342
f 1114 1409 1365
f 1267 1299 1212
f 1284 1308 1238
f 1205 1241 1336
f 1286 1325 1309
f 1177 1288 1426
f 1196 1460 1288
f 1291 1290 1348
f 1206 1349 1369
f 1418 1272 1252
f 1352 1643 1416
f 1331 1180 1295
f 1331 1315 1180
f 1331 1245 1296
f 1298 1306 1322
f 1267 1236 1299
f 1258 1343 1164
f 1258 1200 1343
f 1306 1270 1323
f 1323 1270 1285
f 1404 1201 1307
f 1226 1201 1404
f 1241 1118 1390
f 1243 1337 1370
f 1327 1264 1312
f 1303 1312 1264
f 1294 1274 1275
f 1266 1401 1148
f 1277 1333 1297
f 1296 1317 1360
f 1278 1298 1322
f 1297 1333 1281
f 1281 1333 1334
f 1320 1569 1548
f 1125 1548 1743
f 1334 1335 1285
f 1299 1344 1345
f 1236 1344 1299
f 1164 1343 1236
f 1489 1150 1386
f 1183 1237 1388
f 1299 1345 1284
f 1336 1241 1390
f 1119 1301 1367
f 1073 1219 1535
f 1273 1272 1463
f 1253 1327 1350
f 1178 1415 1462
f 1178 1656 1415
f 1312 1351 1327
f 1254 1416 1328
f 1338 1312 1303
f 1221 1421 1132
f 1329 1338 1303
f 1275 1339 1330
f 1330 1294 1275
f 1277 1294 1330
f 1296 1360 1331
f 1278 1322 1329
f 1321 1488 1364
f 1452 903 1955
f 903 1182 1955
f 1247 1342 1488
f 1236 1343 1344
f 1323 1285 1335
f 1183 1388 1342
f 1410 1249 1269
f 1307 1412 1404
f 1307 1308 1412
f 1308 1284 1345
f 1118 1226 1390
f 1215 1389 1324
f 1300 1389 1215
f 1413 1391 1346
f 1177 1426 1613
f 976 1614 1169
f 1290 1507 1348
f 1253 1350 1337
f 1463 1420 1231
f 1231 1420 1352
f 1338 1355 1312
f 1292 1122 1374
f 1374 1234 1292
f 1357 1338 1329
f 1340 1339 1275
f 1340 1275 1315
f 1331 1356 1315
f 1341 1356 1331
f 1341 1331 1360
f 1358 1277 1330
f 1359 1341 1360
f 1358 1333 1277
f 1316 1361 1318
f 1266 1476 1401
f 1329 1322 1383
f 1318 1361 1379
f 1384 1383 1322
f 1323 1384 1306
f 1324 1389 1366
f 1220 1406 1287
f 1613 1799 1472
f 1348 1418 1291
f 1418 1252 1291
f 1349 1462 1414
f 1350 1327 1351
f 1351 1312 1353
f 1312 1355 1353
f 1464 1314 1450
f 1328 1496 1313
f 1234 1374 1354
f 1313 1293 1191
f 1355 1338 1357
f 1341 1376 1356
f 1340 1315 1356
f 1398 1376 1341
f 1330 1378 1358
f 1341 1359 1398
f 1357 1329 1383
f 1358 1378 1380
f 1266 1546 1476
f 1380 1333 1358
f 1211 1401 1446
f 1319 1211 1446
f 1211 1148 1401
f 1317 1362 1360
f 1362 1317 1363
f 1379 1381 1402
f 1382 1333 1380
f 1333 1382 1334
f 1334 1382 1385
f 1334 1385 1335
f 1322 1306 1384
f 1335 1385 1323
f 1345 1387 1308
f 1345 1344 1387
f 1413 1666 1391
f 1205 1336 1368
f 1205 1368 1219
f 1196 1506 1427
f 1217 1506 1196
f 1536 1326 1537
f 1369 1594 1347
f 1418 1392 1272
f 1272 1392 1463
f 1371 1370 1337
f 1350 1371 1337
f 1350 1351 1371
f 1351 1353 1371
f 1371 1353 1375
f 1371 1373 1370
f 1422 1372 1373
f 1375 1353 1355
f 1373 1375 1422
f 1394 1422 1355
f 1422 1375 1355
f 1395 1339 1340
f 1378 1330 1377
f 1377 1330 1395
f 1395 1330 1339
f 1357 1378 1407
f 1355 1357 1407
f 1407 1378 1377
f 1340 1356 1397
f 1376 1400 1356
f 1400 1397 1356
f 1332 1304 1316
f 1378 1357 1383
f 1378 1383 1380
f 1403 1319 1451
f 1380 1383 1382
f 1382 1383 1384
f 1382 1384 1385
f 1403 1451 1429
f 1385 1384 1323
f 1342 1411 1488
f 1343 1200 1344
f 1365 1409 1200
f 1342 1388 1411
f 1387 1412 1308
f 1309 1325 1431
f 1288 1460 1426
f 1326 1472 1537
f 1375 1373 1371
f 1122 1132 1374
f 1422 1393 1372
f 1355 1407 1394
f 1396 1377 1395
f 1340 1396 1395
f 1396 1340 1397
f 1398 1400 1376
f 1234 1354 1279
f 1279 1445 1546
f 1360 1362 1359
f 1379 1361 1381
f 1403 1429 1386
f 1386 1429 1489
f 1305 1454 1268
f 1305 1150 1454
f 1249 1410 1453
f 1388 1405 1411
f 1405 1388 1366
f 1405 1366 1389
f 1449 1389 1300
f 1367 1301 1471
f 1432 1218 1535
f 1289 1310 1461
f 976 1311 1614
f 1418 1419 1392
f 1396 1442 1377
f 1396 1397 1443
f 1400 1443 1397
f 1417 1398 1359
f 1362 1417 1359
f 1467 1362 1363
f 1364 1488 1623
f 1488 1448 1502
f 1488 1411 1448
f 1194 1430 1409
f 1387 1455 1412
f 1309 1449 1300
f 1271 1440 1325
f 1217 1432 1506
f 1289 1683 1157
f 1369 1493 1594
f 1377 1484 1407
f 1377 1442 1484
f 1446 1447 1319
f 1319 1447 1451
f 1581 1569 1320
f 1468 1424 1794
f 1387 1344 1455
f 1405 1437 1411
f 1226 1404 1438
f 1390 1226 1438
f 1437 1405 1389
f 1437 1389 1449
f 1336 1390 1439
f 1346 1491 1301
f 1627 1413 1287
f 1627 1287 1406
f 1169 1614 1507
f 1293 1753 1304
f 1078 1399 1223
f 1304 1423 1316
f 1279 1354 1445
f 1423 1433 1316
f 1316 1433 1361
f 1417 1362 1467
f 1361 1433 1381
f 1363 1523 1467
f 1363 1282 1523
f 1523 1282 1364
f 1200 1430 1344
f 1409 1430 1200
f 1412 1455 1425
f 1491 1471 1301
f 1413 1627 1666
f 1219 1428 1535
f 1369 1349 1493
f 1349 1414 1493
f 1400 1474 1443
f 1400 1398 1474
f 1398 1417 1475
f 1194 1113 1430
f 1150 1489 1454
f 1469 1448 1411
f 1411 1436 1469
f 1404 1412 1490
f 1411 1437 1436
f 1390 1438 1439
f 1431 1449 1309
f 1431 1325 1534
f 1368 1336 1439
f 1196 1427 1460
f 1302 1536 1612
f 1612 1406 1302
f 1423 1568 1433
f 1433 1568 1381
f 1381 1581 1402
f 1438 1404 1490
f 1391 1491 1346
f 1507 1684 1348
f 1419 1418 1441
f 1421 1393 1574
f 1422 1483 1393
f 1394 1498 1422
f 1207 1740 1450
f 1207 1223 1740
f 1484 1517 1407
f 1396 1443 1442
f 1304 1444 1423
f 1398 1475 1474
f 1444 1568 1423
f 1467 1486 1417
f 1408 1718 1766
f 1766 1435 1408
f 1424 1434 1571
f 1448 1600 1502
f 1412 1529 1490
f 1437 1470 1436
f 1470 1469 1436
f 1552 1438 1490
f 1438 1552 1458
f 1439 1438 1458
f 1437 1456 1470
f 1456 1437 1449
f 1449 1457 1456
f 1449 1431 1457
f 1496 1739 1313
f 1313 1739 1293
f 1422 1498 1483
f 1399 1473 1835
f 1444 1465 1568
f 1417 1486 1475
f 1446 1401 1485
f 1401 1621 1485
f 1476 1621 1401
f 1448 1478 1600
f 1344 1430 1559
f 1478 1448 1469
f 1344 1601 1455
f 1425 1455 1477
f 1412 1479 1529
f 1412 1425 1479
f 1367 1471 1504
f 1440 1367 1504
f 1439 1459 1368
f 1535 1428 1592
f 1310 1347 1461
f 1492 1441 1418
f 1419 1481 1392
f 1392 1481 1463
f 1132 1737 1374
f 1393 1483 1482
f 1464 1450 1657
f 1407 1498 1394
f 1407 1517 1498
f 1465 1466 1568
f 1430 1768 1603
f 1455 1601 1477
f 1425 1561 1479
f 1561 1425 1477
f 1469 1530 1478
f 1490 1588 1552
f 1480 1439 1458
f 1440 1733 1534
f 1348 1492 1418
f 1441 1481 1419
f 1481 1508 1463
f 1463 1508 1420
f 1415 1725 1462
f 1421 1737 1132
f 1393 1482 1574
f 1739 1753 1293
f 1450 1740 1657
f 1304 1596 1444
f 1223 1399 1835
f 1443 1500 1442
f 1443 1474 1500
f 1446 1485 1447
f 1467 1523 1487
f 1434 1435 1745
f 1344 1559 1601
f 1430 1603 1559
f 1113 1768 1430
f 1469 1470 1530
f 1504 1471 1697
f 1440 1534 1325
f 1480 1459 1439
f 1219 1368 1505
f 1460 1610 1426
f 1472 1799 1537
f 1414 1540 1493
f 1496 1328 1416
f 1421 1574 1737
f 1444 1598 1465
f 1835 1473 1688
f 1486 1467 1487
f 1447 1660 1451
f 1113 1468 1638
f 1429 1550 1489
f 1458 1552 1531
f 1457 1431 1572
f 1614 1311 1771
f 1492 1539 1441
f 1441 1539 1481
f 1414 1462 1540
f 1494 1509 1495
f 1494 1495 1511
f 1497 1511 1495
f 1483 1497 1482
f 1511 1497 1483
f 1354 1374 1617
f 1498 1511 1483
f 1499 1500 1515
f 1484 1518 1517
f 1484 1499 1518
f 1499 1484 1442
f 1500 1499 1442
f 1515 1500 1516
f 1500 1474 1516
f 1596 1598 1444
f 1688 1473 1557
f 1501 1475 1486
f 1501 1486 1635
f 1447 1485 1660
f 1486 1487 1635
f 1434 1745 1571
f 1768 1528 1603
f 1600 1478 1503
f 1477 1601 1560
f 1490 1529 1678
f 1478 1530 1503
f 1678 1588 1490
f 1391 1591 1491
f 1440 1504 1733
f 1157 1683 1593
f 1348 1684 1492
f 1481 1539 1508
f 1495 1509 1573
f 1415 1656 1725
f 1510 1495 1573
f 1555 1494 1541
f 1511 1541 1494
f 1495 1510 1497
f 1737 1752 1374
f 1541 1511 1512
f 1512 1511 1498
f 1515 1514 1499
f 1518 1499 1514
f 1516 1474 1543
f 1498 1517 1512
f 1475 1543 1474
f 1513 1543 1475
f 1518 1519 1517
f 1519 1520 1517
f 1517 1520 1556
f 1635 1544 1501
f 1520 1522 1521
f 1522 1524 1521
f 1522 1527 1524
f 1523 1364 1585
f 1525 1527 1522
f 1527 1526 1524
f 1364 1623 1585
f 1549 1527 1525
f 1424 1571 1794
f 1549 1526 1527
f 1477 1560 1639
f 1561 1655 1479
f 1589 1552 1588
f 1606 1470 1456
f 1457 1608 1456
f 1457 1572 1608
f 1458 1531 1480
f 1431 1532 1572
f 1666 1721 1391
f 1391 1721 1591
f 1533 1431 1534
f 1505 1368 1459
f 1219 1505 1428
f 1167 1157 1846
f 1347 1734 1461
f 1539 1615 1554
f 1509 1494 1563
f 1539 1554 1508
f 1494 1555 1563
f 1564 1541 1512
f 1518 1514 1565
f 1542 1565 1514
f 1566 1514 1515
f 1501 1543 1513
f 1512 1517 1556
f 1566 1515 1516
f 1543 1567 1516
f 1513 1475 1501
f 1567 1566 1516
f 1545 1519 1518
f 1565 1545 1518
f 1520 1519 1545
f 1545 1547 1520
f 1520 1521 1556
f 1580 1487 1523
f 1520 1558 1522
f 1525 1522 1558
f 1488 1502 1623
f 1549 1604 1526
f 1604 1549 1551
f 1551 1549 1525
f 1587 1503 1530
f 1553 1606 1456
f 1531 1552 1626
f 1456 1608 1590
f 1431 1533 1532
f 1471 1491 1697
f 1506 1667 1427
f 1506 1611 1667
f 1784 1594 1493
f 1969 1462 1725
f 1352 1687 1643
f 1564 1512 1556
f 1514 1566 1542
f 1567 1543 1501
f 1354 1633 1445
f 1546 1445 1702
f 1520 1547 1558
f 1521 1524 1579
f 1524 1526 1579
f 1652 1579 1526
f 1604 1652 1526
f 1603 1674 1559
f 1561 1477 1639
f 1456 1590 1553
f 1432 1535 1611
f 1612 1627 1406
f 1536 1641 1612
f 1536 1537 1641
f 1289 1461 1683
f 1352 1420 1687
f 1576 1545 1565
f 1556 1521 1575
f 1702 1445 1633
f 1521 1579 1575
f 1465 1730 1466
f 1466 1730 1568
f 1580 1523 1570
f 1523 1585 1570
f 1489 1675 1454
f 1551 1586 1604
f 1479 1695 1529
f 1655 1695 1479
f 1530 1470 1625
f 1552 1589 1607
f 1607 1626 1552
f 1590 1562 1531
f 1562 1480 1531
f 1491 1591 1697
f 1459 1480 1682
f 1427 1610 1460
f 1426 1610 1613
f 1432 1611 1506
f 1461 1538 1683
f 1628 1573 1509
f 1555 1629 1563
f 1629 1555 1541
f 1616 1541 1564
f 1416 1643 1496
f 1354 1617 1632
f 1564 1556 1575
f 1304 1753 1596
f 1544 1658 1501
f 1658 1567 1501
f 1576 1547 1545
f 1544 1635 1620
f 1546 1702 1476
f 1487 1580 1635
f 1381 1645 1581
f 1580 1570 1582
f 1660 1776 1451
f 1661 1525 1558
f 1583 1582 1570
f 1570 1585 1584
f 1570 1584 1583
f 1585 1624 1584
f 1525 1661 1551
f 1584 1602 1583
f 1624 1602 1584
f 1468 1794 1638
f 1489 1550 1675
f 1560 1601 1796
f 1639 1655 1561
f 1605 1588 1678
f 1530 1588 1587
f 1588 1530 1589
f 1470 1606 1625
f 1626 1553 1531
f 1572 1562 1608
f 1590 1608 1562
f 1572 1532 1609
f 1480 1562 1609
f 1480 1609 1682
f 1507 1614 1684
f 1347 1594 1734
f 1492 1615 1539
f 1509 1563 1628
f 1554 1615 1508
f 1629 1541 1616
f 1738 1482 1497
f 1618 1564 1575
f 1565 1542 1631
f 1631 1542 1595
f 1565 1631 1576
f 1566 1595 1542
f 1632 1633 1354
f 1567 1658 1566
f 1576 1630 1597
f 1576 1597 1547
f 1579 1577 1575
f 1598 1730 1465
f 1578 1558 1597
f 1597 1558 1547
f 1568 1790 1381
f 1636 1580 1582
f 1558 1578 1661
f 1583 1599 1582
f 1599 1624 1585
f 1583 1602 1650
f 1586 1680 1604
f 1529 1695 1693
f 1588 1605 1587
f 1625 1589 1530
f 1625 1607 1589
f 1531 1553 1590
f 1532 1533 1640
f 1572 1609 1562
f 1799 1613 1900
f 1493 1540 2088
f 1510 1726 1497
f 1618 1616 1564
f 1482 1738 1574
f 1630 1576 1631
f 1575 1577 1618
f 1595 1566 1619
f 1658 1619 1566
f 1644 1597 1630
f 1790 1645 1381
f 1577 1579 1622
f 1622 1579 1652
f 1599 1648 1582
f 1647 1569 1581
f 1585 1648 1599
f 1583 1651 1599
f 1585 1623 1648
f 1571 1745 1886
f 1583 1650 1651
f 1599 1651 1624
f 1429 1637 1550
f 1503 1654 1600
f 1503 1587 1654
f 1654 1587 1705
f 1625 1606 1607
f 1606 1626 1607
f 1553 1626 1606
f 1609 1532 1640
f 1609 1640 1665
f 1534 1733 1533
f 1427 1667 1610
f 1311 1167 1846
f 1615 1642 1508
f 1629 1685 1563
f 1508 1686 1420
f 1786 1573 1628
f 1420 1686 1687
f 1573 1786 1510
f 1618 1699 1616
f 1374 1752 1617
f 1544 1620 1672
f 1577 1622 1634
f 1597 1729 1578
f 1578 1729 1689
f 1646 1622 1652
f 1581 1645 1647
f 1548 1647 1743
f 1451 1637 1429
f 1560 1796 1779
f 1650 1602 1653
f 1664 1602 1624
f 1653 1602 1664
f 1680 1676 1604
f 1587 1679 1705
f 1587 1605 1679
f 1682 1609 1665
f 1505 1592 1428
f 1505 1710 1592
f 1683 1538 2086
f 1540 1902 2088
f 1540 1462 1902
f 1563 1685 1628
f 1497 1726 1738
f 1644 1630 1727
f 1631 1595 1630
f 1630 1595 1727
f 1621 1476 1702
f 1485 1621 1931
f 1635 1580 1742
f 1776 1637 1451
f 1661 1578 1689
f 1582 1648 1636
f 1646 1652 1704
f 1650 1649 1673
f 1673 1651 1650
f 1649 1650 1662
f 1662 1650 1653
f 1600 1654 1502
f 1603 1528 1674
f 1652 1604 1676
f 1529 1693 1678
f 1551 1661 1586
f 1661 1680 1586
f 1664 1707 1653
f 1537 1799 1798
f 1461 1734 1538
f 1462 1969 1902
f 1628 1735 1786
f 1699 1629 1616
f 1510 1786 1726
f 1713 1739 1496
f 1577 1670 1618
f 1597 1644 1671
f 1597 1671 1729
f 1598 1659 1730
f 1690 1651 1673
f 1624 1651 1663
f 1624 1663 1677
f 1661 1681 1680
f 1624 1677 1664
f 1655 1694 1695
f 1666 1711 1895
f 1627 1711 1666
f 1611 1783 1667
f 1641 1537 1798
f 1157 1770 1846
f 1684 1614 1668
f 1615 1492 1772
f 1712 1642 1615
f 1628 1669 1735
f 1685 1629 1699
f 1699 1618 1670
f 1496 1643 1713
f 1617 1715 1632
f 1644 1727 1671
f 1595 1619 1727
f 1577 1634 1670
f 1672 1658 1544
f 1580 1870 1742
f 1580 1636 1716
f 1636 1648 1731
f 1569 1647 1548
f 1673 1649 1717
f 1717 1649 1691
f 1690 1692 1651
f 1692 1663 1651
f 1692 1691 1662
f 1691 1649 1662
f 1601 1559 1767
f 1768 1638 1912
f 1768 1113 1638
f 1639 1560 1779
f 1410 1269 2236
f 1664 1677 1707
f 1696 1680 1681
f 1680 1720 1676
f 1696 1720 1680
f 1709 1696 1681
f 1697 1591 1749
f 1733 1504 1722
f 1667 1861 1610
f 1698 1627 1612
f 1772 1492 1684
f 1685 1669 1628
f 1598 1596 1659
f 1701 1620 1742
f 1742 1620 1635
f 1636 1731 1716
f 1662 1663 1692
f 1453 1890 1182
f 1559 1674 1767
f 1268 1454 1843
f 1663 1662 1677
f 1268 2236 1269
f 1652 1676 1704
f 1662 1653 1732
f 1677 1662 1732
f 1679 1706 1705
f 1708 1720 1696
f 1640 1533 1815
f 1504 1697 1722
f 1733 1722 1816
f 1682 1817 1459
f 1505 1459 1710
f 1698 1711 1627
f 1157 1593 1770
f 1771 1311 1846
f 1772 1712 1615
f 1685 1724 1669
f 1750 1685 1699
f 1656 1736 1725
f 1865 1726 1786
f 1643 1751 1713
f 1672 1620 1701
f 1870 1580 1716
f 1690 1703 1692
f 1692 1703 1691
f 1268 1843 2236
f 1605 1678 1719
f 1747 1655 1639
f 1605 1719 1679
f 1655 1747 1694
f 1653 1707 1780
f 1696 1709 1708
f 1640 1815 1665
f 1666 1895 1721
f 1591 1721 1749
f 1667 1783 1861
f 1614 1771 1668
f 1723 1642 1712
f 1800 1508 1642
f 1685 1750 1724
f 1508 1800 1686
f 1670 1634 1788
f 1557 1851 1688
f 1485 1931 1660
f 1717 1756 1673
f 1690 1673 1756
f 1647 1805 1743
f 1654 1795 1502
f 1601 1767 1796
f 1661 1812 1681
f 1747 1639 1779
f 1695 1694 1748
f 1653 1780 1732
f 1707 1769 1780
f 1697 1749 1782
f 1612 1641 1698
f 1863 1684 1668
f 1684 1863 1772
f 1594 1784 1734
f 1642 1723 1785
f 1785 1800 1642
f 1643 1687 1751
f 1752 1737 1700
f 1670 1788 1787
f 1740 1223 1775
f 1633 1632 1754
f 1741 1634 1622
f 1622 1646 1741
f 1568 1730 1790
f 1717 1755 1756
f 1827 1637 1776
f 1804 1703 1690
f 1743 1791 1718
f 1502 1746 1623
f 1757 1778 1792
f 1705 1758 1654
f 1705 1706 1758
f 1748 1693 1695
f 1681 1760 1709
f 1720 1708 1873
f 1533 1733 1815
f 1920 1459 1817
f 1610 1861 1875
f 1613 1610 1993
f 1734 1784 1880
f 1735 1669 1761
f 1670 1787 1699
f 1574 1714 1737
f 1574 1738 1714
f 1634 1741 1788
f 1596 1834 1659
f 1671 1823 1729
f 1763 1701 1742
f 1756 1804 1690
f 1645 1789 1647
f 1718 1791 1766
f 1623 1744 1648
f 1793 1757 1792
f 1623 1746 1744
f 1675 1550 1891
f 1502 1795 1746
f 1810 1654 1758
f 1719 1678 1693
f 1748 1856 1693
f 1706 1679 1719
f 1706 1719 1758
f 1677 1732 1759
f 1676 1720 1857
f 1857 1720 1873
f 1733 1816 1815
f 1721 1895 1916
f 1538 1878 2086
f 2088 1784 1493
f 1712 1832 1723
f 1785 1723 1832
f 1686 1762 1687
f 1750 1699 1787
f 1687 1762 1751
f 1464 1657 2103
f 1617 1752 1715
f 1727 1821 1671
f 1619 1658 1907
f 1691 1765 1717
f 1691 1703 1765
f 1743 1805 1791
f 1689 1812 1661
f 1757 1809 1778
f 1528 1855 1674
f 1779 1842 1747
f 1842 1797 1747
f 1694 1747 1797
f 1704 1676 1857
f 1732 1780 1759
f 1677 1769 1707
f 1708 1814 1873
f 1711 1860 1895
f 1920 1710 1459
f 1535 1898 1611
f 1683 2086 2301
f 1538 1734 1878
f 1800 1820 1686
f 1686 1820 1762
f 1751 1762 1713
f 1619 1867 1727
f 1713 1774 1739
f 1715 1773 1632
f 1596 1753 1834
f 1773 1754 1632
f 1672 1728 1658
f 1672 1802 1728
f 1658 1836 1907
f 1701 1802 1672
f 1702 1633 1754
f 1701 1763 1764
f 1645 1790 1789
f 1755 1777 1756
f 1765 1703 1804
f 1806 1435 1766
f 1689 1838 1812
f 1557 1452 1910
f 1886 1794 1571
f 1452 1955 1910
f 1793 1809 1757
f 1654 1810 1795
f 1453 1410 1890
f 1693 1829 1719
f 1797 1748 1694
f 1677 1830 1769
f 1709 1760 1708
f 1993 1900 1613
f 1683 2301 1593
f 1846 1770 1879
f 1772 1863 1901
f 1724 1819 1669
f 1724 1750 1819
f 1762 1905 1713
f 1713 1905 1774
f 1727 1867 1821
f 1753 1774 1834
f 1764 1802 1701
f 1660 1931 1776
f 1742 1870 1763
f 1731 1648 1840
f 1851 1557 1910
f 1637 1957 1550
f 1693 1856 1829
f 1719 1811 1758
f 1748 1797 1856
f 1759 1780 1894
f 1708 1760 1814
f 1781 1682 1665
f 1697 1782 1722
f 1682 1781 1817
f 1610 1875 1993
f 1535 1592 1898
f 1592 1877 1898
f 1772 1901 1712
f 1901 1832 1712
f 1735 1761 1903
f 1735 1903 1786
f 1736 1970 1725
f 1820 1905 1762
f 1736 1464 1970
f 1737 2194 1700
f 1773 1715 1848
f 1739 1774 1753
f 1671 1822 1823
f 1834 1789 1659
f 1659 1789 1730
f 1621 1702 1825
f 1621 1826 1931
f 1790 1730 1789
f 1838 1689 1729
f 1756 1777 1854
f 1756 1854 1804
f 1648 1744 1840
f 1435 1806 1745
f 1646 1704 1892
f 1778 1808 1792
f 1778 1809 1808
f 1957 1891 1550
f 1810 1758 1811
f 1719 1829 1811
f 1892 1704 1857
f 1759 1830 1677
f 1894 1780 1813
f 1769 1813 1780
f 1665 1815 1781
f 1721 1916 1749
f 1592 1710 1877
f 1832 1818 1785
f 1785 1818 1800
f 1865 1801 1726
f 1700 1924 1752
f 1737 1714 2194
f 1866 1787 1788
f 1821 1822 1671
f 1834 1774 1850
f 1788 1741 1908
f 1702 1754 1825
f 1803 1777 1755
f 1717 1803 1755
f 1717 1765 1803
f 1765 1887 1803
f 1827 1841 1637
f 1792 1808 1807
f 1793 1792 1807
f 1841 1957 1637
f 1807 1809 1793
f 1528 1768 1855
f 1812 1760 1681
f 1860 1711 1698
f 1947 1833 1819
f 1669 1819 1833
f 2019 1905 1820
f 1726 1801 1738
f 1847 1787 1866
f 1714 1738 1925
f 1619 1907 1867
f 1774 1926 1850
f 1658 1728 1836
f 1789 1834 1824
f 1883 1825 1754
f 1823 1838 1729
f 1824 1828 1789
f 1871 1804 1854
f 1828 1647 1789
f 1804 1871 1765
f 1887 1765 1871
f 1807 1808 1809
f 1779 1796 1842
f 1856 1913 1829
f 1797 1872 1856
f 1844 1759 1894
f 1830 1759 1844
f 1916 1896 1749
f 1781 1859 1817
f 1859 1918 1817
f 1920 1817 1918
f 1799 1900 1798
f 1878 1734 1862
f 1669 1833 1761
f 1864 1904 1800
f 1904 1820 1800
f 1847 1819 1750
f 1750 1787 1847
f 1788 1908 1866
f 1835 2004 1223
f 1773 1883 1754
f 1776 1837 1827
f 1741 1646 1930
f 1803 1853 1777
f 1777 1853 1854
f 1884 1647 1828
f 1803 1839 1853
f 1646 1892 1930
f 1803 1887 1839
f 1766 1791 1806
f 1936 1182 1890
f 1838 1954 1812
f 1768 1912 1855
f 1454 2118 1843
f 1454 1675 2118
f 1842 1872 1797
f 1954 1939 1812
f 1830 1813 1769
f 1815 1941 1781
f 1749 1896 1782
f 1722 1782 1874
f 1611 1898 1783
f 1734 1880 1862
f 1832 1881 1818
f 1818 1881 1864
f 1800 1818 1864
f 1725 1970 1969
f 1903 1865 1786
f 1752 1924 1715
f 1822 1821 1849
f 1867 1882 1821
f 2103 1657 2566
f 1657 1740 2566
f 1802 1928 1728
f 1834 1850 1869
f 2196 2004 1835
f 1835 1688 1851
f 1852 1834 1869
f 1834 1852 1824
f 1852 1828 1824
f 1805 1647 1884
f 1745 1806 1886
f 1182 1936 1955
f 1796 1937 1842
f 1767 1937 1796
f 1674 1938 1767
f 1675 1891 2118
f 1937 1872 1842
f 1829 1858 1811
f 1830 1844 1914
f 1874 1782 1896
f 1816 1722 1874
f 1993 1875 1962
f 1783 1964 1861
f 1771 1846 1831
f 1784 2088 1966
f 1901 1881 1832
f 1903 1971 1865
f 1820 1972 2019
f 1849 1821 1882
f 1740 1775 2566
f 1223 2004 1775
f 1849 1868 1822
f 2196 1835 1851
f 1822 1868 1823
f 1848 1883 1773
f 1908 1741 1930
f 1931 1826 2025
f 1852 1909 1828
f 1909 1951 1828
f 1885 1854 1853
f 1885 1871 1854
f 1953 1805 1884
f 1827 2027 1841
f 1806 1791 1886
f 1888 1887 1871
f 1767 1938 1937
f 1855 1938 1674
f 1855 1912 1938
f 1844 1889 1888
f 1844 1894 1889
f 1811 1858 1810
f 1858 1829 1913
f 1914 1813 1830
f 1815 1816 1941
f 1781 1941 1859
f 1816 1874 1845
f 1860 1943 1895
f 1861 1964 1963
f 1898 1876 1783
f 1761 1833 1903
f 1947 1819 1847
f 1865 1923 1801
f 1715 1924 1848
f 1866 1908 1906
f 1882 1974 1849
f 2102 1926 1774
f 1728 1927 1836
f 1869 1850 2005
f 1929 1869 2005
f 1869 1929 1852
f 1621 1825 1826
f 1929 1909 1852
f 1716 1731 1950
f 1953 1791 1805
f 1911 1853 1839
f 1839 1887 1911
f 1791 1953 1886
f 1887 1889 1911
f 1744 1746 1840
f 1889 1887 1888
f 1856 1872 2069
f 1844 1888 1914
f 1958 1813 1914
f 1893 1858 1913
f 1857 1915 1892
f 1894 1813 1958
f 1939 1760 1812
f 1915 1857 1814
f 1857 1873 1814
f 1816 1845 1941
f 1874 1896 1897
f 1845 1874 1897
f 1861 1963 1875
f 1783 1876 1964
f 1921 1860 1698
f 1698 1641 1921
f 1641 1899 1921
f 1641 1798 1899
f 1798 1900 1899
f 1831 1846 1996
f 1784 2017 1880
f 1784 1966 2017
f 1864 1881 1904
f 1904 1972 1820
f 1947 1847 1997
f 1714 1925 2194
f 2000 1848 1924
f 1774 1905 2102
f 1868 1849 1974
f 2002 1867 1907
f 1850 1926 2003
f 1850 2003 2005
f 1848 2199 1883
f 2233 1825 1883
f 1932 1851 1910
f 1892 1952 1930
f 1885 1935 1871
f 1935 1888 1871
f 1933 1794 1886
f 1794 1933 1638
f 1872 1937 2069
f 1954 1979 1939
f 1810 1858 2032
f 1858 1893 2032
f 1939 1915 1760
f 1760 1915 1814
f 1959 1960 1897
f 1992 1845 1897
f 1859 1941 1917
f 1916 1895 1944
f 1942 1897 1896
f 1959 1897 1942
f 1859 1917 1918
f 1895 1943 1944
f 1946 1919 1921
f 1877 1710 2042
f 1860 1921 1919
f 1899 1946 1921
f 1879 1770 1922
f 1880 2017 1965
f 1901 2049 1881
f 1902 2368 2088
f 1971 1903 1833
f 1971 1923 1865
f 2021 1997 1847
f 1847 1866 1906
f 1700 1999 1924
f 1738 1801 1925
f 1867 2001 1882
f 2199 1848 2000
f 1728 1928 1927
f 1802 1764 1949
f 1929 2024 1909
f 1931 1837 1776
f 1977 1886 1953
f 1853 1911 1934
f 1934 1885 1853
f 1886 1977 1933
f 1885 1934 1980
f 1980 1935 1885
f 1638 1956 1912
f 1956 1638 1933
f 1912 2031 1938
f 1911 1889 1958
f 1913 1856 2069
f 1889 1894 1958
f 1982 1917 1941
f 1944 1919 1986
f 1940 1916 1944
f 1988 1916 1940
f 1896 1916 1988
f 1896 1988 1942
f 1897 1960 2008
f 1897 2008 1992
f 1990 1941 1845
f 1944 1943 1919
f 1917 1945 1918
f 1943 1860 1919
f 1920 1918 2042
f 2042 1710 1920
f 1899 1900 1993
f 1901 2219 2049
f 1881 2049 1967
f 1847 1906 2021
f 1948 1907 1836
f 2264 1928 1802
f 1802 1949 2264
f 1930 2006 1908
f 2005 2024 1929
f 1764 1763 1949
f 1868 2111 1823
f 1909 2112 1951
f 1823 2111 1838
f 1950 1870 1716
f 1837 2027 1827
f 1746 2030 1840
f 1978 1933 1977
f 1911 1980 1934
f 1746 2169 2030
f 1956 2031 1912
f 1888 1935 1914
f 1746 1795 2169
f 1937 1938 2069
f 1410 2236 2350
f 1810 2032 2170
f 1915 1939 2070
f 1981 1917 1982
f 1983 1917 1981
f 1945 1917 1983
f 1987 1940 1944
f 2007 1988 1940
f 1982 1941 1990
f 2072 1990 1845
f 1961 1986 1919
f 1845 1992 2072
f 1946 1961 1919
f 1963 2081 1875
f 1878 2085 2364
f 1878 1862 2085
f 1880 1965 1862
f 1863 1668 2250
f 2368 1902 1969
f 2092 1972 1904
f 1801 1923 2157
f 1905 2019 2155
f 1924 1999 2000
f 2194 1999 1700
f 1801 2157 1925
f 2021 1906 1973
f 1867 2002 2001
f 1906 2006 1973
f 1906 1908 2006
f 1868 1974 2023
f 2111 1868 2023
f 2234 2233 1883
f 2024 2112 1909
f 1930 1952 2006
f 2111 2063 1838
f 1950 1731 2064
f 1837 2062 2027
f 1731 1975 2064
f 1840 1975 1731
f 1975 1840 1976
f 1838 2063 1954
f 1954 2029 1979
f 1933 1978 1956
f 1957 2202 1891
f 1980 1911 2068
f 1892 1915 2067
f 1958 2068 1911
f 1914 2068 1958
f 2070 1939 1979
f 1981 1982 2124
f 1984 1981 2124
f 1981 1984 1983
f 1987 1944 1986
f 2007 1940 1987
f 1989 1942 1988
f 1959 1942 1989
f 1959 1989 2011
f 1960 1959 2011
f 1986 1961 1991
f 1918 1945 2182
f 1961 1946 2012
f 1875 2081 1962
f 1962 2081 2013
f 2182 2042 1918
f 1963 2014 2081
f 1964 1994 1963
f 1963 1994 2014
f 1964 1995 1994
f 1876 1995 1964
f 1876 1898 1995
f 2012 1946 1899
f 1993 2012 1899
f 1878 2364 2534
f 1846 1879 1996
f 1771 1831 2249
f 1771 2249 1668
f 2250 1668 2515
f 1967 2049 2090
f 1967 2090 1904
f 1881 1967 1904
f 2143 1971 1833
f 1947 2142 1833
f 1997 2018 1947
f 1971 2143 1923
f 2020 1997 2021
f 2155 2102 1905
f 2000 1999 1998
f 1882 2022 1974
f 1882 2001 2022
f 1927 1948 1836
f 1974 2022 2023
f 1948 2002 1907
f 1951 2112 2499
f 2030 1976 1840
f 2063 2029 1954
f 1975 1976 2026
f 1980 2026 1935
f 1976 1935 2026
f 1910 1955 2576
f 1955 1936 2576
f 1935 2068 1914
f 1938 2031 2069
f 2033 1984 2124
f 1982 2175 2124
f 2175 1982 2009
f 2034 1983 1984
f 1987 1986 1985
f 1988 2007 2010
f 1985 1991 2128
f 1991 1985 1986
f 1988 2010 2127
f 1989 1988 2127
f 2009 1982 1990
f 1961 2012 1991
f 1993 2013 2012
f 1962 2013 1993
f 1995 2041 1994
f 1898 2084 1995
f 1877 2084 1898
f 2015 1879 1922
f 1879 2015 1996
f 2016 1996 2015
f 1831 1996 2016
f 2249 1831 2016
f 2249 2016 2046
f 2249 2046 2248
f 1863 2250 2219
f 2219 1901 1863
f 1968 2142 1947
f 1833 2142 2143
f 1947 2018 1968
f 2020 2018 1997
f 2020 2021 2106
f 2106 2021 2109
f 2109 2021 1973
f 2002 1948 2057
f 1825 2233 1826
f 2064 1975 2026
f 1952 1892 2067
f 2030 2113 2065
f 2026 1980 2028
f 1976 2065 1935
f 1976 2030 2065
f 1978 2168 1956
f 2065 2068 1935
f 2028 1980 2068
f 2170 1795 1810
f 1915 2070 2067
f 2033 2124 2171
f 2008 2173 2071
f 2011 2123 1960
f 2008 2071 1992
f 2071 2072 1992
f 2127 2011 1989
f 2209 1990 2072
f 2009 1990 2209
f 2036 1945 1983
f 2036 1983 2034
f 2074 2035 2037
f 2037 2035 2039
f 2182 1945 2036
f 2012 2013 1991
f 2216 1991 2013
f 1994 2040 2014
f 1877 2042 2084
f 2041 2040 1994
f 1995 2083 2041
f 2084 2083 1995
f 2015 2043 2047
f 2015 1922 2043
f 2047 2044 2015
f 2015 2044 2016
f 1668 2249 2515
f 2016 2044 2045
f 2046 2016 2045
f 2045 2044 2052
f 2046 2045 2048
f 2184 2248 2046
f 2017 1966 2183
f 2044 2047 2051
f 2048 2184 2046
f 2051 2047 2043
f 2048 2045 2050
f 2044 2051 2052
f 2053 2045 2052
f 2049 2089 2090
f 2045 2053 2050
f 2048 2050 2184
f 2052 2051 2148
f 1972 2189 2019
f 2053 2052 2056
f 2019 2189 2155
f 2055 2148 2101
f 2055 2052 2148
f 2097 2020 2106
f 2053 2056 2054
f 2101 2059 2055
f 2339 2054 2056
f 1927 2096 2058
f 1927 1928 2096
f 2107 2339 2056
f 2061 2022 2001
f 2002 2057 2001
f 2105 1948 2058
f 1927 2058 1948
f 2107 2056 2052
f 2023 2022 2061
f 1948 2105 2057
f 2231 2052 2055
f 2005 2060 2024
f 2023 2061 2111
f 1763 2265 1949
f 2265 1763 1870
f 1828 1951 1884
f 2026 2114 2064
f 2026 2028 2114
f 1910 2576 1932
f 2028 2066 2114
f 2027 2115 1841
f 2030 2169 2113
f 2066 2068 2065
f 2031 1956 2116
f 2068 2066 2028
f 1795 2119 2169
f 2031 2117 2069
f 1410 2350 1890
f 2032 1893 2120
f 2033 2171 2121
f 2174 2125 1985
f 2173 2008 2123
f 2008 1960 2123
f 2071 2173 2203
f 1985 2128 2174
f 1987 1985 2125
f 2271 1987 2125
f 2122 1987 2271
f 2122 2007 1987
f 2033 2034 1984
f 2126 2123 2011
f 2071 2178 2072
f 2072 2178 2209
f 2073 2129 2038
f 2212 2076 2130
f 2039 2073 2038
f 2211 2035 2074
f 2179 2211 2074
f 1991 2216 2128
f 2179 2074 2134
f 2180 2075 2214
f 2212 2214 2075
f 2076 2212 2075
f 2078 2075 2180
f 2077 2039 2038
f 2039 2079 2037
f 2074 2037 2079
f 2134 2074 2079
f 2078 2080 2075
f 2075 2080 2076
f 2130 2076 2082
f 2081 2133 2013
f 2079 2039 2077
f 2136 2080 2078
f 2082 2076 2080
f 2014 2217 2081
f 2217 2014 2077
f 2040 2077 2014
f 2079 2077 2040
f 2079 2040 2135
f 2083 2084 2082
f 2084 2042 2082
f 2042 2182 2131
f 2135 2040 2041
f 2083 2135 2041
f 1593 2301 1770
f 2085 1862 2137
f 2138 1862 1965
f 1862 2138 2137
f 1965 2087 2138
f 1965 2017 2087
f 2088 2368 2469
f 2049 2220 2089
f 2091 1968 2018
f 2184 2050 2186
f 1970 2593 1969
f 2018 2020 2149
f 1923 2143 2187
f 2050 2053 2186
f 2020 2097 2149
f 1923 2227 2157
f 2154 2152 2095
f 2053 2054 2186
f 1464 2103 1970
f 2093 2094 2193
f 2193 2094 2156
f 2094 2095 2156
f 2152 2156 2095
f 2154 2095 2058
f 1998 1999 2098
f 2194 2262 1999
f 2104 2097 2106
f 2093 2097 2104
f 2094 2093 2100
f 2095 2094 2099
f 2096 2154 2058
f 2093 2104 2100
f 2094 2100 2099
f 2105 2095 2099
f 2058 2095 2105
f 2054 2339 2377
f 2100 2104 2001
f 2105 2099 2100
f 2005 2003 2060
f 2057 2100 2001
f 2105 2100 2057
f 2109 2061 2106
f 2104 2106 2061
f 2001 2104 2061
f 2059 2108 2055
f 2055 2108 2231
f 2107 2052 2231
f 1883 2199 2234
f 2196 1851 1932
f 2111 2061 2109
f 2111 2109 2110
f 2111 2110 2063
f 2024 2165 2112
f 1837 1931 2343
f 1931 2025 2343
f 1837 2343 2062
f 1952 1973 2006
f 1952 2166 1973
f 2114 2113 2064
f 2166 1952 2167
f 2113 2114 2065
f 1952 2067 2167
f 2065 2114 2066
f 2027 2473 2115
f 1979 2029 2167
f 1956 2168 2116
f 2070 2167 2067
f 2031 2116 2117
f 1979 2167 2070
f 1891 2202 2118
f 2119 1795 2170
f 2204 2121 2171
f 2172 2121 2204
f 2124 2175 2171
f 2010 2007 2122
f 2178 2071 2203
f 2270 2175 2009
f 2128 2176 2174
f 2126 2011 2272
f 2209 2178 2242
f 2270 2009 2209
f 2073 2177 2129
f 2272 2011 2127
f 2212 2130 2210
f 2073 2039 2213
f 2213 2039 2035
f 2210 2130 2181
f 2129 2132 2038
f 2131 2181 2130
f 2179 2134 2281
f 2180 2214 2215
f 2038 2132 2077
f 2133 2216 2013
f 2135 2134 2079
f 2180 2135 2136
f 2180 2136 2078
f 2080 2136 2082
f 2131 2130 2082
f 2083 2136 2135
f 2082 2136 2083
f 2131 2082 2042
f 2085 2137 2139
f 2140 2137 2138
f 2140 2138 2087
f 2137 2140 2139
f 2219 2220 2049
f 2087 2017 2141
f 2017 2183 2141
f 2248 2184 2254
f 2147 2141 2183
f 2087 2141 2150
f 2146 2139 2144
f 2144 2139 2140
f 2141 2147 2150
f 2184 2186 2254
f 2140 2087 2145
f 2091 2018 2149
f 2145 2087 2150
f 2144 2140 2145
f 2142 2187 2143
f 2092 2222 1972
f 2225 2150 2147
f 2144 2145 2151
f 1972 2222 2189
f 2151 2146 2144
f 2227 1923 2187
f 2149 2153 2226
f 2097 2153 2149
f 2192 2154 2096
f 2159 2150 2225
f 2153 2097 2093
f 2193 2153 2093
f 2145 2150 2163
f 2151 2145 2158
f 2158 2145 2163
f 1925 2262 2194
f 2150 2159 2160
f 2195 2158 2161
f 2199 2000 1998
f 2160 2163 2150
f 2159 2197 2160
f 2161 2158 2163
f 1928 2228 2096
f 2162 2160 2197
f 2161 2163 2198
f 2164 2160 2162
f 2163 2160 2164
f 2198 2163 2164
f 2264 1949 2232
f 1973 2110 2109
f 2110 1973 2166
f 2342 2265 1870
f 2342 1870 1950
f 2063 2110 2166
f 2063 2166 2029
f 2029 2166 2167
f 2113 2169 2348
f 2120 2170 2032
f 2266 2205 2172
f 2172 2204 2266
f 2206 2173 2123
f 2121 2172 2208
f 2122 2271 2239
f 2269 2178 2203
f 2208 2033 2121
f 2174 2176 2207
f 2353 2010 2352
f 2127 2010 2353
f 2272 2127 2353
f 2242 2178 2269
f 2355 2177 2073
f 2128 2246 2176
f 2073 2360 2355
f 2073 2213 2360
f 2128 2216 2246
f 2217 2133 2081
f 2132 2217 2077
f 2135 2281 2134
f 2215 2281 2135
f 2180 2215 2135
f 2181 2131 2182
f 2036 2181 2182
f 1922 2423 2043
f 2183 1966 2253
f 2043 2423 2051
f 1966 2088 2469
f 1966 2469 2253
f 2146 2255 2139
f 2368 1969 2424
f 1904 2090 2221
f 1968 2185 2142
f 1968 2091 2185
f 2221 2092 1904
f 2091 2149 2223
f 2185 2091 2223
f 1969 2593 2424
f 2187 2142 2185
f 2258 2187 2185
f 2147 2315 2225
f 2146 2151 2188
f 2149 2226 2223
f 2152 2154 2191
f 2226 2153 2260
f 2154 2192 2191
f 2471 2159 2225
f 2188 2151 2158
f 2193 2260 2153
f 2156 2261 2193
f 2156 2191 2261
f 2191 2156 2152
f 2157 2263 1925
f 2195 2188 2158
f 2059 2101 2332
f 2332 2101 2190
f 1998 2229 2199
f 2159 2498 2197
f 1928 2264 2228
f 2059 2332 2108
f 2162 2197 2230
f 2107 2231 2625
f 2165 2024 2060
f 2162 2230 2200
f 2164 2162 2201
f 2162 2200 2201
f 2164 2201 2198
f 2233 2390 1826
f 2165 2522 2112
f 1884 1951 2346
f 2346 1951 2499
f 1953 1884 2346
f 1953 2346 2523
f 2064 2113 2397
f 1953 2523 1977
f 2397 2113 2348
f 1977 2475 1978
f 1978 2475 2168
f 1841 2115 1957
f 2117 2235 2069
f 2117 2116 2235
f 1890 2350 1936
f 2069 2235 1913
f 2119 2170 2267
f 2205 2266 2119
f 2237 1893 1913
f 2268 2206 2123
f 2122 2239 2408
f 2123 2126 2268
f 2125 2174 2351
f 2010 2122 2408
f 2208 2172 2273
f 2268 2126 2272
f 2209 2242 2270
f 2355 2243 2177
f 2034 2033 2208
f 2213 2035 2211
f 2210 2277 2212
f 2245 2244 2210
f 2246 2278 2176
f 2283 2177 2243
f 2177 2283 2129
f 2181 2245 2210
f 2216 2133 2246
f 2129 2283 2132
f 2085 2139 2218
f 2221 2089 2220
f 2183 2253 2147
f 2221 2090 2089
f 2186 2372 2254
f 2223 2258 2185
f 2051 2224 2148
f 2186 2319 2372
f 2222 2425 2189
f 2148 2224 2101
f 2224 2190 2101
f 2425 2155 2189
f 2227 2187 2258
f 2259 2223 2226
f 2186 2054 2319
f 2319 2054 2377
f 1999 2262 2098
f 1925 2263 2262
f 2096 2228 2192
f 2159 2471 2498
f 2003 1926 2432
f 2521 2195 2161
f 2197 2498 2230
f 2198 2521 2161
f 2229 2234 2199
f 1949 2265 2232
f 2025 2472 2343
f 2112 2522 2499
f 1950 2344 2342
f 1950 2064 2344
f 2343 2345 2062
f 2064 2397 2344
f 2062 2345 2027
f 2345 2473 2027
f 2235 2116 2524
f 2169 2119 2266
f 2235 2237 1913
f 2238 2203 2173
f 2205 2119 2267
f 2267 2170 2120
f 2171 2349 2204
f 2349 2266 2204
f 2120 2205 2267
f 2205 2273 2172
f 2349 2171 2175
f 2207 2241 2240
f 2269 2203 2238
f 2351 2174 2207
f 2271 2125 2351
f 2352 2010 2408
f 2175 2270 2349
f 2207 2176 2241
f 2277 2244 2275
f 2244 2277 2210
f 2358 2360 2211
f 2179 2358 2211
f 2360 2213 2211
f 2215 2214 2247
f 2243 2280 2283
f 2281 2215 2247
f 2245 2181 2036
f 2034 2245 2036
f 2279 2245 2034
f 2133 2217 2282
f 2282 2217 2283
f 2283 2217 2132
f 2292 2299 2293
f 2085 2218 2364
f 1878 2534 2086
f 2297 2251 2290
f 2299 2256 2293
f 2218 2139 2255
f 2423 2309 2051
f 2304 2312 2299
f 2253 2315 2147
f 2224 2051 2309
f 2255 2146 2257
f 2320 2316 2251
f 2146 2317 2257
f 2146 2188 2317
f 2223 2259 2258
f 2226 2260 2259
f 2193 2261 2260
f 2155 2539 2102
f 2227 2263 2157
f 1926 2539 2432
f 2539 1926 2102
f 2004 2567 1775
f 2231 2543 2625
f 1977 2523 2475
f 2115 2202 1957
f 2411 2269 2238
f 2240 2455 2207
f 2120 1893 2237
f 2455 2351 2207
f 2239 2271 2351
f 2242 2269 2411
f 2277 2274 2212
f 2176 2465 2241
f 2212 2274 2214
f 2278 2465 2176
f 2244 2279 2275
f 2359 2275 2279
f 2276 2179 2490
f 2179 2281 2490
f 2244 2245 2279
f 2247 2490 2281
f 2283 2280 2282
f 2361 2285 2284
f 2285 2361 2286
f 2287 2512 2420
f 2287 2420 2421
f 2289 2284 2293
f 2285 2293 2284
f 2466 2512 2288
f 2421 2291 2287
f 2286 2292 2285
f 2512 2290 2288
f 2287 2290 2512
f 2466 2288 2422
f 2291 2297 2287
f 2292 2293 2285
f 2288 2296 2422
f 2289 2293 2294
f 2288 2290 2296
f 2297 2290 2287
f 2298 2297 2291
f 2290 2251 2296
f 2293 2303 2294
f 2302 2422 2296
f 2367 2297 2298
f 2295 2304 2292
f 2293 2256 2303
f 2292 2304 2299
f 2300 2304 2295
f 2296 2251 2302
f 2304 2300 2305
f 2218 2255 2252
f 2303 2256 2369
f 2367 2307 2297
f 2307 2251 2297
f 2369 2314 2253
f 2251 2310 2302
f 2252 2255 2305
f 2251 2311 2310
f 2313 2307 2367
f 2310 2306 2302
f 2305 2308 2304
f 2255 2308 2305
f 2253 2314 2315
f 2304 2308 2312
f 2308 2255 2257
f 2307 2320 2251
f 2470 2314 2256
f 2426 2312 2308
f 2316 2311 2251
f 2327 2470 2256
f 2313 2318 2307
f 2315 2495 2225
f 2299 2327 2256
f 2224 2373 2190
f 2307 2318 2320
f 2321 2299 2312
f 2316 2324 2311
f 2376 2321 2312
f 2327 2375 2470
f 2227 2258 2322
f 2258 2259 2322
f 2320 2333 2316
f 2327 2429 2375
f 2259 2260 2330
f 2261 2330 2260
f 2331 2330 2261
f 2191 2331 2261
f 2192 2323 2191
f 2320 2325 2333
f 2326 2429 2327
f 2321 2327 2299
f 1998 2098 2335
f 2328 2335 2098
f 2262 2328 2098
f 2329 2328 2262
f 2262 2263 2329
f 2263 2227 2329
f 2329 2227 2322
f 2323 2331 2191
f 2192 2228 2323
f 1998 2335 2229
f 2329 2384 2328
f 2322 2384 2329
f 2259 2386 2322
f 2339 2849 2377
f 2327 2334 2326
f 2321 2334 2327
f 2337 2334 2321
f 2228 2382 2323
f 2338 2431 2324
f 2316 2338 2324
f 2003 2432 2519
f 2326 2334 2336
f 2383 2338 2316
f 2333 2383 2316
f 2519 2060 2003
f 2337 2336 2334
f 2264 2382 2228
f 2264 2232 2382
f 2231 2108 2543
f 2198 2201 2521
f 2234 2340 2233
f 2341 2232 2265
f 2265 2342 2341
f 2343 2472 2391
f 1826 2392 2025
f 1826 2390 2392
f 2342 2344 2389
f 2401 2393 2344
f 2397 2401 2344
f 2403 2347 2396
f 2206 2395 2347
f 2403 2238 2347
f 2238 2173 2347
f 2347 2173 2206
f 2448 2348 2169
f 2169 2266 2448
f 2118 2412 1843
f 2118 2202 2412
f 1843 2412 2236
f 2412 2350 2236
f 2443 2239 2351
f 2352 2409 2353
f 2410 2268 2272
f 2454 2240 2412
f 2455 2240 2454
f 2408 2239 2443
f 2120 2237 2273
f 2350 2412 2357
f 2412 2240 2357
f 2273 2205 2120
f 2415 2356 2417
f 2240 2241 2357
f 2355 2354 2243
f 2275 2415 2277
f 2356 2415 2275
f 2359 2356 2275
f 2419 2417 2359
f 2359 2417 2356
f 2418 2354 2463
f 2179 2276 2358
f 2418 2243 2354
f 2418 2280 2243
f 2274 2247 2214
f 2279 2419 2359
f 2034 2419 2279
f 2208 2419 2034
f 2292 2286 2514
f 2291 2513 2362
f 2295 2292 2514
f 2610 2295 2514
f 2648 2289 2294
f 2291 2362 2298
f 2610 2300 2295
f 2303 2363 2294
f 2086 2534 2611
f 2362 2366 2298
f 2422 2302 2467
f 2298 2366 2367
f 2468 2219 2250
f 2369 2363 2303
f 2365 2467 2309
f 2306 2467 2302
f 2467 2306 2309
f 2253 2469 2618
f 2367 2366 2313
f 2220 2370 2221
f 2306 2373 2309
f 2306 2310 2373
f 2366 2494 2313
f 2369 2256 2314
f 2309 2373 2224
f 2370 2092 2221
f 2222 2092 2370
f 2310 2371 2373
f 2310 2311 2371
f 2254 2372 2559
f 2427 2313 2494
f 2257 2426 2308
f 2372 2319 2496
f 2318 2313 2427
f 2536 2225 2495
f 2426 2376 2312
f 2374 2190 2373
f 2428 2371 2311
f 2536 2471 2225
f 2318 2569 2320
f 2155 2425 2539
f 2324 2428 2311
f 2320 2569 2325
f 2331 2385 2330
f 2323 2381 2331
f 2326 2430 2429
f 2376 2378 2321
f 2328 2379 2335
f 2384 2379 2328
f 2384 2322 2386
f 2378 2337 2321
f 2259 2330 2386
f 2330 2385 2386
f 2331 2381 2385
f 2323 2382 2381
f 2383 2333 2568
f 2325 2568 2333
f 2004 2196 2567
f 2336 2430 2326
f 2336 2433 2430
f 2433 2336 2380
f 2336 2337 2380
f 2337 2378 2380
f 2379 2229 2335
f 2339 2107 2912
f 2379 2234 2229
f 2381 2389 2385
f 2382 2232 2381
f 2201 2542 2521
f 2384 2388 2379
f 2385 2393 2386
f 2393 2394 2386
f 2381 2232 2341
f 2060 2519 2165
f 2384 2386 2396
f 2389 2393 2385
f 2234 2387 2340
f 2388 2435 2379
f 2341 2389 2381
f 2340 2390 2233
f 2398 2435 2388
f 2341 2342 2389
f 2025 2392 2472
f 2384 2347 2388
f 2396 2347 2384
f 2344 2393 2389
f 2388 2347 2395
f 2386 2394 2396
f 2343 2391 2345
f 2388 2395 2398
f 2394 2403 2396
f 2393 2400 2394
f 2391 2473 2345
f 2400 2399 2394
f 2394 2399 2403
f 2400 2393 2401
f 2405 2404 2398
f 2168 2475 2545
f 2402 2405 2398
f 2395 2402 2398
f 2400 2407 2399
f 2401 2407 2400
f 2439 2407 2401
f 2397 2439 2401
f 2442 2439 2397
f 2348 2442 2397
f 2168 2524 2116
f 2399 2406 2403
f 2440 2406 2399
f 2407 2440 2399
f 2444 2450 2405
f 2402 2444 2405
f 2403 2406 2238
f 2448 2442 2348
f 2406 2411 2238
f 2412 2202 2454
f 2450 2410 2272
f 2351 2455 2474
f 2482 2408 2456
f 2409 2352 2408
f 2206 2268 2459
f 2446 2270 2413
f 2349 2270 2446
f 2453 2349 2446
f 2453 2448 2349
f 2448 2266 2349
f 2408 2443 2456
f 2450 2353 2409
f 2272 2353 2450
f 2270 2242 2413
f 2463 2354 2457
f 2354 2355 2457
f 2457 2355 2502
f 2415 2417 2461
f 2350 2357 2414
f 2277 2415 2486
f 2276 2416 2358
f 2241 2506 2357
f 2416 2483 2360
f 2358 2416 2360
f 2277 2486 2274
f 2241 2465 2506
f 2355 2360 2483
f 2509 2418 2463
f 2508 2208 2273
f 2508 2419 2208
f 2278 2489 2465
f 2246 2489 2278
f 2133 2510 2246
f 2282 2510 2133
f 2289 2733 2284
f 2291 2421 2513
f 2555 2466 2422
f 2218 2590 2651
f 2218 2651 2364
f 2248 2492 2249
f 2218 2252 2590
f 2423 2365 2309
f 2516 2305 2300
f 2248 2254 2591
f 2516 2252 2305
f 2219 2468 2220
f 2220 2468 2370
f 2314 2495 2315
f 2495 2314 2470
f 2257 2317 2426
f 2374 2373 2497
f 2496 2319 2719
f 2317 2188 2537
f 2719 2319 2622
f 2188 2195 2537
f 2431 2428 2324
f 2325 2569 2568
f 2234 2379 2435
f 2387 2234 2435
f 2434 2390 2340
f 2392 2436 2472
f 2436 2392 2434
f 2392 2390 2434
f 2387 2437 2340
f 2435 2437 2387
f 2437 2434 2340
f 2437 2438 2434
f 2435 2398 2437
f 1932 2576 2520
f 2473 2476 2115
f 2398 2404 2437
f 2437 2404 2438
f 2404 2449 2438
f 2438 2443 2474
f 2449 2443 2438
f 2440 2407 2441
f 2441 2407 2447
f 2439 2447 2407
f 2444 2402 2451
f 2402 2395 2451
f 2452 2445 2406
f 2440 2452 2406
f 2413 2452 2440
f 2441 2413 2440
f 2446 2413 2441
f 2447 2446 2441
f 2115 2454 2202
f 2476 2455 2115
f 2455 2454 2115
f 2443 2351 2474
f 2456 2443 2449
f 2409 2449 2404
f 2405 2409 2404
f 2450 2409 2405
f 2395 2206 2459
f 2411 2406 2445
f 2411 2445 2452
f 2446 2447 2453
f 2350 2414 1936
f 2482 2456 2449
f 2482 2449 2408
f 2409 2408 2449
f 2444 2410 2450
f 2410 2444 2458
f 2458 2459 2410
f 2410 2459 2268
f 2452 2242 2411
f 2413 2242 2452
f 2456 2507 2482
f 2415 2461 2480
f 2480 2461 2453
f 2461 2448 2453
f 2463 2482 2507
f 2460 2462 2276
f 2480 2486 2415
f 2457 2482 2463
f 2355 2483 2502
f 2276 2484 2416
f 2462 2484 2276
f 2461 2417 2464
f 2357 2506 2414
f 2509 2463 2507
f 2419 2464 2417
f 2508 2464 2419
f 2489 2246 2553
f 2246 2510 2553
f 2418 2509 2510
f 2418 2510 2282
f 2418 2282 2280
f 2289 2648 2733
f 2294 2811 2648
f 2422 2467 2491
f 1922 1770 2588
f 1922 2589 2423
f 2492 2248 2591
f 2617 2252 2516
f 2253 2618 2558
f 2559 2372 2427
f 2559 2427 2494
f 2372 2496 2427
f 2222 2535 2425
f 2373 2371 2497
f 2593 1970 2103
f 2497 2371 2428
f 2569 2318 2797
f 2377 2849 2319
f 2375 2429 2538
f 2912 2849 2339
f 2567 2196 2520
f 2520 2196 1932
f 2519 2522 2165
f 2436 2434 2438
f 2499 2522 2571
f 2472 2473 2391
f 2438 2474 2436
f 2346 2499 2572
f 2472 2477 2473
f 2474 2472 2436
f 2346 2572 2523
f 2474 2477 2472
f 2473 2477 2476
f 2168 2545 2524
f 2442 2447 2439
f 2235 2524 2504
f 2455 2476 2477
f 2474 2455 2477
f 2442 2478 2447
f 2416 2444 2551
f 2444 2479 2551
f 2451 2479 2444
f 2451 2460 2479
f 2459 2460 2451
f 2395 2459 2451
f 2478 2501 2480
f 2447 2478 2480
f 2480 2453 2447
f 2456 2482 2481
f 2457 2481 2482
f 2502 2481 2457
f 2444 2416 2484
f 2444 2484 2458
f 2462 2458 2484
f 2458 2462 2459
f 2459 2462 2460
f 2485 2274 2503
f 2274 2486 2503
f 2503 2486 2500
f 2501 2500 2486
f 2480 2501 2486
f 2504 2237 2235
f 2507 2456 2481
f 2527 2460 2487
f 2247 2274 2485
f 2237 2552 2273
f 2273 2552 2508
f 2460 2276 2487
f 2448 2461 2464
f 2528 2448 2464
f 2487 2276 2490
f 2465 2488 2506
f 2530 2490 2247
f 2489 2488 2465
f 1770 2301 2588
f 2589 1922 2588
f 2249 2492 2515
f 2253 2558 2369
f 2368 2493 2469
f 2493 2368 2424
f 2470 2560 2495
f 2675 2426 2317
f 2470 2375 2560
f 2426 2676 2376
f 2432 2539 2540
f 2954 2195 2521
f 2623 2431 2338
f 2570 2338 2383
f 2576 1936 2607
f 2500 2501 2526
f 2501 2478 2526
f 2442 2526 2478
f 2765 2442 2448
f 2414 2505 1936
f 1936 2505 2607
f 2503 2525 2485
f 2552 2237 2504
f 2583 2507 2481
f 2485 2530 2247
f 2414 2506 2505
f 2506 2488 2529
f 2531 2553 2510
f 2509 2531 2510
f 2361 2511 2286
f 2420 2512 2586
f 2421 2420 2532
f 2421 2532 2513
f 2286 2732 2514
f 2362 2513 2587
f 2364 2651 2534
f 2423 2589 2365
f 2362 2702 2366
f 2250 2515 2468
f 2467 2365 2556
f 2366 2517 2494
f 2535 2222 2370
f 2495 2560 2536
f 2425 2535 2563
f 2317 2537 2675
f 2562 2718 2497
f 2561 2318 2427
f 2428 2562 2497
f 2561 2797 2318
f 2563 2518 2425
f 2190 2374 2564
f 2425 2518 2539
f 2565 2376 2676
f 2431 2562 2428
f 2623 2562 2431
f 1775 2567 2566
f 2107 2625 2912
f 2523 2544 2475
f 2442 2602 2526
f 2442 2765 2602
f 2524 2546 2504
f 2500 2526 2547
f 2481 2549 2581
f 2502 2549 2481
f 2502 2550 2549
f 2460 2527 2479
f 2765 2448 2528
f 2583 2481 2581
f 2483 2550 2502
f 2483 2416 2550
f 2530 2487 2490
f 2583 2554 2507
f 2529 2505 2506
f 2531 2507 2554
f 2507 2531 2509
f 2508 2528 2464
f 2489 2529 2488
f 2512 2466 2586
f 2420 2586 2532
f 2647 2284 2733
f 2513 2532 2587
f 2587 2702 2362
f 2555 2422 2491
f 2610 2533 2300
f 2300 2533 2516
f 2468 2515 2557
f 2533 2617 2516
f 2363 2369 2558
f 2591 2254 2739
f 2469 2493 2618
f 2557 2370 2468
f 2494 2517 2715
f 2559 2494 2715
f 2675 2676 2426
f 2497 2718 2374
f 2796 2471 2536
f 2375 2538 2560
f 2374 2718 2564
f 2319 2849 2622
f 2429 2430 2538
f 2378 2376 2565
f 2519 2432 2596
f 2380 2624 2541
f 2378 2624 2380
f 2378 2565 2624
f 2338 2570 2623
f 2383 2568 2802
f 2380 2541 2433
f 2519 2596 2522
f 2572 2544 2523
f 2544 2545 2475
f 2545 2574 2524
f 2524 2574 2546
f 2526 2602 2547
f 2503 2548 2525
f 2500 2548 2503
f 2500 2547 2548
f 2416 2551 2550
f 2527 2551 2479
f 2487 2530 2634
f 2528 2508 2585
f 2585 2508 2552
f 2489 2584 2529
f 2361 2284 2647
f 2361 2647 2511
f 2286 2511 2732
f 2466 2555 2586
f 2732 2610 2514
f 2294 2363 2811
f 2811 2363 2771
f 2467 2556 2491
f 2592 2557 2515
f 2254 2559 2739
f 2621 2370 2557
f 2561 2427 2496
f 2496 2719 2561
f 2539 2518 2540
f 2190 2564 2332
f 2432 2540 2596
f 2596 2571 2522
f 2571 2598 2499
f 2573 2572 2598
f 2499 2598 2572
f 2572 2573 2544
f 2599 2545 2573
f 2544 2573 2545
f 2545 2599 2574
f 2546 2574 2575
f 2577 2546 2575
f 2547 2602 2579
f 2604 2504 2577
f 2546 2577 2504
f 2578 2634 2530
f 2578 2530 2485
f 2525 2578 2485
f 2548 2578 2525
f 2580 2578 2548
f 2547 2580 2548
f 2579 2580 2547
f 2604 2643 2552
f 2504 2604 2552
f 2550 2582 2549
f 2551 2582 2550
f 2551 2606 2582
f 2527 2606 2551
f 2634 2527 2487
f 2607 2505 2584
f 2643 2585 2552
f 2505 2529 2584
f 2584 2489 2608
f 2553 2554 2583
f 2645 2528 2585
f 2553 2608 2489
f 2553 2531 2554
f 2086 2611 2612
f 2301 2086 2612
f 2301 2612 2588
f 2365 2589 2650
f 2650 2556 2365
f 2771 2363 2558
f 2590 2252 2617
f 2557 2592 2620
f 2493 2666 2618
f 2535 2370 2621
f 2518 2563 2674
f 2567 2595 2566
f 2521 2956 2954
f 2567 2520 2595
f 2383 2802 2570
f 2595 2520 2597
f 2520 2576 2597
f 2627 2573 2598
f 2573 2627 2599
f 2597 2576 2607
f 2629 2630 2574
f 2599 2629 2574
f 2630 2601 2575
f 2574 2630 2575
f 2600 2602 2603
f 2643 2600 2603
f 2577 2601 2604
f 2575 2601 2577
f 2698 2605 2638
f 2765 2603 2602
f 2600 2643 2604
f 2642 2606 2634
f 2606 2527 2634
f 2578 2632 2634
f 2605 2632 2578
f 2580 2605 2578
f 2638 2605 2580
f 2579 2638 2580
f 2641 2644 2581
f 2641 2581 2549
f 2640 2641 2549
f 2582 2642 2640
f 2606 2642 2582
f 2581 2644 2583
f 2582 2640 2549
f 2608 2553 2644
f 2585 2643 2920
f 2644 2553 2583
f 2585 2920 2645
f 2920 2969 2645
f 2587 2532 2609
f 2649 2610 2732
f 2534 2651 2652
f 2611 2534 2652
f 2611 2652 2614
f 2612 2611 2614
f 2615 2612 2614
f 2588 2612 2615
f 2654 2588 2615
f 2589 2588 2654
f 2613 2491 2556
f 2591 2616 2492
f 2616 2515 2492
f 2515 2616 2592
f 2493 2424 2666
f 2557 2620 2621
f 2536 2560 2788
f 2790 2676 2675
f 2844 2718 2562
f 2565 2676 2843
f 2623 2844 2562
f 2593 2103 2677
f 2796 2498 2471
f 2518 2594 2540
f 2594 2679 2540
f 2103 2566 2677
f 2566 2678 2677
f 2679 2596 2540
f 2595 2678 2566
f 2433 2909 2430
f 2911 2108 2332
f 2498 2804 2230
f 2679 2725 2596
f 2543 2960 2625
f 2960 2961 2625
f 2596 2725 2571
f 2725 2627 2598
f 2725 2598 2571
f 2626 2627 2684
f 2636 2628 2690
f 2627 2626 2629
f 2626 2691 2629
f 2629 2691 2628
f 2681 2597 2607
f 2693 2637 2731
f 2636 2695 2600
f 2630 2636 2601
f 2628 2636 2630
f 2629 2628 2630
f 2627 2629 2599
f 2686 2685 2608
f 2631 2731 2637
f 2687 2731 2633
f 2600 2695 2602
f 2604 2636 2600
f 2685 2681 2584
f 2685 2584 2608
f 2731 2631 2633
f 2602 2695 2579
f 2636 2604 2601
f 2584 2681 2607
f 2641 2637 2644
f 2639 2637 2641
f 2760 2688 2642
f 2632 2760 2634
f 2605 2698 2697
f 2638 2635 2698
f 2695 2635 2638
f 2687 2633 2642
f 2760 2642 2634
f 2579 2695 2638
f 2644 2637 2686
f 2631 2639 2640
f 2640 2639 2641
f 2633 2631 2640
f 2642 2633 2640
f 2686 2608 2644
f 2699 2603 2765
f 2765 2528 2645
f 2643 2646 2920
f 2586 2809 2532
f 2511 2766 2732
f 2491 2734 2555
f 2734 2701 2555
f 2652 2653 2614
f 2653 2655 2614
f 2614 2655 2615
f 2655 2654 2615
f 2650 2589 2703
f 2651 2590 2704
f 2655 2653 2706
f 2654 2655 2657
f 2589 2654 2658
f 2556 2650 2703
f 2556 2703 2613
f 2590 2617 2704
f 2658 2654 2657
f 2589 2658 2661
f 2703 2589 2661
f 2617 2533 2656
f 2708 2652 2651
f 2653 2652 2659
f 2655 2706 2660
f 2657 2655 2660
f 2591 2739 2707
f 2591 2707 2616
f 2592 2616 2620
f 2618 2666 2558
f 2711 2667 2662
f 2667 2663 2662
f 2662 2663 2710
f 2663 2664 2710
f 2710 2664 2665
f 2664 2670 2658
f 2665 2664 2658
f 2661 2658 2670
f 2661 2670 2669
f 2666 2741 2558
f 2619 2663 2667
f 2668 2663 2619
f 2664 2663 2668
f 2670 2664 2668
f 2740 2667 2711
f 2668 2619 2671
f 2717 2668 2671
f 2619 2667 2743
f 2716 2619 2743
f 2714 2668 2717
f 2670 2668 2672
f 2672 2668 2714
f 2669 2670 2672
f 2671 2619 2716
f 2894 2715 2517
f 2559 2715 2739
f 2739 2715 2778
f 2620 2673 2621
f 2593 2744 2424
f 2424 2744 2666
f 2621 2673 2674
f 2535 2621 2674
f 2535 2674 2563
f 2796 2536 2788
f 2561 2720 2797
f 2747 2593 2677
f 2674 2594 2518
f 2595 2680 2678
f 2623 2570 2850
f 2433 2541 2909
f 2680 2595 2597
f 2521 2542 2956
f 2200 2230 2758
f 2543 2959 2960
f 2680 2597 2681
f 2725 2682 2627
f 2682 2684 2627
f 2726 2681 2763
f 2683 2689 2636
f 2683 2636 2690
f 2692 2626 2762
f 2684 2762 2626
f 2763 2681 2685
f 2686 2763 2685
f 2763 2686 2729
f 2636 2689 2695
f 2628 2730 2690
f 2730 2691 2692
f 2626 2692 2691
f 2694 2727 2760
f 2689 2728 2695
f 2730 2628 2691
f 2693 2729 2686
f 2688 2687 2642
f 2694 2760 2632
f 2695 2728 2635
f 2693 2686 2637
f 2696 2694 2632
f 2697 2694 2696
f 2635 2694 2697
f 2698 2635 2697
f 2637 2639 2631
f 2605 2696 2632
f 2697 2696 2605
f 2971 2765 2645
f 2646 2700 2920
f 2645 2969 2971
f 2701 2586 2555
f 2810 2733 2648
f 2811 2810 2648
f 2769 2610 2649
f 2769 2533 2610
f 2491 2613 2734
f 2708 2651 2704
f 2533 2769 2656
f 2773 2613 2703
f 2661 2737 2703
f 2736 2617 2656
f 2617 2736 2704
f 2652 2708 2659
f 2705 2653 2659
f 2706 2653 2705
f 2660 2706 2705
f 2657 2660 2709
f 2658 2657 2709
f 2737 2773 2703
f 2816 2517 2366
f 2616 2707 2620
f 2708 2704 2711
f 2662 2708 2711
f 2659 2708 2662
f 2705 2659 2662
f 2710 2705 2662
f 2660 2705 2710
f 2665 2660 2710
f 2709 2660 2665
f 2658 2709 2665
f 2737 2661 2669
f 2707 2713 2620
f 2737 2669 2712
f 2738 2737 2712
f 2740 2704 2736
f 2711 2704 2740
f 2740 2787 2667
f 2672 2712 2669
f 2620 2713 2673
f 2672 2714 2752
f 2717 2671 2746
f 2716 2743 2749
f 2671 2716 2746
f 2714 2717 2799
f 2744 2593 2747
f 2746 2716 2749
f 2676 2790 2843
f 2674 2750 2594
f 2678 2747 2677
f 2796 2851 2498
f 2430 2906 2538
f 2564 2854 2332
f 2679 2594 2750
f 2909 2906 2430
f 2679 2750 2801
f 2756 2678 2680
f 2568 2848 2802
f 2848 2568 2569
f 2724 2748 2757
f 2753 2748 2724
f 2724 2723 2753
f 2721 2753 2723
f 2755 2721 2722
f 2756 2680 2726
f 2543 2108 2959
f 2625 2961 2912
f 2679 2801 2725
f 2201 2958 2542
f 2723 2724 2727
f 2760 2757 2759
f 2724 2757 2760
f 2727 2724 2760
f 2728 2723 2727
f 2722 2721 2689
f 2683 2722 2689
f 2755 2722 2683
f 2726 2680 2681
f 2721 2723 2728
f 2755 2683 2803
f 2725 2801 2682
f 2689 2721 2728
f 2805 2684 2682
f 2683 2690 2761
f 2684 2805 2762
f 2855 2726 2763
f 2728 2727 2635
f 2730 2916 2690
f 2692 2807 2730
f 2693 2858 2729
f 2858 2693 2859
f 2693 2731 2918
f 2635 2727 2694
f 2603 2699 2919
f 2643 2603 2764
f 2643 2764 2646
f 2511 2647 2766
f 2734 2613 2735
f 2816 2366 2702
f 2613 2773 2735
f 2774 2771 2558
f 2773 2737 2738
f 2707 2739 2778
f 2778 2713 2707
f 2740 2736 2784
f 2894 2742 2715
f 2787 2740 2837
f 2742 2778 2715
f 2791 2741 2666
f 2783 2741 2791
f 2667 2787 2743
f 2786 2738 2712
f 2744 2791 2666
f 2750 2674 2673
f 2845 2744 2747
f 2712 2672 2745
f 2788 2560 2538
f 2786 2718 2844
f 2749 2743 2798
f 2799 2717 2746
f 2672 2752 2745
f 2749 2798 2748
f 2752 2714 2751
f 2751 2714 2799
f 2746 2749 2748
f 2848 2569 2797
f 2753 2746 2748
f 2799 2746 2753
f 2751 2754 2752
f 2754 2755 2752
f 2745 2752 2755
f 2721 2754 2753
f 2755 2754 2721
f 2498 2851 2804
f 2803 2745 2755
f 2230 2804 2758
f 2683 2761 2803
f 2806 2762 2805
f 2759 2857 2688
f 2760 2759 2688
f 2762 2806 2692
f 2729 2858 2763
f 2857 2687 2688
f 2807 2692 2806
f 2918 2731 2687
f 2603 2919 2764
f 2700 2967 2920
f 2609 2532 2809
f 2766 2647 2767
f 2647 2733 2810
f 2767 2647 2810
f 2770 2819 2780
f 2770 2780 2833
f 2882 2770 2833
f 2656 2886 2736
f 2738 2887 2773
f 2558 2741 2774
f 2886 2784 2736
f 2775 2785 2780
f 2816 2894 2517
f 2774 2741 2783
f 2833 2780 2785
f 2778 2742 2835
f 2835 2713 2778
f 2784 2837 2740
f 2828 2834 2829
f 2790 2837 2784
f 2831 2903 2839
f 2783 2791 2788
f 2786 2712 2841
f 2561 2742 2840
f 2835 2742 2561
f 2835 2561 2842
f 2673 2846 2750
f 2791 2744 2845
f 2791 2796 2788
f 2794 2795 2900
f 2561 2719 2842
f 2790 2675 2537
f 2841 2718 2786
f 2718 2841 2564
f 2841 2712 2745
f 2743 2787 2798
f 2845 2747 2908
f 2800 2841 2745
f 2537 2195 2954
f 2847 2798 2787
f 2843 2624 2565
f 2844 2623 2850
f 2908 2747 2678
f 2908 2678 2756
f 2754 2799 2753
f 2751 2799 2754
f 2750 2846 2801
f 2855 2908 2756
f 2748 2798 2757
f 2570 2907 2850
f 2802 2907 2570
f 2800 2745 2803
f 2332 2854 2911
f 2759 2757 2853
f 2855 2756 2726
f 2801 2805 2682
f 2200 2758 2958
f 2201 2200 2958
f 2761 2856 2803
f 2690 2916 2761
f 2918 2687 2857
f 2916 2730 2807
f 2693 2918 2859
f 2586 2808 2809
f 2701 2808 2586
f 2732 2922 2649
f 2861 2810 2811
f 2701 2734 2865
f 2771 2866 2811
f 2771 2774 2866
f 2926 2812 2814
f 2812 2869 2814
f 2869 2867 2777
f 2872 2770 2871
f 2777 2867 2822
f 2772 2874 2930
f 2874 2819 2872
f 2770 2872 2819
f 2880 2869 2777
f 2882 2871 2770
f 2735 2773 2887
f 2874 2772 2881
f 2820 2883 2776
f 2822 2818 2885
f 2881 2775 2819
f 2780 2819 2775
f 2883 2820 2937
f 2777 2893 2880
f 2820 2776 2937
f 2824 2893 2777
f 2825 2882 2833
f 2822 2830 2777
f 2779 2890 2891
f 2823 2822 2885
f 2830 2822 2827
f 2777 2830 2824
f 2897 2784 2886
f 2821 2939 2781
f 2781 2939 2823
f 2823 2826 2822
f 2827 2822 2826
f 2785 2775 2831
f 2896 2824 2830
f 2887 2738 2786
f 2941 2831 2775
f 2900 2825 2833
f 2840 2742 2894
f 2789 2830 2827
f 2785 2899 2833
f 2901 2834 2828
f 2789 2792 2830
f 2790 2897 2943
f 2897 2790 2784
f 2941 2903 2831
f 2785 2831 2904
f 2713 2846 2673
f 2783 2788 2836
f 2792 2793 2830
f 2839 2904 2831
f 2838 2900 2795
f 2787 2837 2952
f 2835 2842 2846
f 2835 2846 2713
f 2791 2845 2796
f 2837 2790 2537
f 2795 2794 2838
f 2561 2840 2720
f 2906 2836 2788
f 2843 2790 2943
f 2952 2847 2787
f 2719 2622 2842
f 2788 2538 2906
f 2720 2950 2797
f 2845 2851 2796
f 2950 2848 2797
f 2843 2852 2624
f 2846 2805 2801
f 2757 2798 2853
f 2848 2955 2802
f 2624 2852 2541
f 2802 2955 2907
f 2856 2800 2803
f 2108 2911 2959
f 2856 2761 2915
f 2761 2916 2915
f 2763 2917 2855
f 2914 2807 2806
f 2858 2917 2763
f 2807 2965 2916
f 2700 2646 2970
f 2810 2860 2767
f 2922 2766 2767
f 2766 2922 2732
f 2609 2809 2921
f 2921 2587 2609
f 2860 2810 2861
f 2587 2921 2923
f 2701 2865 2808
f 2702 2587 2923
f 2811 2866 2861
f 2769 2649 2873
f 2864 2869 2812
f 2926 2864 2812
f 2868 2862 2768
f 2867 2863 2928
f 2864 2863 2869
f 2862 2813 2872
f 2862 2871 2768
f 2735 2865 2734
f 2872 2813 2870
f 2871 2862 2872
f 2768 2871 2868
f 2868 2871 2927
f 2877 2702 2923
f 2867 2928 2818
f 2869 2863 2867
f 2769 2873 2656
f 2927 2871 2876
f 2816 2702 2877
f 2866 2774 2884
f 2865 2735 2931
f 2872 2870 2874
f 2928 2935 2817
f 2817 2818 2928
f 2869 2880 2814
f 2875 2814 2880
f 2878 2814 2875
f 2873 2886 2656
f 2882 2876 2871
f 2867 2818 2822
f 2879 2876 2882
f 2815 2876 2879
f 2817 2935 2818
f 2880 2878 2875
f 2735 2887 2931
f 2930 2888 2772
f 2819 2874 2881
f 2881 2772 2888
f 2879 2882 2883
f 2775 2881 2888
f 2894 2816 2877
f 2883 2882 2889
f 2883 2889 2776
f 2774 2783 2884
f 2893 2936 2880
f 2888 2891 2890
f 2775 2888 2890
f 2825 2889 2882
f 2937 2776 2889
f 2885 2939 2821
f 2781 2885 2821
f 2892 2884 2783
f 2885 2781 2823
f 2782 2936 2893
f 2902 2931 2887
f 2775 2890 2941
f 2889 2825 2828
f 2782 2893 2940
f 2782 2940 2936
f 2895 2779 2891
f 2779 2895 2890
f 2895 2941 2890
f 2826 2823 2832
f 2786 2902 2887
f 2900 2901 2825
f 2825 2901 2828
f 2829 2834 2938
f 2783 2836 2892
f 2896 2893 2824
f 2899 2900 2833
f 2938 2834 2901
f 2832 2942 2826
f 2826 2942 2827
f 2793 2896 2830
f 2899 2785 2904
f 2901 2900 2838
f 2789 2827 2942
f 2900 2899 2794
f 2789 2942 2792
f 2904 2903 2941
f 2839 2903 2904
f 2792 2942 2905
f 2793 2792 2905
f 2837 2537 2952
f 2844 2902 2786
f 2948 2902 2844
f 2720 2840 2950
f 2951 2836 2906
f 2537 2954 2952
f 2841 2854 2564
f 2948 2844 2850
f 2842 2622 2846
f 2851 2845 2908
f 2910 2852 2943
f 2843 2943 2852
f 2841 2800 2856
f 2950 2949 2848
f 2849 2913 2622
f 2951 2906 2909
f 2854 2841 2856
f 2907 2948 2850
f 2949 2955 2848
f 2805 2846 2913
f 2846 2622 2913
f 2909 2541 2951
f 2951 2541 2910
f 2852 2910 2541
f 2853 2798 2847
f 2953 2907 2955
f 2851 2908 2957
f 2957 2804 2851
f 2854 2856 2911
f 2758 2804 2957
f 2853 2847 2759
f 2917 2908 2855
f 2915 2911 2856
f 2961 2914 2913
f 2805 2913 2914
f 2805 2914 2806
f 2759 2847 2964
f 2915 2916 2965
f 2759 2964 2857
f 2914 2965 2807
f 2859 2917 2858
f 2857 2964 2918
f 2970 2646 2764
f 2860 2922 2767
f 2924 2921 2809
f 2808 2924 2809
f 2922 2860 2925
f 2921 2924 2923
f 2922 2925 2926
f 2924 2808 2929
f 2865 2929 2808
f 2927 2924 2862
f 2923 2924 2927
f 2925 2860 2861
f 2864 2925 2863
f 2926 2925 2864
f 2925 2861 2863
f 2922 2873 2649
f 2924 2929 2930
f 2924 2870 2813
f 2862 2924 2813
f 2927 2862 2868
f 2861 2866 2935
f 2928 2863 2861
f 2922 2926 2878
f 2873 2922 2878
f 2870 2924 2930
f 2923 2927 2815
f 2861 2935 2928
f 2878 2926 2814
f 2815 2927 2876
f 2879 2923 2815
f 2877 2923 2879
f 2929 2865 2931
f 2870 2930 2874
f 2935 2866 2884
f 2873 2878 2932
f 2886 2873 2932
f 2929 2931 2933
f 2930 2929 2888
f 2818 2935 2885
f 2929 2933 2934
f 2880 2936 2878
f 2932 2878 2936
f 2888 2929 2934
f 2891 2888 2934
f 2879 2883 2937
f 2885 2935 2939
f 2877 2879 2937
f 2935 2884 2892
f 2886 2932 2897
f 2933 2931 2902
f 2939 2935 2892
f 2891 2934 2895
f 2829 2889 2828
f 2938 2889 2829
f 2938 2937 2889
f 2894 2877 2840
f 2939 2892 2945
f 2940 2893 2898
f 2944 2934 2933
f 2895 2934 2944
f 2877 2937 2947
f 2823 2939 2832
f 2896 2898 2893
f 2932 2940 2898
f 2936 2940 2932
f 2897 2932 2943
f 2941 2895 2944
f 2877 2947 2840
f 2832 2939 2945
f 2896 2793 2898
f 2948 2933 2902
f 2937 2938 2947
f 2944 2933 2948
f 2899 2904 2794
f 2942 2832 2945
f 2901 2838 2947
f 2938 2901 2947
f 2945 2892 2836
f 2942 2945 2905
f 2904 2941 2944
f 2946 2904 2944
f 2794 2904 2946
f 2838 2794 2946
f 2946 2947 2838
f 2910 2793 2905
f 2898 2793 2910
f 2932 2898 2943
f 2840 2947 2950
f 2951 2945 2836
f 2947 2946 2949
f 2950 2947 2949
f 2905 2945 2951
f 2898 2910 2943
f 2905 2951 2910
f 2953 2944 2948
f 2946 2944 2953
f 2949 2946 2953
f 2952 2954 2847
f 2953 2948 2907
f 2949 2953 2955
f 2912 2913 2849
f 2957 2908 2917
f 2912 2961 2913
f 2963 2957 2859
f 2758 2957 2963
f 2758 2963 2958
f 2963 2962 2958
f 2542 2958 2962
f 2964 2542 2962
f 2956 2542 2964
f 2915 2959 2911
f 2960 2959 2965
f 2914 2960 2965
f 2961 2960 2914
f 2954 2956 2964
f 2847 2954 2964
f 2964 2962 2966
f 2965 2959 2915
f 2859 2957 2917
f 2966 2963 2859
f 2962 2963 2966
f 2918 2966 2859
f 2964 2966 2918
f 2919 2972 2764
f 2970 2967 2700
f 2699 2968 2919
f 2765 2971 2699
f 2971 2968 2699
f 2764 2972 2970
f 2920 2967 2969
f 2919 2968 2972
f 2974 2969 2967
f 2974 2971 2969
f 2968 2971 2975
f 2974 2975 2971
f 2975 2972 2968
f 2972 2975 2973
f 2972 2973 2970
f 2973 2967 2970
f 2973 2975 2974
f 2967 2973 2974

