# https://github.com/mikedh/trimesh
v -0.46220405 -0.04659272 -0.57235139
v -0.46230630 -0.09874560 0.36295140
v -0.46222109 -0.04488775 0.62007955
v -0.46241059 -0.04028289 -0.38926661
v -0.46204854 -0.09897509 -0.62984789
v -0.45970762 0.04261121 -0.29932897
v -0.45983021 0.04305086 -0.44480762
v -0.46057101 0.01673671 -0.35467042
v -0.45999817 0.02633292 -0.41526333
v -0.46029763 0.00359441 -0.63447004
v -0.46041533 -0.02201287 -0.47927430
v -0.45982006 0.04323213 -0.62491336
v -0.45985588 0.04322957 -0.61700386
v -0.45990354 0.04322957 -0.60914397
v -0.45990199 0.04322957 -0.60128403
v -0.45989743 0.04322957 -0.59342414
v -0.45988539 0.04322957 -0.58556420
v -0.45989940 0.04322957 -0.57770425
v -0.45989797 0.04322957 -0.56984437
v -0.45990881 0.04322957 -0.56198442
v -0.45990917 0.04322957 -0.55412453
v -0.45989358 0.04322957 -0.54626459
v -0.45988604 0.04322957 -0.53840464
v -0.45989233 0.04322957 -0.53054476
v -0.45988825 0.04322957 -0.52268481
v -0.45985898 0.04322957 -0.51482493
v -0.45983291 0.04322957 -0.50696498
v -0.45981383 0.04322957 -0.49910507
v -0.45980543 0.04322957 -0.49526113
v -0.45981228 0.04322957 -0.40478599
v -0.45980543 0.04322957 -0.40614116
v -0.45985359 0.04322957 -0.39692608
v -0.45990962 0.04322957 -0.38906613
v -0.45995254 0.04325516 -0.38598312
v -0.45980543 0.04326231 -0.62486380
v -0.45980543 0.04333223 -0.61700386
v -0.45980543 0.04342854 -0.60914397
v -0.45980543 0.04342554 -0.60128403
v -0.45980543 0.04341547 -0.59342414
v -0.45980543 0.04338968 -0.58556420
v -0.45980543 0.04341691 -0.57770425
v -0.45980543 0.04341151 -0.56984437
v -0.45980543 0.04343034 -0.56198442
v -0.45980543 0.04342926 -0.55412453
v -0.45980543 0.04339712 -0.54626459
v -0.45980543 0.04338213 -0.53840464
v -0.45980543 0.04339304 -0.53054476
v -0.45980543 0.04338405 -0.52268481
v -0.45980543 0.04332912 -0.51482493
v -0.45980543 0.04328042 -0.50696498
v -0.45980543 0.04324181 -0.40478599
v -0.45980543 0.04331568 -0.39692608
v -0.45980543 0.04341547 -0.38906613
v -0.45474467 -0.33402709 -0.46986144
v -0.45470467 -0.28498793 0.49822774
v -0.45466411 -0.30525888 0.43291509
v -0.45448867 -0.25340022 0.59978431
v -0.45498221 -0.27467551 0.64238187
v -0.45030354 -0.24439955 -0.39018395
v -0.45500974 -0.21833084 -0.57953472
v -0.45389955 -0.28249187 -0.60605720
v -0.45236625 -0.22057503 -0.32509854
v -0.45267040 -0.15007184 0.43636519
v -0.45359244 -0.16125728 -0.58165130
v -0.45158726 -0.20423413 0.37490722
v -0.45225176 -0.13956249 -0.62641317
v -0.44479437 -0.08348078 -0.34870278
v -0.45140169 -0.11816738 0.38415252
v -0.45588724 -0.10399389 -0.40510080
v -0.45691666 -0.07902535 0.65695919
v -0.45521364 -0.07500553 0.43378292
v -0.45606333 -0.07295707 -0.38706898
v -0.45194279 -0.06231305 0.61926121
v -0.45620320 -0.04300422 0.46779289
v -0.45386401 -0.05531713 -0.55589543
v -0.45198381 -0.03797794 -0.42001269
v -0.45537931 -0.06342465 -0.29454653
v -0.45738162 -0.01583464 0.49202348
v -0.46127376 -0.02806676 -0.53282477
v -0.45622989 -0.04026753 0.58410170
v -0.44870201 0.04072131 0.36648447
v -0.46174794 -0.04090007 0.43957057
v -0.45457745 0.05108950 -0.62486380
v -0.45452975 0.05109270 -0.58868780
v -0.45392964 0.05106756 -0.53226893
v -0.45835120 0.04607106 -0.48788421
v -0.45145835 0.05301429 -0.41544126
v -0.45423929 -0.23993949 0.43367148
v -0.44555430 -0.23180118 0.25637317
v -0.43508865 -0.21951598 0.60565247
v -0.44397387 -0.24010208 -0.00453390
v -0.45089320 -0.21481709 -0.63569212
v -0.44508151 -0.21533045 -0.27681626
v -0.44450636 -0.21384568 0.10270025
v -0.44343996 -0.21352658 -0.09291155
v -0.44297166 -0.21324650 0.17638926
v -0.45144758 -0.22382794 0.66684147
v -0.45742854 -0.11035639 -0.29243550
v -0.44736197 -0.14331767 -0.64508530
v -0.44747452 -0.13552373 -0.30779100
v -0.44361086 -0.16303005 0.36847154
v -0.45434442 -0.14479963 0.61216659
v -0.44890674 -0.10302135 0.82250619
v -0.45347030 -0.12782349 0.35367444
v -0.45446655 -0.10495639 0.46632416
v -0.42384574 -0.14470953 0.57536075
v -0.44927824 -0.11935145 0.67839266
v -0.45394302 -0.09672688 0.55713314
v -0.44488000 -0.07897013 0.40078565
v -0.43543110 -0.08146605 0.80918759
v -0.44711605 -0.06789107 0.77402288
v -0.44360875 -0.07096545 0.70981928
v -0.44950151 -0.04322957 -0.40478599
v -0.44297751 -0.05158442 -0.38619101
v -0.44094876 -0.05252835 -0.29458527
v -0.44454154 -0.03590815 0.65270204
v -0.45794130 0.04863370 -0.64446822
v -0.44777100 -0.02711369 -0.66090589
v -0.44986160 0.02943153 0.50021345
v -0.44247492 0.05812921 -0.75481926
v -0.45235030 0.05320616 -0.62581963
v -0.44518897 -0.33804916 -0.46583639
v -0.42775476 -0.26033448 -0.44224730
v -0.43715157 -0.24078696 -0.30000235
v -0.44487327 -0.24009921 0.35533780
v -0.43715148 -0.24341842 0.78916013
v -0.45371006 -0.25256134 -0.56165325
v -0.44301827 -0.23980007 -0.30105855
v -0.43061035 -0.23513531 0.45679014
v -0.44180901 -0.16266144 -0.57446709
v -0.45335113 -0.16956457 -0.36845708
v -0.43626277 -0.20996672 0.36574652
v -0.43526444 -0.19651812 0.72711736
v -0.43801283 -0.16927236 0.80251486
v -0.43617763 -0.15626259 0.71902343
v -0.45105524 -0.10071292 -0.53259218
v -0.43404579 -0.04706905 -0.72947697
v -0.43887113 -0.08452549 -0.67328423
v -0.43436995 -0.05337656 0.44706491
v -0.44129078 -0.05832429 -0.37049359
v -0.44216805 -0.01452313 0.72334109
v -0.44100277 0.01994748 0.65542574
v -0.44964190 0.02512485 0.53845254
v -0.45114331 0.03017378 0.44968742
v -0.43547203 0.06344883 -0.80854827
v -0.44215829 0.05854817 -0.50156875
v -0.44897984 -0.32711912 -0.54116843
v -0.45215156 -0.30643071 -0.38085593
v -0.45367653 -0.28358462 -0.48222608
v -0.44890413 -0.27886710 0.63948112
v -0.43782933 -0.24110834 0.16963262
v -0.43996846 -0.24086356 0.35619535
v -0.43123594 -0.24592953 -0.54614777
v -0.43156790 -0.18907190 -0.38491097
v -0.42155569 -0.23917401 0.93102601
v -0.43059487 -0.20143596 0.83588526
v -0.43204843 -0.19842565 0.79356450
v -0.44450086 -0.21314916 0.33255217
v -0.44574699 -0.24420443 0.70245220
v -0.43788506 -0.20330127 -0.65935476
v -0.43984404 -0.14346604 0.87632958
v -0.42380021 -0.19081603 0.45439640
v -0.43647063 -0.12942010 -0.67242047
v -0.43496401 -0.09282086 -0.69682833
v -0.40642020 -0.09983663 -0.61810445
v -0.39791622 -0.19095919 0.31242487
v -0.43773320 -0.10808228 -0.42744926
v -0.42518975 -0.11171097 0.52155664
v -0.43260565 -0.10206645 -0.47565956
v -0.43382593 -0.05869555 0.83585899
v -0.43194382 -0.06124757 -0.73693552
v -0.43429305 -0.08224078 0.40872374
v -0.42651370 0.00487261 0.73990812
v -0.44505413 0.02290038 0.57946223
v -0.45709273 0.04977617 -0.33566725
v -0.42099776 -0.25463954 0.50863014
v -0.42050582 -0.23972763 0.35797966
v -0.42746931 -0.20805637 -0.51490584
v -0.42114575 -0.21928341 -0.46513021
v -0.42563872 -0.20264565 0.55523660
v -0.42408901 -0.19171318 0.93734912
v -0.42243629 -0.19158040 0.58170930
v -0.41522210 -0.17939470 -0.45272223
v -0.42421659 -0.20130401 -0.41410865
v -0.42504181 -0.16182346 -0.42337544
v -0.42252194 -0.15369109 0.48757034
v -0.42611862 -0.14207624 -0.74962564
v -0.41449999 -0.15682282 0.90049697
v -0.42213199 -0.13714650 0.53090650
v -0.42319100 -0.11489736 -0.48100906
v -0.42050582 -0.12968871 -0.45238161
v -0.42050607 -0.12183152 -0.45980839
v -0.42050582 -0.12183455 -0.45980543
v -0.39823400 -0.08833864 -0.27206236
v -0.42050582 -0.11902842 -0.46766537
v -0.42881690 -0.08068194 -0.75145285
v -0.42004773 -0.11936118 0.86167563
v -0.42201646 -0.06499097 -0.81151351
v -0.43216079 -0.09170514 -0.60701632
v -0.41391256 -0.05919814 -0.87418557
v -0.44848772 -0.04946538 -0.55580756
v -0.42759537 -0.03037095 0.84550494
v -0.42517695 -0.01928544 -0.81449897
v -0.42431664 -0.02541736 0.88722707
v -0.43575894 0.02868827 -0.30917952
v -0.42642851 0.05690768 -0.86866965
v -0.41326434 0.07509021 -0.91436129
v -0.42743570 0.06767101 -0.86835016
v -0.43743718 0.06450371 -0.27402948
v -0.44572841 -0.33355730 0.48714896
v -0.45141990 -0.27361708 0.40220594
v -0.42134559 -0.25422006 -0.47720495
v -0.36488648 -0.26732046 -0.34362535
v -0.41264591 -0.23990692 0.35762647
v -0.41264591 -0.23972763 0.35786116
v -0.42909466 -0.24368996 0.82888585
v -0.40287589 -0.23531214 0.56322552
v -0.40750387 -0.22762022 -0.41892962
v -0.41019925 -0.20660455 -0.10426324
v -0.41960862 -0.21888253 0.50238508
v -0.42185591 -0.16193148 -0.54546453
v -0.41041657 -0.20688423 0.03954400
v -0.37783279 -0.19838679 0.29603540
v -0.41451112 -0.20209891 0.31971200
v -0.44706100 -0.17546713 0.68052649
v -0.42035625 -0.18936104 -0.77941596
v -0.41316737 -0.17709108 -0.83115362
v -0.40541109 -0.16804566 -0.64291314
v -0.42177884 -0.15407827 -0.49827381
v -0.42163454 -0.13362257 -0.44970171
v -0.40496100 -0.13369251 0.48396018
v -0.42034093 -0.12968871 -0.45194551
v -0.42050290 -0.12182879 -0.45980543
v -0.42014530 -0.08949850 0.91339955
v -0.41131738 -0.02257093 -0.92056641
v -0.41940876 -0.04962120 -0.57547452
v -0.41478453 0.00263256 -0.91519137
v -0.42864829 0.02343989 -0.81957210
v -0.40260242 0.03463536 -0.29116848
v -0.38829046 -0.24550779 0.50540815
v -0.44262828 -0.24069529 -0.17022537
v -0.40478599 -0.23983562 0.35762647
v -0.40478599 -0.23972763 0.35776630
v -0.42960653 -0.20525640 -0.31128465
v -0.41047933 -0.24155903 0.94585168
v -0.40231575 -0.21258401 -0.44746275
v -0.40147569 -0.20953791 0.50597542
v -0.40686017 -0.17773983 -0.55170169
v -0.40382256 -0.20786433 -0.50099531
v -0.36502961 -0.19234128 -0.24667983
v -0.40340206 -0.19935893 0.45813359
v -0.39117588 -0.17123754 0.57804763
v -0.40468544 -0.09751335 -0.92860399
v -0.40646428 -0.10001919 0.32947293
v -0.41163021 -0.06913427 -0.59749334
v -0.40633759 -0.04977237 -0.29259817
v -0.40486205 -0.06587756 -0.09775603
v -0.40486262 -0.06407968 0.30949811
v -0.39887148 -0.06469444 -0.56957084
v -0.42941317 0.06331216 0.34671746
v -0.40122540 0.05162772 -0.19990346
v -0.42223986 0.05786829 0.42797612
v -0.40023958 0.08946408 -0.38279551
v -0.37000149 0.11266506 -0.27609310
v -0.35836883 -0.30150501 0.42862619
v -0.40520941 -0.23910005 -0.51444672
v -0.38435427 -0.23529248 -0.44947242
v -0.34878755 -0.24185416 0.15894346
v -0.37632733 -0.24115553 0.34969707
v -0.39692608 -0.23986939 0.35762647
v -0.38640302 -0.24060561 0.95936267
v -0.38648516 -0.20585579 0.54683390
v -0.37347887 -0.20146351 -0.65505901
v -0.42176224 -0.18970672 0.49370011
v -0.39910390 -0.16678724 -0.93782595
v -0.39260917 -0.15297279 0.54173582
v -0.40580405 -0.15395020 -0.50585281
v -0.40295713 -0.14121048 -0.41142631
v -0.39823904 -0.07888499 -0.25914577
v -0.40495356 -0.06653085 -0.01322077
v -0.40469105 -0.06495982 0.20682447
v -0.40204611 0.02816915 -0.25346332
v -0.40339121 -0.00694080 -0.17066287
v -0.40346241 -0.02287908 -0.00444410
v -0.40259686 -0.00319481 0.00958919
v -0.40094621 0.03372006 -0.10803627
v -0.40492235 -0.05847326 0.12355322
v -0.40358076 -0.02463926 0.16474841
v -0.40356142 -0.02231332 -0.09311440
v -0.40039017 0.03780105 0.02140466
v -0.40189798 0.00903132 0.15340511
v -0.40157925 0.02356974 -0.12603455
v -0.40580471 -0.06270542 0.33055174
v -0.40022077 0.03753560 -0.00769760
v -0.39849960 0.06157061 0.23817377
v -0.40069145 0.03463161 0.22566578
v -0.39858481 0.02485012 0.90404177
v -0.42005633 0.01929628 0.70893196
v -0.38104573 0.05614256 0.75769309
v -0.40009080 0.04902071 0.29158752
v -0.39848658 0.06523283 0.31660523
v -0.39905877 0.05972523 0.56421350
v -0.38514738 0.09280436 0.44557193
v -0.38220089 0.10686490 0.38526619
v -0.43893117 0.06232986 -0.72114759
v -0.38296547 0.10330139 -0.64050831
v -0.45483682 -0.32699898 0.57351323
v -0.41517501 -0.21889982 0.37117272
v -0.38790256 -0.23347984 -0.50152559
v -0.38906613 -0.23991376 0.35762647
v -0.38677333 -0.22738128 0.54520382
v -0.38682100 -0.21564211 -0.52403065
v -0.39931734 -0.15382008 -0.44242544
v -0.42362768 -0.20970723 -0.25830686
v -0.38666843 -0.16094328 -0.52981423
v -0.38847863 -0.15584863 0.48729029
v -0.37980773 -0.13773756 -0.25521583
v -0.40864474 -0.12368283 0.55244884
v -0.40351958 -0.11416629 -0.49841766
v -0.39877854 -0.08222045 0.04677382
v -0.40348535 -0.06703400 -0.19172686
v -0.38887336 -0.10580254 -0.08814514
v -0.38812026 -0.10999796 0.00270878
v -0.40413956 -0.06735104 0.13131872
v -0.40385227 -0.06891000 0.31479339
v -0.40495883 -0.06343246 -0.18397620
v -0.41320882 0.00246907 -0.91947287
v -0.38448287 0.04272237 0.86979160
v -0.38636209 0.04062539 0.90107559
v -0.39406593 0.07537961 -0.03357626
v -0.39070363 0.08660052 0.30634082
v -0.38876712 0.09827854 -0.77120743
v -0.38906613 0.09807656 -0.74276263
v -0.38906613 0.09810846 -0.73490274
v -0.38906613 0.09815188 -0.72704279
v -0.38906613 0.09816627 -0.71918285
v -0.38906613 0.09812994 -0.71132296
v -0.39034512 0.09698651 -0.68934749
v -0.39650845 0.09183774 -0.52498376
v -0.38387676 0.11779565 0.33655438
v -0.35945582 -0.30583883 0.61221496
v -0.37862797 -0.19147071 -0.64281816
v -0.35859262 -0.26847120 0.64649286
v -0.39057510 -0.24198710 0.01767409
v -0.36172376 -0.24965401 0.51616752
v -0.36345127 -0.19463097 -0.18087311
v -0.37359821 -0.19766580 -0.07785587
v -0.36745412 -0.19662822 -0.01460675
v -0.36353863 -0.19480849 0.14132132
v -0.35902002 -0.19066923 0.28259560
v -0.38446896 -0.21700816 -0.42204974
v -0.36501633 -0.19553164 -0.22070279
v -0.38236553 -0.20208451 0.47053324
v -0.40735144 -0.17762403 -0.86661876
v -0.38363370 -0.15243320 -0.42001797
v -0.36037732 -0.14477290 0.57058105
v -0.38754207 -0.14477296 -0.47702901
v -0.36324041 -0.14026100 -0.64406788
v -0.36712807 -0.16454559 0.29688035
v -0.38853805 -0.12381410 -0.47326882
v -0.38417618 -0.11812358 0.16513855
v -0.38650670 -0.11217230 0.22434485
v -0.35427309 -0.08079888 -0.93099524
v -0.40093411 -0.07098279 0.89551470
v -0.37132061 -0.07339756 0.88947408
v -0.38405431 0.07023981 0.63230072
v -0.39007846 0.07933493 -0.19871481
v -0.38193735 0.08102497 0.54493767
v -0.38325710 0.07697478 0.57229579
v -0.39570758 0.07357748 0.03951797
v -0.39511755 0.07389432 0.24768734
v -0.38889435 0.09824903 -0.73490274
v -0.38894680 0.09824903 -0.72704279
v -0.38896438 0.09824903 -0.71918285
v -0.38892043 0.09824903 -0.71132296
v -0.38892683 0.09824903 -0.70346302
v -0.38362043 0.10320939 -0.68974656
v -0.38378919 0.09674781 -0.22940271
v -0.40471165 0.05863262 -0.12695368
v -0.38388049 0.09104554 0.47952268
v -0.38100826 0.10601254 -0.74017551
v -0.38120621 0.10585038 -0.73490274
v -0.38120621 0.10591777 -0.72704279
v -0.38120621 0.10597954 -0.71918285
v -0.38120621 0.10601876 -0.71132296
v -0.37896334 0.11845212 0.30322366
v -0.36583303 0.13877102 -0.91924687
v -0.35055282 -0.32675538 -0.41986266
v -0.35588040 -0.32764254 -0.53433488
v -0.35868343 -0.31902863 0.58923725
v -0.34944677 -0.24458010 0.69563065
v -0.35269803 -0.23713514 0.55989442
v -0.39779808 -0.19898470 -0.69923356
v -0.36247849 -0.19450880 0.09860932
v -0.37879561 -0.17896476 0.46705579
v -0.37422844 -0.14503561 -0.05959328
v -0.37099684 -0.15281652 0.07572182
v -0.37995459 -0.12894740 -0.24361645
v -0.37694330 -0.13730907 -0.14933670
v -0.38393884 -0.12956843 0.51078431
v -0.35027593 -0.12114075 -0.61906575
v -0.36894828 -0.09628855 0.91781625
v -0.39679861 0.01165503 0.90260062
v -0.38221238 0.05987456 0.72517751
v -0.34636800 0.07811845 0.59255971
v -0.39147877 0.07303717 -0.11257668
v -0.38387256 0.09143402 -0.10032765
v -0.37119343 0.11136383 0.13980817
v -0.39494415 0.07484815 0.12266932
v -0.38119821 0.10414350 -0.77991797
v -0.38105828 0.10610895 -0.72704279
v -0.38110685 0.10610895 -0.71918285
v -0.38113725 0.10610895 -0.71132296
v -0.38115987 0.10610895 -0.70346302
v -0.38117611 0.10610895 -0.69560313
v -0.38478224 0.10140271 -0.66605648
v -0.37990383 0.10877561 -0.83042515
v -0.38301032 0.10347177 -0.53977296
v -0.36714278 0.14403870 -0.75719166
v -0.36406046 0.14679472 -0.66720139
v -0.37941481 0.12156630 -0.48402621
v -0.36463940 0.15314349 0.23361716
v -0.35454693 -0.33388787 0.52711638
v -0.35847027 -0.27329069 -0.60898112
v -0.34008394 -0.24198717 -0.04478585
v -0.33451150 -0.24208578 0.02235201
v -0.33891153 -0.24162441 0.35552950
v -0.39284063 -0.22743413 0.36428226
v -0.36361239 -0.19510730 0.16131279
v -0.40051341 -0.15982497 0.91046873
v -0.37221493 -0.15039164 -0.25038053
v -0.36035918 -0.18403227 -0.04293389
v -0.36228632 -0.18006798 0.29162230
v -0.36756783 -0.16211573 -0.16351949
v -0.36988055 -0.15664821 0.00211961
v -0.36721409 -0.16332272 0.09116296
v -0.36907534 -0.15791205 0.12193613
v -0.37492161 -0.14225518 0.22609332
v -0.37247639 -0.14903854 -0.09734229
v -0.37092119 -0.15390954 -0.02478614
v -0.37312029 -0.14806251 0.29465063
v -0.35445013 -0.11986108 -0.50131335
v -0.33111338 0.05174949 0.80008104
v -0.31722381 0.09887640 0.44887536
v -0.36940945 0.11850642 -0.41783602
v -0.36531558 0.12131617 -0.04921978
v -0.36894836 0.11498988 0.13022950
v -0.36896298 0.11531434 0.22683162
v -0.36548638 0.12169051 0.12968871
v -0.36548883 0.12182879 0.13754864
v -0.36548638 0.12182879 0.13727711
v -0.36555696 0.12182879 0.14540856
v -0.36446207 0.12436632 0.15688416
v -0.36722955 0.14273975 -0.78063863
v -0.36548638 0.12183419 0.13754864
v -0.38012585 0.12086647 0.29022767
v -0.38208123 0.10582308 -0.55638564
v -0.36028347 0.15851603 -0.57335542
v -0.35338702 -0.33351332 -0.48240117
v -0.35324486 -0.32004193 0.46463558
v -0.35514687 -0.29732747 -0.37457742
v -0.35270809 -0.30098512 -0.58363644
v -0.35470653 -0.26761721 -0.34686862
v -0.35549522 -0.24815736 0.65638513
v -0.35512814 -0.16679391 0.66716472
v -0.37240378 -0.18432903 0.67998289
v -0.35949371 -0.18986494 -0.09776364
v -0.36014759 -0.18460059 0.08572580
v -0.36499531 -0.16882817 -0.22969102
v -0.36027080 -0.18466848 -0.19097017
v -0.35984967 -0.18470076 0.14341853
v -0.38321879 -0.16735385 -0.93815879
v -0.36991688 -0.15531006 -0.13481026
v -0.36662376 -0.16531800 0.03724105
v -0.36639360 -0.16461549 0.15137694
v -0.36857179 -0.15811986 0.20448055
v -0.36475670 -0.16898833 0.25544748
v -0.34440217 -0.12186258 0.47060645
v -0.35074432 -0.15974585 0.91781063
v -0.34666370 -0.13256547 0.56864830
v -0.36246262 -0.12457300 0.66079661
v -0.35946937 -0.05207193 -0.55785586
v -0.36556065 -0.10062527 0.65547345
v -0.35475475 -0.04564854 -0.56320408
v -0.31291424 0.04759933 0.82145525
v -0.32829939 0.05782061 0.74995213
v -0.36536749 0.12143983 -0.03543586
v -0.36769186 0.11617706 0.02542263
v -0.36647625 0.11905679 0.09308277
v -0.36535471 0.12196671 0.12871358
v -0.37687074 0.10859186 -0.46985206
v -0.37103264 0.11371204 -0.36200214
v -0.35757844 0.14218402 -0.31938066
v -0.35953581 0.13197983 -0.20642979
v -0.36958138 0.11251987 -0.14675693
v -0.36205822 0.12968871 0.13754864
v -0.33420867 0.14703279 -0.92033268
v -0.35156133 0.16508275 -0.41851075
v -0.34995612 0.16595207 -0.41022367
v -0.37332067 0.14162383 -0.46714024
v -0.35527540 0.19210233 0.18958692
v -0.35788075 0.17444199 0.22711033
v -0.35857991 0.27521679 -0.81339597
v -0.35917183 0.28308434 -0.85048740
v -0.35791186 0.29249719 -0.88029420
v -0.36072684 0.28555978 -0.88566756
v -0.35980388 0.31056069 -0.94712695
v -0.35054828 -0.29840653 0.61299978
v -0.34940775 -0.32031206 0.47116472
v -0.35156682 -0.28212062 0.41414571
v -0.35152547 -0.24976158 -0.48942317
v -0.34341899 -0.26580751 0.56626835
v -0.34851756 -0.24591255 -0.61457361
v -0.35210324 -0.21835929 -0.53859204
v -0.35539555 -0.24809146 -0.46647550
v -0.35220706 -0.24741219 -0.33914748
v -0.35342703 -0.20482522 0.45601467
v -0.35511329 -0.21745139 0.37737483
v -0.35252532 -0.19163460 -0.63357669
v -0.35016104 -0.21635201 -0.40805884
v -0.34939630 -0.16792364 -0.54883074
v -0.35358485 -0.15545874 -0.31877057
v -0.35479894 -0.09604525 -0.33331788
v -0.34722365 -0.12032391 0.63001503
v -0.34875547 -0.10524509 -0.60308889
v -0.35862249 -0.06066013 -0.37318763
v -0.36379392 -0.05970811 0.60796095
v -0.35173817 -0.05842743 0.45786551
v -0.35357469 -0.03846127 0.55580667
v -0.35326738 -0.03266074 -0.42189108
v -0.34562774 -0.03636927 0.48001736
v -0.35031611 -0.03535972 0.49910395
v -0.35022503 0.00348134 0.89003509
v -0.37417593 0.06474239 0.68687125
v -0.34996857 0.15666594 -0.26465839
v -0.35789963 0.14541035 -0.71250382
v -0.35962305 0.13424602 -0.04316156
v -0.34483569 0.17015928 0.13518425
v -0.35334638 0.15906552 0.19694248
v -0.31842980 0.15116935 -0.64369669
v -0.35476941 0.15027061 -0.18016981
v -0.34837216 0.17970991 -0.52193955
v -0.35826100 0.25024700 -0.75048440
v -0.35261199 0.22154884 -0.83269746
v -0.35558193 0.23367463 -0.80416755
v -0.34587441 0.19919570 -0.72364537
v -0.35556269 0.23907741 -0.85555459
v -0.35500760 0.29471872 -0.99513204
v -0.35570023 0.24129875 -0.86631431
v -0.34148339 0.25466173 -0.77105153
v -0.35728616 0.27116731 -0.93140078
v -0.34753415 0.29430057 -0.88202708
v -0.35807036 0.31716754 -0.99311340
v -0.35172156 -0.32625306 0.56519781
v -0.34380993 -0.27707931 -0.50278806
v -0.34456658 -0.24644664 0.45273907
v -0.34717912 -0.26236567 0.50092035
v -0.34557178 -0.24119504 -0.26167866
v -0.34699190 -0.22098065 0.65107776
v -0.34589495 -0.23595477 -0.54507862
v -0.34562610 -0.31621281 -0.45934045
v -0.34568199 -0.20350491 0.41087109
v -0.34601390 -0.22754353 -0.55097784
v -0.34631172 -0.23013999 -0.38931935
v -0.34686943 -0.18860405 0.59005402
v -0.34983454 -0.18192564 -0.31445825
v -0.34459083 -0.20217888 -0.59208016
v -0.34666803 -0.18425451 0.44086677
v -0.34983647 -0.18223509 0.37690060
v -0.34991755 -0.11234223 -0.45100785
v -0.35624073 -0.07851326 0.41983225
v -0.34567126 -0.10992639 -0.51617389
v -0.34593000 -0.09013204 -0.53083782
v -0.34857862 -0.06040798 -0.40928808
v -0.34605909 -0.17151701 -0.39814347
v -0.34906977 -0.07466926 0.58556420
v -0.34549488 -0.08032398 0.51646009
v -0.34613144 -0.11196290 0.52411771
v -0.35175066 -0.05072478 -0.54566022
v -0.35173972 -0.02510166 -0.49579311
v -0.33637947 0.14763274 -0.87036311
v -0.36304086 0.15542044 -0.59395120
v -0.34812590 0.16097488 -0.05046206
v -0.35443966 0.14644736 0.10524166
v -0.33309742 0.19895972 -0.23027489
v -0.34125559 0.17851054 -0.19553907
v -0.35487810 0.16663894 -0.56121350
v -0.33579524 0.17159260 -0.84983673
v -0.35022305 0.20935592 -0.83648269
v -0.34582602 0.19054880 -0.78755422
v -0.36180478 0.16373588 -0.44419407
v -0.34999286 0.23950750 -0.96472497
v -0.34824805 0.27835211 -0.82312112
v -0.33959628 0.30520589 -0.98411876
v -0.33739266 -0.24180436 -0.14594338
v -0.32718559 -0.24207603 0.03802611
v -0.32388953 -0.24197021 0.24780731
v -0.37663409 -0.19679127 -0.30945571
v -0.35968957 -0.18873231 -0.76903205
v -0.30471176 -0.19252943 -0.65200460
v -0.25552263 0.00225161 0.89136776
v -0.26260260 -0.03467178 0.50365430
v -0.29309794 0.07942387 0.63379404
v -0.32943886 0.14786048 -0.78870714
v -0.34179399 0.17667862 0.00891148
v -0.34859240 0.15989871 0.07973559
v -0.33849560 0.19215058 -0.94564417
v -0.33659528 0.19451236 -0.37102986
v -0.33792132 0.18865237 -0.32875411
v -0.34273280 0.17995927 -0.14281374
v -0.31966668 0.18880420 -0.93323731
v -0.33174018 0.20162192 0.05823836
v -0.34416683 0.21639299 0.16030361
v -0.31847206 0.24033372 -0.47615406
v -0.33525722 0.26996835 -0.93155323
v -0.34596468 -0.20233481 0.68768094
v -0.39068562 -0.08661735 -0.60784611
v -0.37924586 -0.08204003 0.92134562
v -0.25969856 -0.05513748 0.60541246
v -0.33867917 0.08996619 0.50632543
v -0.33337935 0.16234847 -0.83001514
v -0.33226620 0.17894530 -0.90349641
v -0.30647050 0.14592068 -0.78013424
v -0.33054785 0.21451093 -0.80633512
v -0.33896465 0.18459919 -0.10097416
v -0.33721835 0.18809177 0.11159828
v -0.32235672 0.22738557 0.10953294
v -0.33761900 0.19832559 0.15159795
v -0.34302665 0.17554563 -0.31137003
v -0.31284488 0.25196822 -0.29958966
v -0.33968502 0.18186785 0.00567606
v -0.33296464 0.21896655 -0.77621717
v -0.32770654 0.18792416 -0.72771746
v -0.33087171 0.21732124 -0.42322713
v -0.33126697 0.23924774 0.13343577
v -0.33558966 0.25855334 -0.89745672
v -0.31288903 0.25384990 -0.78188538
v -0.26780491 -0.24177728 -0.14935051
v -0.25720906 -0.24199818 -0.06629944
v -0.29430160 -0.11299943 -0.63473108
v -0.35079183 -0.03800964 0.57457652
v -0.32735045 0.04225416 0.90233623
v -0.32465913 0.12260963 0.33617215
v -0.26758189 0.14925614 -0.66392193
v -0.31837355 0.17912710 -0.78616720
v -0.31547380 0.18324563 -0.54384874
v -0.32652525 0.21565761 -0.03872336
v -0.32506490 0.20820157 0.20168005
v -0.32884607 0.21343797 -0.34669333
v -0.29935843 0.27996263 -0.16374605
v -0.31298045 0.25050494 -0.42616154
v -0.33709573 0.22052539 -0.36116902
v -0.30377086 0.27981315 -0.13759697
v -0.31762738 0.24096679 -0.44508329
v -0.32689099 0.24086838 -0.94056559
v -0.31870933 0.23718220 -0.31693599
v -0.29845738 -0.24155867 -0.28120152
v -0.31914599 -0.20046670 -0.66579507
v -0.34283553 -0.18138477 0.37386040
v -0.35395093 -0.14819814 -0.31598784
v -0.32900384 -0.12984040 -0.93742793
v -0.33924907 -0.09416415 0.92357848
v -0.26286334 -0.06018427 -0.58265366
v -0.35070823 -0.03073241 -0.41384551
v -0.34078543 0.07210172 0.65413559
v -0.30740806 0.08324176 0.58598467
v -0.30683550 0.09008150 0.52874698
v -0.32589100 0.17578179 -0.91517366
v -0.33875230 0.17675037 -0.77339499
v -0.32158530 0.15913647 0.28862791
v -0.30599980 0.17962745 -0.54728964
v -0.31848387 0.18128182 0.25681875
v -0.32860985 0.23093988 -0.88134507
v -0.28501571 0.22193292 -0.77761576
v -0.31899153 0.23491002 -0.09861469
v -0.31578252 0.26364048 0.09297943
v -0.31585401 0.24212352 -0.21848262
v -0.30571242 0.27205768 -0.13271847
v -0.31856951 0.23500381 0.03469439
v -0.31712345 0.23951135 -0.02957814
v -0.24295016 -0.24205473 0.02510192
v -0.25607809 -0.24207969 0.18193119
v -0.29665979 -0.24353617 0.89422968
v -0.31168236 -0.24118195 0.96281887
v -0.29599846 -0.18450033 -0.65206648
v -0.29487585 -0.21128113 0.68958594
v -0.35650922 -0.11156817 0.39211489
v -0.25452267 -0.06977845 0.89166104
v -0.36696618 0.11595436 -0.92033805
v -0.29408432 0.05312586 0.79996172
v -0.29919379 0.08956962 0.54082658
v -0.33425673 0.10778897 0.39830267
v -0.23305491 0.15593988 -0.57780242
v -0.33155560 0.21392720 -0.51160708
v -0.30310196 0.23776635 0.16976992
v -0.31218291 0.24011116 -0.47975933
v -0.30307937 0.27588265 -0.07198842
v -0.30465088 0.27140750 -0.03514452
v -0.30285961 0.26189351 0.13042299
v -0.30522113 0.26595166 -0.97026523
v -0.29863114 0.28956012 -0.26388329
v -0.30261117 0.27902968 -0.06688674
v -0.30262992 0.27902722 -0.05894941
v -0.30262330 0.27902722 -0.05108950
v -0.30262691 0.27902722 -0.04322957
v -0.30263829 0.27902722 -0.03536965
v -0.30264401 0.27902722 -0.02750973
v -0.30001510 0.28390776 -0.02044884
v -0.30082872 0.28230044 0.02735679
v -0.30260700 0.27903828 -0.06680934
v -0.30260700 0.27907425 -0.05894941
v -0.30260700 0.27906081 -0.05108950
v -0.30260700 0.27906838 -0.04322957
v -0.30260700 0.27909198 -0.03536965
v -0.24765225 0.30756998 -0.98817808
v -0.25030622 -0.24439807 0.69743458
v -0.29842404 -0.15326849 -0.93926072
v -0.29474708 -0.15326849 -0.93928748
v -0.29474708 -0.15336587 -0.93926072
v -0.26304869 -0.13113269 0.66637867
v -0.33494608 -0.12656775 0.38666699
v -0.29693758 -0.16269136 0.93045892
v -0.32435670 -0.03095775 -0.93196214
v -0.25735825 -0.07698308 0.89756446
v -0.35361138 -0.05749336 -0.37242434
v -0.25408733 0.00528212 0.89242770
v -0.30558677 0.11955185 0.35823648
v -0.24941844 0.14470668 -0.72597544
v -0.29248970 0.21012471 0.21321618
v -0.25905962 0.25990534 -0.88467411
v -0.29935695 0.28374141 -0.12351896
v -0.29697502 0.28688717 -0.06680934
v -0.29712466 0.28688683 -0.04910944
v -0.27984246 0.30011251 -0.07036661
v -0.30059460 0.28426571 0.06313940
v -0.33720360 -0.24003528 0.35783501
v -0.25723398 -0.23827847 0.69179028
v -0.30916151 -0.20591945 -0.30582029
v -0.27132246 -0.18633491 -0.75919916
v -0.31452361 -0.16357582 -0.93646245
v -0.28688717 -0.15326849 -0.93933165
v -0.28688717 -0.15349156 -0.93926072
v -0.26101038 -0.11998318 -0.93836731
v -0.33819291 -0.10509797 -0.32561890
v -0.25697729 -0.10232275 0.39894035
v -0.25752258 -0.03786176 0.57268939
v -0.25827883 -0.03204398 -0.53671832
v -0.26731699 0.03760647 0.92593521
v -0.30015478 0.07093656 0.67895981
v -0.32243076 0.09501174 0.46986007
v -0.26917305 0.09860006 0.47931956
v -0.24732790 0.10995614 0.43144003
v -0.27186837 0.16206423 -0.81341350
v -0.27609858 0.18531522 -0.91475540
v -0.30984956 0.19050761 -0.53460009
v -0.30176928 0.20267801 -0.81542828
v -0.29056686 0.23308072 -0.87426736
v -0.29486498 0.25465014 -0.80883984
v -0.28621654 0.30404013 -0.34656768
v -0.30459125 0.28272335 -0.28733844
v -0.28124610 0.29854572 0.08382518
v -0.22239229 0.30446587 -0.99577408
v -0.26592672 -0.19969312 -0.65878770
v -0.28158548 -0.18988889 0.96378740
v -0.27902722 -0.15326849 -0.93933982
v -0.27902722 -0.15349180 -0.93926072
v -0.32701609 -0.06582934 0.61842958
v -0.33509229 0.24024593 -0.76351137
v -0.32654173 0.24829962 -0.95588366
v -0.27791971 0.30413572 -0.29818399
v -0.28249981 0.30202444 0.07009531
v -0.28671992 0.30004558 -0.39928231
v -0.24690126 -0.14956085 -0.64374357
v -0.27116731 -0.15326849 -0.93933868
v -0.27116731 -0.15347070 -0.93926072
v -0.25661098 -0.02663292 -0.50648740
v -0.26150719 -0.03008273 -0.41827048
v -0.24747213 0.08030753 0.65434817
v -0.26996958 0.09520987 0.51207025
v -0.23470003 0.09013112 0.59060160
v -0.28050332 0.18188232 -0.83407203
v -0.26699592 0.19719128 -0.87433453
v -0.26220471 0.22103409 -0.78385709
v -0.27842278 0.30459184 -0.38356812
v -0.27721020 0.30356453 -0.25441174
v -0.28503174 0.29776209 -0.16988618
v -0.27895571 0.30125747 -0.13394649
v -0.27682337 0.30236264 0.03290974
v -0.27548684 0.30284404 -0.12891976
v -0.27017297 0.30292755 -0.03808337
v -0.25863775 -0.24208444 0.10633641
v -0.26487619 -0.23979183 -0.30326260
v -0.26330739 -0.15326849 -0.93934351
v -0.26330739 -0.15347002 -0.93926072
v -0.25782372 -0.11535791 0.39130959
v -0.24966032 -0.12159146 -0.63601509
v -0.25891509 -0.06929300 -0.36063723
v -0.25865801 -0.09945102 0.65410018
v -0.25690026 -0.03057150 -0.42143970
v -0.23939170 0.04364512 0.86903954
v -0.27236968 0.05772292 0.77090819
v -0.26247364 0.14663967 -0.69967845
v -0.27740654 0.16058098 -0.56936510
v -0.33191011 0.25172945 -0.87365866
v -0.29815872 0.27469621 -0.44001972
v -0.26789977 0.28424652 -0.94844570
v -0.22770620 0.30603797 -0.25060012
v -0.25457249 -0.24191600 -0.30036674
v -0.25260385 -0.24224902 0.29701007
v -0.25381463 -0.24218567 0.35351886
v -0.25640267 -0.23787141 0.36005041
v -0.30494089 -0.19999319 0.97014186
v -0.25666070 -0.17782331 0.67942988
v -0.25544748 -0.15326849 -0.93936437
v -0.25544748 -0.15350492 -0.93926072
v -0.22321296 -0.12059591 -0.93908211
v -0.26297568 -0.11088959 -0.32546729
v -0.28229005 -0.07906780 0.93406958
v -0.25400571 -0.08970455 -0.61059044
v -0.25429892 -0.05532102 -0.37833617
v -0.25837311 -0.06076886 0.44542137
v -0.22253310 0.15693651 -0.57346838
v -0.25294987 0.15996364 -0.85024207
v -0.22057447 0.18612964 0.25184148
v -0.25636185 0.20766149 -0.51440855
v -0.27484116 0.23836506 -0.88368606
v -0.27253984 0.22867906 -0.82447159
v -0.23493293 0.25768337 -0.86270120
v -0.27459671 0.25836263 -0.96037357
v -0.24681572 0.27504197 -0.43956622
v -0.20808131 0.30637685 -0.38016390
v -0.23186801 0.30623722 -0.30595297
v -0.25187460 -0.23920340 -0.47218512
v -0.25172430 -0.24086544 -0.31058604
v -0.24929281 -0.24186629 -0.12490231
v -0.24887303 -0.24088521 0.66107274
v -0.25124560 -0.24149093 -0.57347257
v -0.25290122 -0.23203223 -0.38292685
v -0.25254348 -0.23187684 0.44509048
v -0.25331081 -0.23092411 0.68494588
v -0.25286460 -0.20158755 -0.52027002
v -0.25280470 -0.19706997 -0.33647909
v -0.25280163 -0.20773527 -0.31861446
v -0.25296671 -0.20642851 0.67147464
v -0.25128690 -0.19143871 -0.58860473
v -0.25289407 -0.18652133 -0.46529878
v -0.25685918 -0.20337687 0.36778729
v -0.25327858 -0.16665331 0.38100579
v -0.25281609 -0.23188570 0.61744922
v -0.25274413 -0.16195121 -0.57014894
v -0.25152180 -0.24013832 0.51179249
v -0.25280710 -0.15518948 -0.43122504
v -0.25669775 -0.18628423 -0.30880277
v -0.25282359 -0.17213125 0.54709785
v -0.25310535 -0.15526893 0.65590280
v -0.25292943 -0.15913225 -0.47332451
v -0.25285353 -0.12730709 -0.32866867
v -0.25281605 -0.16628019 0.47200609
v -0.32938690 -0.18017253 -0.83673722
v -0.25625936 -0.11134459 -0.32679922
v -0.25284338 -0.15026310 0.51080929
v -0.24758755 -0.15326849 -0.93933803
v -0.24758755 -0.15343639 -0.93926072
v -0.24192461 -0.13049303 -0.63374524
v -0.25006206 -0.11535890 -0.62832764
v -0.25294454 -0.12274835 -0.47850981
v -0.25274457 -0.17166955 0.43038316
v -0.25295942 -0.12693216 0.51379350
v -0.25311595 -0.10367469 0.64847270
v -0.25288481 -0.12606645 -0.37662675
v -0.25264235 -0.12855815 0.39819816
v -0.25302273 -0.12594620 0.62380788
v -0.25300741 -0.13375244 0.58284466
v -0.25273718 -0.10885562 -0.57539120
v -0.25271133 -0.05665741 -0.55733813
v -0.25299979 -0.10555007 0.52310547
v -0.25279897 -0.08382695 -0.41066396
v -0.25314109 -0.04641241 -0.38957653
v -0.25313408 -0.10047496 -0.34057960
v -0.25287184 -0.09153566 0.47927579
v -0.25295620 -0.10556112 -0.49582682
v -0.25317403 -0.06224050 0.60588917
v -0.25287253 -0.09098303 0.61681101
v -0.25281817 -0.07179413 -0.51036120
v -0.25365533 -0.07972770 0.42248066
v -0.25318226 -0.06673494 0.44721579
v -0.24532951 -0.07533039 0.92245584
v -0.25278983 -0.06869019 -0.45190462
v -0.25263652 -0.05094174 0.56238991
v -0.25276217 -0.04544050 0.56953261
v -0.25382481 -0.02629164 -0.44892581
v -0.25298089 -0.03825203 -0.40343800
v -0.25381035 -0.03908331 0.48689732
v -0.24788160 -0.06663569 0.89993577
v -0.25367611 -0.03580668 -0.53902034
v -0.25239063 -0.03193077 -0.49373681
v -0.25519834 -0.03795443 0.56485852
v -0.24512475 0.00978299 0.92572728
v -0.21443694 0.01452341 0.93754831
v -0.22014766 0.04305980 0.92996458
v -0.24030857 0.05385694 0.80310642
v -0.25860984 0.07054890 0.68344346
v -0.22488114 0.12112706 0.37605014
v -0.21184243 0.11929073 0.39627533
v -0.26327877 0.14553729 -0.91237731
v -0.24994524 0.14289717 -0.83126769
v -0.24092963 0.20504015 -0.51745015
v -0.18243573 0.30466131 -0.99728036
v -0.25078952 -0.24081040 -0.58110293
v -0.23883407 -0.24191962 -0.42677302
v -0.23995289 -0.24206555 0.48020689
v -0.25819263 -0.24042330 0.97372246
v -0.22615847 -0.23247819 0.97956837
v -0.23972763 -0.15326849 -0.93935293
v -0.23972763 -0.15346061 -0.93926072
v -0.32806226 0.13836144 -0.92291051
v -0.23455801 0.04276842 0.92861416
v -0.23456867 0.08387045 0.64878860
v -0.22281572 0.14175469 -0.84900180
v -0.19154017 0.14662162 -0.68060597
v -0.25536156 0.21583910 0.20519940
v -0.23410086 0.22582372 0.19098639
v -0.29134933 0.25262236 0.14802290
v -0.15413215 0.24516635 -0.91081583
v -0.25028038 -0.24137351 0.36619020
v -0.16769503 -0.24480274 0.70185153
v -0.23716295 -0.24382833 0.87874286
v -0.23038560 -0.20144779 -0.65094306
v -0.26430434 -0.17227349 -0.87550510
v -0.23722238 -0.17161566 0.94812684
v -0.23186770 -0.15326849 -0.93936074
v -0.23186770 -0.15346889 -0.93926072
v -0.24026709 0.04968201 0.81820961
v -0.25314628 0.10570548 -0.92631816
v -0.22941305 0.06324963 0.76759140
v -0.22795515 0.12346086 0.33308694
v -0.24256619 0.14133712 -0.83198837
v -0.23467772 0.25603233 0.14449917
v -0.21780406 0.29048429 -0.95004939
v -0.20073616 -0.24174698 -0.42810574
v -0.18399984 -0.24179854 -0.17174047
v -0.24458406 -0.24235058 0.32393755
v -0.22400779 -0.15326849 -0.93936503
v -0.22400779 -0.15347087 -0.93926072
v -0.20958870 0.00227668 0.92601416
v -0.23556356 0.05387996 0.81084457
v -0.21244579 0.10230526 0.48722671
v -0.22577625 0.11539021 0.41429435
v -0.20114615 0.10701299 0.46314996
v -0.20826494 0.15219251 -0.61996768
v -0.17195426 0.15225866 0.29502423
v -0.23539489 0.22644455 -0.76942541
v -0.22400779 0.23186770 -0.76629966
v -0.21199856 0.25405726 -0.77594591
v -0.22557707 0.29115703 -0.42056914
v -0.24775680 0.29815468 -0.40950872
v -0.19935782 0.30864755 -0.35330404
v -0.21705178 -0.24411911 0.70193598
v -0.22953727 -0.23906263 -0.58733147
v -0.21651584 -0.19573807 -0.68853080
v -0.23615203 -0.16254793 0.94025377
v -0.25002564 -0.16153094 -0.93105330
v -0.21614785 -0.15326849 -0.93935823
v -0.21614785 -0.15345168 -0.93926072
v -0.17673328 -0.09313439 0.95632453
v -0.20780566 -0.08439529 0.95117988
v -0.22282816 0.06124157 0.85453360
v -0.22402928 0.05774442 0.81121592
v -0.23173421 0.09778878 0.51514323
v -0.13920117 0.09210370 0.65898132
v -0.26410451 0.13647094 -0.92176843
v -0.21070101 0.14610622 -0.69086247
v -0.15763761 0.16850676 -0.56095797
v -0.26464113 0.16537654 0.28189928
v -0.21705018 0.23186770 -0.76634240
v -0.21614785 0.23186770 -0.76634878
v -0.21878236 0.24349597 -0.76455820
v -0.25423889 0.24640576 -0.76462659
v -0.23776283 0.23345659 -0.48756617
v -0.28716889 0.23354648 -0.48659376
v -0.22882761 0.30461575 -0.14976927
v -0.21257531 0.30330006 0.04479648
v -0.15715562 -0.24180142 -0.30176716
v -0.20595713 -0.24204655 0.07202671
v -0.20677597 -0.24254334 0.43454740
v -0.20828794 -0.15326849 -0.93937612
v -0.20828794 -0.15347861 -0.93926072
v -0.19112834 -0.07341055 0.92918386
v -0.17963864 0.19865986 -0.52587498
v -0.21242126 0.22403572 -0.77312193
v -0.20828794 0.23186770 -0.76638269
v -0.20828794 0.23200095 -0.76634240
v -0.19261029 0.26418232 -0.88569284
v -0.20322152 0.26398910 -0.45236367
v -0.18793824 -0.24182297 -0.14480406
v -0.20576867 -0.20072878 -0.66771397
v -0.19666987 -0.17910245 -0.80512563
v -0.20042801 -0.15326849 -0.93937904
v -0.20042801 -0.15347740 -0.93926072
v -0.19900532 -0.16017212 0.94666096
v -0.18715098 0.04152503 0.94480115
v -0.22552294 0.08257933 0.66302128
v -0.18496206 0.10137728 0.52196382
v -0.15524706 0.09562977 0.61285465
v -0.12740509 0.14366368 -0.89930830
v -0.26235487 0.14145807 -0.79767333
v -0.25880057 0.15120198 0.30145746
v -0.15123538 0.18084047 0.25595359
v -0.21434750 0.19434899 0.23940713
v -0.19588021 0.22336595 0.19649364
v -0.20042801 0.23186770 -0.76640576
v -0.20042801 0.23207711 -0.76634240
v -0.23344379 0.27326943 -0.97213634
v -0.14665152 0.31149153 -0.98210701
v -0.14822851 0.31003372 -0.26685971
v -0.19870507 0.30556746 -0.14699539
v -0.19059605 -0.24289092 0.54526115
v -0.21522757 -0.24218276 0.68745618
v -0.24595551 -0.24442161 0.70873340
v -0.18895165 -0.24367544 0.89689507
v -0.19902293 -0.18501964 -0.75918711
v -0.18283017 -0.17347284 -0.84202247
v -0.19256809 -0.15326849 -0.93938702
v -0.19256809 -0.15348537 -0.93926072
v -0.21376100 0.03241580 -0.93143743
v -0.18090358 0.07444705 0.73102467
v -0.21158382 0.23754817 -0.48354473
v -0.19256809 0.23210025 -0.76634240
v -0.13872445 0.30580058 0.00612241
v -0.21486703 0.30399528 -0.05977226
v -0.24119057 -0.24151514 -0.26273818
v -0.12617926 -0.24207115 0.03560564
v -0.19241489 -0.24111315 0.97806504
v -0.18470816 -0.15326849 -0.93938762
v -0.18470816 -0.15348136 -0.93926072
v -0.12816820 -0.12541493 -0.93967879
v -0.15854131 0.05883451 0.81235943
v -0.20105780 0.08782957 0.64576800
v -0.13902988 0.15561452 -0.57556789
v -0.19153160 0.23187600 -0.76640963
v -0.22293673 0.24018391 -0.86120026
v -0.25530071 0.25565070 -0.81409898
v -0.23871536 0.28302145 0.11105611
v -0.15274270 0.31001396 -0.27648864
v -0.09171193 -0.24137385 -0.58987511
v -0.18717777 -0.24345974 0.36300579
v -0.11347997 -0.24495469 0.80590311
v -0.18672122 -0.19258527 0.97928807
v -0.17727453 -0.19629971 -0.68695783
v -0.17684825 -0.15326849 -0.93938744
v -0.17684825 -0.15347542 -0.93926072
v -0.18973098 -0.15966872 -0.93141057
v -0.16590677 -0.13409004 -0.94000205
v -0.19223682 -0.03727730 0.92885085
v -0.13039217 -0.00470302 0.94120288
v -0.16260783 0.09941705 0.56684605
v -0.06969954 0.14309837 -0.91433015
v -0.19723687 0.15695046 -0.57334503
v -0.15692320 0.25875191 -0.85341358
v -0.16961907 0.25694947 0.14753642
v -0.18409485 0.28622441 -0.93237810
v -0.18614294 0.31032971 -0.98682435
v -0.11780412 0.30776458 -0.09069696
v -0.12807641 0.30691466 -0.06086470
v -0.12934765 -0.20017905 0.99228545
v -0.13325991 -0.16030674 0.95875045
v -0.16898833 -0.15326849 -0.93937689
v -0.16898833 -0.15345366 -0.93926072
v -0.14595837 -0.08224175 0.96333501
v -0.10346041 0.12130843 0.33489032
v -0.16516696 0.14566917 -0.69104340
v -0.15414345 0.23189842 -0.76645790
v -0.13869169 0.29772915 -0.40962886
v -0.19836063 0.30633106 -0.18793607
v -0.17708267 0.30419320 0.07139884
v -0.16009081 -0.24175734 -0.23455633
v -0.18162483 -0.23624586 -0.60217221
v -0.14946437 -0.18969431 0.98143454
v -0.16112840 -0.15326849 -0.93937510
v -0.16112840 -0.15344647 -0.93926072
v -0.16329543 0.09744285 -0.92745163
v -0.15101758 0.11415365 0.45130988
v -0.13055146 0.11800280 0.43692118
v -0.20826367 0.22453284 -0.77216775
v -0.14730890 0.22242696 -0.78306873
v -0.10541066 0.29872359 -0.94660079
v -0.12997543 -0.24699256 0.50781666
v -0.15169303 -0.24055481 0.98807129
v -0.14195365 -0.24135143 0.98688769
v -0.15326849 -0.15326849 -0.93938082
v -0.15100279 -0.15335134 -0.93934611
v -0.13439412 -0.07523909 0.94226205
v -0.11015450 0.11582790 0.46614081
v -0.13926351 0.12031253 0.39434836
v -0.11951108 0.14363208 -0.72471661
v -0.12576473 0.25401842 0.15424724
v -0.13793597 0.30616704 -0.38594253
v -0.10940308 0.30611536 0.07118950
v -0.12524413 -0.24186608 -0.15158307
v -0.13016683 -0.18302612 -0.76428829
v -0.13485831 -0.15263046 -0.93987583
v -0.14386219 0.12461392 0.32773230
v -0.06530484 0.14201747 -0.74170791
v -0.15744002 0.15179363 -0.62112414
v -0.17512959 0.23973519 -0.76446296
v -0.18918367 0.26711492 -0.89321756
v -0.18564326 0.29553560 0.09814043
v -0.13522287 0.30898222 -0.20838969
v -0.10911167 -0.24143990 -0.49650128
v -0.01546881 -0.24225303 0.18053157
v -0.14283999 -0.24526565 0.40377837
v -0.14496676 -0.17214863 -0.83981317
v -0.13812852 -0.15816713 -0.93282373
v -0.12408744 0.02192432 -0.93156149
v -0.12963509 0.05782744 0.85547492
v -0.15513042 0.07593211 0.73063252
v -0.13641791 0.10372428 0.55096023
v -0.11642643 0.14151364 -0.81596613
v -0.11424160 0.25471151 -0.78196919
v -0.09128696 0.28066127 -0.96875378
v -0.18672709 0.24204107 -0.47920138
v -0.11168954 0.28785098 0.11813605
v -0.06159830 0.31708427 -0.98356317
v -0.12203513 -0.24213608 0.14363413
v -0.12653779 -0.04711031 0.94224135
v -0.08998585 0.04355503 0.94421357
v -0.14843416 0.06707910 0.77301004
v -0.07300571 0.06341341 0.83979255
v -0.10391758 0.10328749 0.58559846
v -0.08421318 0.11183520 0.52792037
v -0.12261611 0.14239998 -0.84471189
v -0.14552827 0.21107711 -0.51387586
v -0.21979768 0.22133325 -0.77788823
v -0.16195944 0.27482225 -0.44068018
v -0.10055597 0.30633426 0.04816052
v -0.11266446 -0.24169778 -0.28327107
v -0.13171268 -0.24696709 0.44379567
v -0.14397090 -0.20228098 -0.67018306
v -0.09276291 -0.19724150 -0.68818092
v -0.12175424 -0.17117500 -0.83994333
v -0.13163419 -0.00979263 -0.93313551
v -0.14264919 0.04960790 0.86542295
v -0.15410339 0.14130394 -0.77892383
v -0.13401057 0.22201845 0.19761159
v -0.14923785 0.23603018 -0.48697550
v -0.09621733 0.25867237 -0.46117069
v -0.10146630 0.30875869 -0.13427167
v -0.09865665 -0.24166174 -0.39755891
v -0.07898219 -0.24168611 -0.29773509
v -0.02860223 -0.24502558 0.77580042
v -0.08643721 -0.24066765 0.99010545
v -0.13915429 -0.16201280 -0.90844918
v -0.10223713 -0.15299277 -0.93981104
v -0.10324877 -0.11885339 -0.93947998
v -0.24904128 0.01384235 -0.93179357
v -0.13066242 0.07858926 0.72865720
v -0.15414230 0.10916056 0.48053156
v -0.08911224 0.12006806 0.39921919
v -0.09136435 0.11983733 0.42155438
v -0.04859827 0.14174746 -0.84181088
v -0.09391201 0.24585638 -0.91473838
v -0.14556359 0.26073782 0.14423314
v -0.07195281 0.25934017 -0.85663486
v -0.09749346 0.28052684 0.12716978
v -0.13555002 0.29332685 -0.41838965
v -0.07539168 0.28972804 0.11776590
v -0.08509746 0.31104649 -0.36796503
v -0.11483797 0.30803795 -0.11189839
v -0.11650623 0.31293469 -0.32039995
v -0.08619035 -0.24220386 0.16195600
v -0.12603645 -0.24268989 0.25579744
v -0.06262630 -0.24486211 0.68996059
v -0.12783756 0.00620337 0.94409955
v -0.07408386 0.07053522 0.80005410
v -0.11462297 0.14995093 0.29506636
v -0.11698488 0.19615281 -0.53051919
v -0.09540726 0.19952289 0.22809424
v -0.11464720 0.23315039 0.18255108
v -0.05456538 0.22246335 -0.77382828
v -0.06920995 0.30826414 -0.06913782
v -0.06705807 -0.24209588 0.00544222
v -0.06067966 -0.24494070 0.86003761
v -0.05914625 -0.24479683 0.86738370
v 0.05164092 0.00568642 0.94008055
v -0.05509454 0.03600274 -0.93068990
v -0.06600661 0.05927813 0.86208572
v -0.07184883 0.10238212 0.61036701
v -0.07784951 0.12276820 0.32699504
v -0.10868337 0.14583651 -0.68414918
v -0.11923643 0.15583673 -0.57429068
v -0.10174101 0.21884554 -0.50627058
v -0.14379124 0.30872800 -0.99901973
v -0.07155688 -0.24452767 0.35745316
v 0.11832273 -0.07512143 0.94485649
v -0.08562389 0.00564726 -0.93226507
v -0.08518272 0.01162430 0.95516999
v -0.11239163 0.14446157 0.30222277
v -0.08547248 0.14168638 -0.83367534
v -0.07883545 0.14865359 -0.64572721
v -0.09802695 0.24370527 -0.76490380
v -0.07436358 0.21630048 -0.50980676
v -0.08392789 0.24742818 -0.47483152
v -0.16457965 0.23683035 -0.82931943
v 0.04001477 -0.24166536 -0.58825757
v -0.05566251 -0.24194078 -0.10487791
v -0.03412813 -0.17589506 -0.79513876
v -0.02922755 -0.15620614 0.95913685
v -0.05246176 0.01011522 0.94712363
v -0.08252918 0.01178988 0.95530868
v 0.00577106 0.14066795 -0.78591857
v -0.05780511 0.14107936 -0.79837158
v -0.09183386 0.20217932 0.22432379
v -0.13826114 0.25385004 -0.93370731
v -0.09019443 0.28332700 -0.92083409
v -0.07440482 0.30933062 -0.13750193
v -0.00726272 0.31236060 -0.21115782
v -0.03290151 -0.24171619 -0.34550915
v -0.09411245 -0.11668777 0.95459946
v -0.07466926 0.01153047 0.95498055
v -0.07466926 0.01178988 0.95529342
v -0.07345452 0.09558306 0.65766048
v -0.00356210 0.10032936 0.66361186
v -0.02442030 0.12014398 0.46995462
v 0.00753258 0.14208321 -0.85220021
v -0.10907849 0.14366086 -0.90621764
v -0.04592975 0.14074125 -0.77387200
v -0.04832205 0.20171332 0.22471405
v -0.01703859 0.25429194 -0.46665760
v -0.07977397 0.26708725 -0.95014608
v -0.04561224 0.30692040 0.06585276
v -0.06319511 0.31258595 -0.26569043
v -0.04250489 -0.23975669 -0.59556741
v -0.05090217 -0.24713548 0.51810293
v -0.01923905 -0.14357551 -0.94088762
v -0.06680934 0.01154258 0.95498055
v -0.06680934 0.01178988 0.95527858
v -0.11461130 0.03872016 0.95771562
v -0.00874413 0.04703177 0.93599665
v -0.03378884 0.11980078 0.34698417
v -0.05878819 0.23720688 -0.82744767
v -0.06382834 0.25910412 -0.85191455
v -0.01685594 0.30987373 -0.11785943
v -0.01111451 0.30698011 0.06644649
v -0.01389910 -0.24141568 -0.48525008
v -0.03024819 -0.24171600 -0.24802157
v -0.09895497 -0.22154034 -0.63534125
v -0.07791283 -0.16411268 -0.88066001
v -0.05718849 -0.15200798 -0.94059832
v -0.05894941 0.01156309 0.95498055
v -0.05894941 0.01178988 0.95525384
v -0.05809920 0.04653663 0.92717946
v -0.02450821 0.04165635 0.95391982
v -0.01459584 0.11379984 0.56039453
v -0.01137354 0.11199483 0.57387952
v -0.05504619 0.11750693 0.49795229
v -0.05673524 0.15472180 0.28567372
v -0.07589521 0.17265008 0.26358029
v -0.03038272 0.22367553 -0.50183506
v -0.09177449 0.26161533 -0.87253607
v -0.01307176 0.27397849 0.13849849
v -0.07591628 0.26802782 -0.89862714
v -0.01851852 -0.24460134 0.35646918
v -0.05108950 -0.15352041 -0.93926072
v -0.05108950 0.01159931 0.95498055
v -0.05108950 0.01178988 0.95521045
v 0.00016930 0.08502916 0.75662578
v -0.15455423 0.13249669 -0.92379492
v 0.00591384 0.14086193 -0.74571338
v 0.02282916 0.24471070 -0.91230182
v 0.03451081 0.26794426 -0.90146991
v 0.00290557 0.30703744 0.04589189
v -0.06663909 0.31554977 -0.33615842
v -0.00780484 0.31099041 -0.15888344
v -0.05722776 0.31065829 -0.19006145
v -0.06234741 -0.24272083 0.24619987
v -0.03181812 -0.20203230 -0.67247023
v -0.07552582 -0.18135572 -0.76861095
v -0.07187949 -0.15713979 -0.93300811
v -0.04322957 0.01165436 0.95498055
v -0.04322957 0.01178988 0.95514458
v -0.09224606 0.08727718 0.70024959
v -0.01814908 0.11974432 0.41586470
v -0.11775714 0.15543415 -0.57800821
v -0.04600073 0.17002818 0.26620152
v -0.03292056 0.28380496 -0.92337799
v -0.02253514 0.30722130 0.02243394
v -0.03480353 -0.24209500 0.06625255
v 0.04900693 -0.24665611 0.42947002
v -0.00390845 -0.24478484 0.69018075
v -0.03599997 -0.16833593 -0.84510621
v -0.03381934 -0.15335796 -0.93942612
v 0.04690858 -0.07075840 0.94254805
v -0.02166448 -0.05361307 0.94196339
v -0.03536965 0.01171073 0.95498055
v -0.03536965 0.01178988 0.95507658
v 0.00107216 0.08071605 0.78075278
v -0.00216699 0.14398304 -0.68696235
v -0.00115854 0.15239889 -0.59828399
v -0.06581622 0.23589508 -0.76480399
v -0.04803933 0.24347029 -0.88170713
v -0.05200334 0.27922978 -0.43695449
v -0.00208125 0.30178384 -0.95109472
v -0.04157055 -0.24769473 0.46906527
v -0.02698138 -0.24182564 -0.17053773
v 0.03426314 -0.24201372 -0.06270250
v 0.02949092 -0.24416855 0.33828146
v -0.03077807 -0.24666711 0.55264195
v -0.02750973 -0.15326849 -0.93945324
v -0.02750973 -0.15349390 -0.93926072
v 0.00426234 -0.14428499 -0.94083129
v -0.02750973 0.01174683 0.95498055
v -0.02750973 0.01178988 0.95503318
v -0.00298030 0.09535381 0.69697526
v -0.01775435 0.12239067 0.32451897
v -0.05961114 0.21082490 -0.51613783
v -0.05554680 0.22228523 0.19786146
v 0.08546568 0.25828571 -0.46292551
v -0.05343499 0.24666801 0.16876608
v -0.04874772 0.25382662 -0.77593531
v 0.01854086 0.26162398 -0.87712001
v -0.01402469 0.30766707 -0.38561095
v -0.00300716 0.31423556 -0.26561597
v 0.03293189 -0.24239232 0.20243323
v -0.01118733 -0.23805564 -0.59975090
v -0.01964981 -0.15326849 -0.93945390
v -0.01964981 -0.15349330 -0.93926072
v -0.00730497 -0.15712459 -0.93108720
v 0.00513614 0.01033496 0.94711541
v -0.01964981 0.01174551 0.95498055
v -0.01964981 0.01178988 0.95503461
v -0.06858237 0.11601560 -0.92557571
v -0.00049197 0.08873608 0.73590788
v -0.01618424 0.11932054 0.49956430
v -0.00422629 0.14676114 -0.65323669
v 0.02392388 0.24113608 -0.76390619
v -0.04720014 0.28925995 0.11865808
v 0.02147129 0.29646104 -0.41625688
v -0.00941392 0.30952453 -0.37833798
v 0.06687037 0.31601121 -0.34511198
v -0.02710113 -0.24137265 0.98523108
v -0.02864215 -0.20410610 -0.66849923
v -0.01178988 -0.15326849 -0.93945760
v -0.01178988 -0.15349606 -0.93926072
v 0.06785084 -0.11917700 -0.93949013
v -0.01178988 0.01173819 0.95498055
v -0.01178988 0.01178988 0.95504373
v -0.00385046 0.07504787 0.80937715
v -0.00690822 0.10843669 0.60418011
v -0.06440444 0.16975101 -0.56169880
v -0.10539755 0.30301797 0.08303893
v 0.02896958 0.29521123 0.10790595
v 0.05215939 0.31657685 -0.33933682
v -0.02485552 0.32248717 -0.99608607
v -0.01474077 -0.24166597 -0.32542762
v 0.02130450 -0.19679030 0.99018856
v -0.07711392 -0.18069582 0.97682652
v -0.00392996 -0.15326849 -0.93946654
v -0.00392996 -0.15350547 -0.93926072
v 0.01271161 -0.01279970 0.94037629
v -0.00392996 0.01174791 0.95498055
v -0.00392996 0.01178988 0.95503187
v -0.03376383 0.01965815 0.95839573
v 0.05626723 0.03860258 0.95674721
v 0.00052510 0.05580071 0.90098832
v -0.00395116 0.15562703 -0.57685253
v -0.01073917 0.16977947 0.26662644
v -0.04169452 0.20212597 -0.52600373
v -0.02058654 0.20013391 0.22787714
v -0.00860701 0.23790887 -0.83090993
v 0.00137861 0.30800735 -0.03389671
v -0.00257541 0.31595446 -0.30951366
v 0.03215214 -0.19997956 -0.67679573
v -0.00383507 -0.15340215 -0.93939617
v 0.00990555 -0.15666012 -0.93470792
v 0.00562728 -0.15162323 -0.94028983
v -0.00971851 -0.11811199 0.95292868
v -0.00080646 -0.05223663 -0.93548013
v 0.02315131 -0.10987721 0.95538466
v 0.00392996 0.01176758 0.95498055
v 0.00392996 0.01178988 0.95500773
v 0.03907055 0.16484376 -0.56691139
v -0.03357348 0.22242187 0.19879636
v -0.03658160 0.25418310 -0.78421249
v -0.00258772 0.29041831 0.11757861
v 0.02120327 0.30972188 -0.13637951
v -0.00187619 0.30840314 -0.05978040
v 0.03866156 -0.24172528 -0.35585724
v -0.00570587 -0.16871756 -0.83975569
v 0.01178988 0.01178868 0.95498055
v 0.01178988 0.01178988 0.95498198
v 0.07614272 0.08991705 0.69431709
v 0.00559599 0.10391074 0.63398358
v 0.08131012 0.12011420 0.45423234
v 0.00369785 0.13055270 0.31483982
v 0.01181141 0.16114470 -0.56985198
v 0.01178988 0.16112840 -0.56987059
v 0.05132789 0.17738357 -0.55473766
v 0.02245076 0.22908321 -0.80108023
v 0.02751516 0.31048107 -0.37355478
v 0.02760316 -0.24139174 -0.51666759
v 0.05209146 -0.24275701 0.25287854
v 0.02910165 -0.24503103 0.77528972
v 0.02365346 -0.15326906 -0.93946292
v 0.01267415 0.01178988 0.95498055
v 0.01964981 0.01178988 0.95492834
v 0.01964981 0.01180991 0.95498055
v 0.00053546 0.06866693 0.84405470
v 0.11057412 0.10085057 0.59328232
v -0.03664725 0.14272183 -0.91686026
v 0.07088242 0.14159638 -0.82673390
v 0.00033747 0.14495097 -0.67525611
v 0.01964981 0.16112840 -0.56986243
v 0.01964981 0.16114531 -0.56984437
v -0.02988960 0.24582730 -0.91701467
v 0.00011434 0.29440881 -0.98138529
v 0.11506863 -0.24167510 -0.29039740
v 0.11386024 -0.24760633 0.46467599
v 0.06268328 -0.24495937 0.68408775
v -0.02675072 -0.19703130 -0.69104481
v 0.07871390 -0.18014486 -0.77493329
v -0.02406875 -0.17549418 -0.79323428
v 0.02750973 -0.15350349 -0.93926072
v 0.02929067 -0.14524901 -0.94068946
v 0.02750973 0.01178832 0.95498055
v 0.02637336 0.01178988 0.95498055
v 0.02750973 0.01178988 0.95498246
v 0.00863868 0.11285841 0.56523966
v 0.02750973 0.16112840 -0.56988245
v 0.02750973 0.16116403 -0.56984437
v 0.04130004 0.24671218 0.17531739
v -0.00142756 0.25885378 -0.93769556
v 0.09993381 0.30871500 -0.13885755
v 0.02042352 0.30890730 -0.08971739
v 0.07063052 -0.24195605 -0.08756128
v 0.03182517 -0.24626545 0.58220911
v 0.00509670 -0.24395606 0.90811441
v 0.03536965 -0.15326849 -0.93946296
v 0.03536965 -0.15350589 -0.93926072
v 0.03536965 0.01178125 0.95498055
v 0.03536965 0.01178988 0.95499098
v 0.08051569 0.12218231 0.33055708
v 0.09922792 0.12067802 0.42327416
v 0.04221260 0.15515772 -0.57799053
v 0.03536965 0.16115192 -0.56984437
v 0.02534095 0.22004925 -0.50644669
v 0.04087396 0.25562880 -0.80582236
v 0.00113204 0.31524632 -0.99886650
v 0.08962637 0.31141429 -0.26383581
v 0.03551923 0.31158338 -0.23174818
v 0.16242578 -0.24166141 -0.25439626
v 0.05684568 -0.24209048 0.02275431
v 0.05895704 -0.24501590 0.85335747
v 0.04610721 -0.24120930 0.98645943
v 0.03830200 -0.18597088 -0.74495500
v 0.04322957 -0.15326849 -0.93945205
v 0.04322957 -0.15349546 -0.93926072
v -0.14137373 -0.09271091 0.96117238
v 0.04322957 0.01176901 0.95498055
v 0.04322957 0.01178988 0.95500582
v 0.02878586 0.01960561 0.95832762
v 0.02579225 0.02845422 -0.93111379
v 0.01215152 0.11897275 0.51192335
v 0.04983807 0.14093020 -0.78831475
v 0.04521050 0.14751016 -0.65383596
v 0.09452228 -0.24411696 0.33969749
v 0.03936944 -0.23357862 -0.61054762
v 0.11982030 -0.19996913 0.99165230
v 0.03067023 -0.15608891 0.95882561
v 0.05108950 -0.15326849 -0.93944150
v 0.05108950 -0.15348569 -0.93926072
v 0.07381948 -0.14514511 -0.94037770
v 0.10082607 -0.12041516 0.95571602
v 0.05108950 0.01177489 0.95498055
v 0.05108950 0.01178988 0.95499879
v 0.05992204 0.12123060 0.33596017
v 0.05083358 0.14308190 0.30394658
v 0.03882967 0.16420071 0.27714562
v 0.06793440 0.20537369 0.22868072
v 0.08431662 0.24309451 -0.87671826
v 0.12880695 0.28174000 -0.91869192
v 0.05787135 0.29228233 -0.42161469
v 0.05216578 0.28646375 0.12567469
v 0.09813147 0.30798861 -0.08343280
v 0.07671174 -0.24484309 0.86092315
v 0.05867433 -0.16949110 -0.83964998
v 0.05894941 -0.15326849 -0.93942803
v 0.05894941 -0.15347230 -0.93926072
v 0.12380587 -0.01941905 0.94153683
v 0.05894941 0.01177369 0.95498055
v 0.05894941 0.01178988 0.95500034
v 0.07299766 0.07799068 0.76237001
v 0.04901519 0.09776220 0.65199988
v 0.08846948 0.15539028 -0.57609718
v 0.07558386 0.18026336 0.26087013
v 0.05091232 0.21040545 0.22104170
v 0.02690811 0.32301017 -0.99736719
v 0.05894941 0.31046692 -0.37358186
v 0.02045446 0.31086547 -0.18914001
v 0.12081532 0.30581538 0.06510581
v 0.05662426 0.31051237 -0.37342114
v 0.10337342 -0.24167892 -0.36269261
v 0.15898817 -0.24202492 -0.02928673
v 0.11824893 -0.24732983 0.48280158
v 0.11310555 -0.19801456 -0.68327508
v 0.06680934 -0.15326849 -0.93941176
v 0.06680934 -0.15345569 -0.93926072
v 0.07482940 -0.15732891 -0.93111704
v 0.08232457 -0.01092136 -0.93309499
v 0.06680934 0.01176770 0.95498055
v 0.06680934 0.01178988 0.95500773
v 0.02461764 0.06242509 -0.92910423
v 0.08661139 0.04852251 0.90927392
v 0.11177114 0.09099771 0.67523236
v 0.06258621 0.12023363 0.46715832
v 0.04751408 0.11899492 -0.92483748
v 0.13975381 0.14356708 -0.91616410
v 0.09880682 0.14292983 -0.86748831
v 0.02864895 0.27017707 -0.44898394
v 0.07356614 0.29132670 0.11772070
v 0.06680934 0.31046692 -0.37334931
v 0.06680934 0.31046763 -0.37334630
v 0.12955967 -0.24482967 0.69601604
v 0.04695824 -0.20586629 -0.66581117
v 0.10614524 -0.18294474 -0.76249512
v 0.10272541 -0.15750084 -0.93177309
v 0.07466926 -0.15326849 -0.93940133
v 0.07466926 -0.15344556 -0.93926072
v 0.07466926 0.01175090 0.95498055
v 0.07466926 0.01178988 0.95502841
v 0.06902586 0.07367063 0.79082563
v 0.08291316 0.08544577 0.71727083
v 0.04791693 0.12027389 0.38284389
v 0.04957646 0.14087007 -0.75888202
v 0.06275064 0.16434973 0.27894762
v 0.00683241 0.22180628 -0.78272191
v 0.09911565 0.22907696 -0.76764344
v 0.02876456 0.26325105 -0.94500806
v 0.07636034 0.27134571 0.14174179
v 0.11472891 0.30239029 0.08483620
v 0.06687074 0.31046692 -0.37334630
v 0.07466926 0.31037158 -0.37334630
v 0.10619096 0.30875941 -0.15132888
v 0.07466926 0.31197509 -0.36548638
v 0.10212246 -0.24487754 0.85455606
v 0.03167159 -0.23523708 0.99069680
v 0.06552725 -0.18849040 0.98325222
v 0.08252918 -0.15326849 -0.93939394
v 0.08252918 -0.15343836 -0.93926072
v 0.09865003 -0.13555130 -0.94011707
v 0.12156954 -0.08362115 0.96385044
v 0.08252918 0.01172416 0.95498055
v 0.10257107 0.02562640 0.95937923
v 0.04716723 0.04376664 0.94702722
v 0.08830716 0.05669701 0.86870736
v 0.13345570 0.09036118 0.67071655
v 0.07274544 0.12079539 0.35031198
v 0.11336936 0.14232199 -0.84496702
v 0.10816870 0.14141998 -0.76170639
v 0.10572435 0.18842933 -0.54086484
v 0.07389428 0.23077593 -0.80659171
v -0.00153471 0.25019386 -0.76897219
v 0.04629844 0.26406503 -0.88947026
v 0.12682745 0.29439454 -0.98882011
v 0.10093786 0.29338689 -0.41982677
v 0.05865933 0.30791007 -0.38406248
v 0.11937045 0.30574733 0.04911196
v 0.16883122 0.30309996 0.07725433
v 0.09564587 0.31119680 -0.36789000
v 0.05982042 -0.24220444 0.15805764
v 0.13339309 -0.24225258 0.20710109
v 0.09038910 -0.15326849 -0.93938494
v 0.09038910 -0.15342967 -0.93926072
v 0.13018382 -0.15586632 0.95828582
v 0.07160805 -0.08253571 0.96105316
v 0.10853773 -0.06727842 0.94275312
v 0.10632853 0.01338962 0.95704033
v 0.15064166 0.01832804 -0.93163829
v 0.10409035 0.10619388 0.55295751
v 0.08117236 0.14110305 -0.76352614
v 0.05554140 0.20764522 -0.52012027
v 0.18342579 0.29577063 -0.41501484
v 0.10374054 0.30673042 -0.01423703
v 0.09066732 -0.24161601 -0.58720357
v 0.09749392 -0.24146109 -0.51905757
v 0.14834230 -0.24158402 -0.49259713
v 0.10204771 -0.22007634 -0.63847796
v 0.11207166 -0.20201847 -0.67268768
v 0.10294992 -0.16911736 -0.84952952
v 0.09824903 -0.15326849 -0.93936789
v 0.09824903 -0.15340964 -0.93926072
v 0.14110194 0.04536497 0.89437450
v 0.08902921 0.09824782 0.62596581
v 0.06991824 0.14645028 -0.67004226
v 0.11090923 0.30750154 -0.07291892
v 0.10610895 -0.15326849 -0.93934548
v 0.10610895 -0.15338242 -0.93926072
v 0.10395321 0.05935719 0.85069336
v 0.11639816 0.05828998 0.84785884
v 0.10805673 0.08103463 0.72815220
v 0.14159415 0.12170715 0.39262844
v 0.09914801 0.11378630 0.49299383
v 0.11152961 0.14171481 -0.82438981
v 0.11625775 0.14096399 -0.78091435
v 0.15548887 0.14685753 -0.67162921
v 0.14730501 0.17020217 -0.56015581
v 0.13060255 0.23982518 0.17751314
v 0.11607811 0.26441361 -0.88691283
v 0.08887214 0.30059775 -0.94966003
v 0.13072085 -0.24196009 -0.08141887
v 0.13655231 -0.24579774 0.59727589
v 0.11562105 -0.23741978 -0.60092111
v 0.11396887 -0.15326849 -0.93933505
v 0.11396887 -0.15337043 -0.93926072
v 0.06826455 0.09554429 -0.92706116
v 0.15899509 0.04484366 0.87712178
v 0.13740274 0.11932688 0.43600344
v 0.20854329 0.14073702 -0.79039613
v 0.15328955 0.26179762 -0.87770918
v 0.12033851 0.25885900 -0.85005268
v 0.17474106 0.30793997 -0.37839723
v 0.11637574 0.30931382 -0.20433362
v 0.10500566 0.30942660 -0.19547846
v 0.14715301 -0.24184218 -0.14500637
v 0.08044188 -0.24207957 0.06215815
v 0.10922397 -0.24460196 0.36523240
v 0.14345987 -0.19706654 0.98907454
v 0.12182879 -0.15326849 -0.93931717
v 0.12220001 -0.15329178 -0.93931714
v 0.09227189 0.14477240 0.30506501
v 0.06003225 0.25235094 0.16743637
v 0.05216925 0.24010012 -0.76444073
v 0.13338327 0.24519457 -0.91638175
v 0.11402527 0.25572139 -0.93675703
v 0.14907372 0.30929676 -0.24578127
v 0.19157587 -0.24183947 -0.42282863
v 0.13680006 -0.23836640 0.99028520
v 0.16819632 -0.23300970 -0.60956938
v 0.12228278 0.01961953 0.95642860
v 0.12955996 0.04044259 0.95420361
v 0.12895903 0.09429495 0.63780323
v 0.14848032 0.25821412 -0.84016876
v 0.18849136 0.27428194 -0.91005801
v 0.12538174 0.31120673 -0.27993276
v 0.10460905 -0.16869528 -0.85464655
v 0.13471561 -0.10747729 0.96267776
v 0.15357369 0.04175512 0.94624347
v 0.10855441 0.06129759 0.83455704
v 0.14912492 0.13151719 0.31908536
v 0.16498106 0.14304083 -0.88611340
v 0.15391713 0.15149313 -0.62277568
v 0.15696390 0.15538242 -0.57845081
v 0.10922858 0.14815353 0.30104702
v 0.11762697 0.22109181 -0.77788930
v 0.15846747 0.23043341 -0.80630851
v 0.18926002 0.30822161 -0.29998731
v 0.18210320 -0.15293761 -0.93956794
v 0.12129382 -0.14451608 -0.93998664
v 0.14438338 0.00717304 0.94406502
v 0.17332294 0.12172181 0.40048806
v 0.15511710 0.22145205 -0.77884803
v 0.14807913 0.23415850 -0.76463575
v 0.12699172 0.24394628 -0.88791349
v 0.15721334 0.26356479 0.13969334
v 0.16716288 0.28668544 -0.93206912
v 0.17678087 0.31105667 -0.98939362
v 0.16060881 0.30686630 -0.14778539
v 0.18146640 -0.24381024 0.68845254
v 0.17220798 -0.24438868 0.86881103
v 0.11510308 -0.24157924 -0.58266087
v 0.17807553 -0.19794805 -0.67735002
v 0.16717321 -0.18383889 -0.76397140
v 0.12440293 -0.16217012 0.95944354
v 0.14468985 -0.06710177 0.93836769
v 0.14275244 0.06150788 0.85537242
v 0.14364195 0.07264490 0.74772355
v 0.21142507 0.09191431 0.58213652
v 0.17058206 0.10443403 0.49805665
v 0.16692340 0.10801200 0.47867495
v 0.17535598 0.11974285 0.41599764
v 0.23044445 0.15616858 -0.57673330
v 0.15326849 0.22415745 -0.78992218
v 0.11269122 0.24740580 -0.47556515
v 0.18516843 0.27737360 -0.97400098
v 0.15401111 0.30848238 -0.21967285
v 0.19477530 0.30430194 -0.02527995
v 0.20462439 0.30368157 0.02692955
v 0.12238071 -0.24138572 0.98441854
v 0.17316842 -0.17811699 -0.80969057
v 0.15340620 -0.18419142 -0.75971835
v 0.20584938 -0.16139436 0.94372526
v 0.11640369 -0.15758572 -0.93368252
v 0.14449840 0.09906784 0.57675545
v 0.17385604 0.09105861 0.62841332
v 0.16924491 0.17299108 0.26825988
v 0.16112840 0.22400779 -0.78965598
v 0.16748383 0.22350472 -0.77386665
v 0.16112840 0.22409533 -0.78992218
v 0.16112840 0.23186770 -0.76638007
v 0.16103723 0.23187999 -0.76637616
v 0.21792404 0.27090450 -0.96931129
v 0.26818356 0.29625432 -0.41144461
v 0.13743063 0.31245216 -0.98647022
v 0.14998908 0.31015819 -0.28465672
v 0.20740195 0.30441053 -0.07525831
v 0.19582366 0.30378958 0.06572505
v 0.18922742 -0.24316840 0.40380502
v 0.18257066 -0.21532666 -0.64374084
v 0.20360084 -0.16899157 -0.88215408
v 0.19678014 -0.08213027 0.95100918
v 0.17536078 0.01609866 0.94365979
v 0.14868628 0.10889780 0.48644134
v 0.21810997 0.10036653 0.49182962
v 0.18885312 0.14264353 -0.73648992
v 0.15606792 0.22135770 -0.50414035
v 0.16898833 0.22400779 -0.78982317
v 0.16898833 0.22404040 -0.78992218
v 0.16898833 0.23186770 -0.76636672
v 0.19319579 0.23929380 -0.84236962
v 0.16898833 0.23194470 -0.76634240
v 0.14844581 0.25387631 -0.77621102
v 0.19525321 0.30855984 -0.35921448
v 0.20265411 0.30571371 -0.17282346
v 0.18550701 0.30596207 -0.14490579
v 0.18488705 -0.24472529 0.72805017
v 0.16654278 -0.09555383 -0.93808360
v 0.20491496 -0.12052125 0.94764921
v 0.20150519 0.10394724 0.47756166
v 0.12012067 0.20311558 0.22927008
v 0.20902534 0.20208169 -0.52264500
v 0.17684825 0.22400779 -0.78990293
v 0.17684825 0.22401401 -0.78992218
v 0.17684825 0.23186770 -0.76636910
v 0.17684825 0.23195298 -0.76634240
v 0.15816303 0.30640402 -0.11038203
v 0.22683181 0.30536945 -0.99504446
v 0.22578666 0.04143201 0.93123206
v 0.16811578 0.06357650 0.77827744
v 0.20579527 0.08554399 0.65403022
v 0.20349700 0.12128008 0.39243065
v 0.19617794 0.14323823 -0.90764638
v 0.23501928 0.16886892 0.27104249
v 0.18205130 0.22400779 -0.78992218
v 0.22348291 0.22039976 -0.77777689
v 0.15082166 0.21760705 0.20735283
v 0.18470816 0.23186770 -0.76638001
v 0.18470816 0.23198859 -0.76634240
v 0.23116585 0.25251725 0.14731656
v 0.17156839 0.29073269 -0.42199789
v 0.23280465 -0.24183825 -0.30858451
v 0.24736705 -0.24148290 -0.29678319
v 0.18198791 -0.24203438 0.05333882
v 0.25549647 -0.24208393 0.09105110
v 0.21026724 -0.24246444 0.29561872
v 0.19153075 -0.24322344 0.35042229
v 0.19360405 -0.24152858 0.97322396
v 0.15907517 -0.24145485 -0.58226792
v 0.25008533 -0.19726060 0.97533487
v 0.18786787 -0.10294695 0.95094940
v 0.18832652 0.00083942 0.92737526
v 0.21928409 0.05644152 0.81108139
v 0.16955950 0.08348803 0.68669181
v 0.19316034 0.09741013 0.54075436
v 0.23148967 0.14217427 -0.87047642
v 0.19266546 0.14097623 -0.77290842
v 0.19817506 0.14517911 0.30330821
v 0.19256809 0.23186770 -0.76636624
v 0.21099055 0.23648205 -0.82911927
v 0.19256809 0.23194517 -0.76634240
v 0.20065637 0.24469541 -0.92357432
v 0.22708068 0.29832034 -0.96919545
v 0.20390797 0.01483189 -0.93226628
v 0.23620600 0.14165097 -0.84655944
v 0.18831079 0.14539652 -0.69052840
v 0.16333997 0.15084234 -0.62829436
v 0.20042801 0.23187825 -0.76634240
v 0.21636238 0.28378696 -0.93751622
v 0.21291058 0.30333711 0.06850100
v 0.22664805 0.30526293 -0.20789545
v 0.22968858 -0.24249567 0.35985696
v 0.22149031 -0.24232702 0.68597668
v 0.22310596 -0.21219133 -0.63795703
v 0.21889188 -0.15328753 -0.93925935
v 0.20598082 0.02742435 0.94032052
v 0.15120548 0.14144684 -0.83170786
v 0.19416016 0.14652163 -0.67654878
v 0.19618813 0.16305245 0.27986491
v 0.19670608 0.23075532 -0.49211968
v 0.20828794 0.23186038 -0.76634240
v 0.20349206 0.23186770 -0.76634240
v 0.20828794 0.23186770 -0.76633799
v 0.22085102 0.24263712 -0.91805132
v 0.21863008 0.25779035 -0.85995204
v 0.13267051 0.26354671 -0.45558992
v 0.13434802 0.30846006 -0.99867634
v 0.23134134 -0.24194086 -0.43279414
v 0.23345821 -0.24199968 -0.08225166
v 0.25329854 -0.24203660 -0.06943918
v 0.22064334 0.07795569 0.67981076
v 0.20230348 0.12353734 0.32925591
v 0.21614785 0.23182668 -0.76634240
v 0.21614785 0.23186770 -0.76631755
v 0.20107795 0.24470103 -0.76516412
v 0.24285524 0.29053053 -0.42101149
v 0.25898476 -0.24417035 0.84553548
v 0.23720092 -0.04440841 0.92288923
v 0.23786657 0.01238909 0.92894789
v 0.29345733 0.14207465 -0.78248616
v 0.14529291 0.16006618 -0.56974211
v 0.22400779 0.23180282 -0.76634240
v 0.22400779 0.23186770 -0.76630300
v 0.22084658 0.22722477 0.18738667
v 0.20303710 0.26402408 0.13444748
v 0.25912993 0.30448332 -0.24141838
v 0.22686977 0.30332475 -0.00167853
v 0.24077477 -0.24104508 -0.48364448
v 0.24630485 -0.24134670 -0.25244423
v 0.24769270 -0.24399206 0.69360262
v 0.20985662 -0.24026962 0.97950369
v 0.22586357 -0.20129038 -0.65444259
v 0.22079482 -0.19019170 -0.71757153
v 0.20956198 -0.17467979 0.95383115
v 0.17397093 -0.18153226 -0.78107554
v 0.25310322 -0.16030797 -0.93683638
v 0.23799438 -0.11644946 -0.63225432
v 0.24340225 -0.08023463 0.93933001
v 0.20984213 0.07555092 0.70274532
v 0.27863181 0.08821726 0.56508625
v 0.18639530 0.11644952 0.42468973
v 0.28101372 0.22695835 -0.49312052
v 0.23186770 0.23180102 -0.76634240
v 0.23186770 0.23186770 -0.76630187
v 0.20833382 0.29136230 0.10242197
v 0.32928462 0.30559185 -0.98617140
v 0.27678875 0.30306847 -0.39201955
v 0.27957044 0.30177438 -0.29020205
v 0.27402195 0.30220722 0.06820765
v 0.23607080 -0.23657152 -0.59511090
v 0.24442648 -0.12611283 -0.63967261
v 0.28568258 0.04148190 0.91874436
v 0.24220172 0.08812289 0.59572844
v 0.23972763 0.23179083 -0.76634240
v 0.23972763 0.23186770 -0.76629573
v 0.21977019 0.30437536 -0.11755057
v 0.26213718 0.30289058 0.01507288
v 0.24420294 -0.24169065 -0.57448383
v 0.23460663 -0.24215255 0.25388584
v 0.24350550 -0.24091364 0.62672547
v 0.24506967 -0.23187319 -0.43786547
v 0.27827705 -0.24091701 0.97057418
v 0.24452677 -0.23117887 -0.57817220
v 0.24341185 -0.24012396 -0.30718069
v 0.24512788 -0.19040640 0.37738252
v 0.24403876 -0.24030771 0.68476411
v 0.24697384 -0.18619285 -0.30896311
v 0.24529522 -0.10645278 0.65287316
v 0.24524999 -0.16233960 -0.31911404
v 0.24581286 -0.11855781 -0.32372486
v 0.24459281 -0.14377326 -0.58069461
v 0.24508821 -0.16468215 0.57481260
v 0.24623220 -0.16098070 0.67439782
v 0.26715768 -0.16101440 0.93252778
v 0.24499863 -0.19194676 -0.56873827
v 0.24538576 -0.11843347 -0.37809277
v 0.24586050 -0.08284077 -0.35174262
v 0.24572168 -0.07847552 0.62195450
v 0.21500649 -0.06212138 -0.93607701
v 0.24546013 -0.10518785 -0.48438719
v 0.24510320 -0.15343302 0.38925952
v 0.24521342 -0.04462758 -0.55549483
v 0.23884336 -0.07592736 0.91836761
v 0.24564806 -0.10243569 0.39768739
v 0.24438639 0.00800587 0.89460108
v 0.21304751 0.08825151 -0.92803489
v 0.23171035 0.04491953 0.86155920
v 0.28166222 0.06368814 0.71784304
v 0.24029273 0.14613085 -0.83381275
v 0.25842640 0.15607128 -0.58297064
v 0.25195975 0.18516812 -0.87085166
v 0.25937707 0.16115389 -0.56872876
v 0.28280293 0.18426762 -0.54175055
v 0.27468180 0.19978489 -0.52368157
v 0.28355158 0.22000171 -0.77971092
v 0.24758755 0.23178950 -0.76634240
v 0.24758755 0.23186770 -0.76629514
v 0.24069189 0.23972568 -0.76435630
v 0.27984187 0.24024260 -0.92308257
v 0.29608452 0.25023173 0.14845618
v 0.19401142 0.30214746 -0.99573973
v 0.27123318 0.30481426 -0.33284470
v 0.26187427 0.30366548 -0.13438622
v 0.26231209 0.30323989 0.05634373
v 0.24438844 -0.24219145 0.36014601
v 0.25501076 -0.24161044 0.35782724
v 0.30926069 -0.19493165 -0.70646922
v 0.26594709 -0.17333629 -0.86971880
v 0.18356606 -0.11269857 -0.93893491
v 0.25436174 -0.09048644 0.40813796
v 0.24578260 -0.05197580 0.59653255
v 0.24881290 -0.03635212 0.56451133
v 0.29155362 0.12125827 -0.92433537
v 0.24045022 0.05775341 0.78524918
v 0.25967507 0.06867087 0.69235122
v 0.24985570 0.14597686 -0.69744625
v 0.25478185 0.14356397 -0.91884315
v 0.23075779 0.14455662 0.30455606
v 0.24237548 0.20686687 0.21616810
v 0.25544748 0.23175748 -0.76634240
v 0.25544748 0.23186770 -0.76627588
v 0.24328317 0.26378940 -0.96440515
v 0.32470783 0.25269522 -0.77688567
v 0.34122750 -0.24179307 0.21445031
v 0.25514445 -0.11771481 0.66141855
v 0.31011678 -0.11030019 0.92429270
v 0.34051480 -0.06649815 0.88898486
v 0.24554247 -0.03749449 -0.41000555
v 0.24911460 0.00514880 0.89173092
v 0.25230866 0.03796114 -0.93027867
v 0.30633425 0.06911192 0.68291070
v 0.26483983 0.14223121 -0.76871218
v 0.30656318 0.17215754 -0.78115162
v 0.26168860 0.18308200 0.25021126
v 0.30654987 0.20067327 0.22617147
v 0.26330739 0.23175508 -0.76634240
v 0.26330739 0.23186770 -0.76627457
v 0.32965170 0.25206779 -0.80237903
v 0.21319659 0.26056832 -0.88171500
v 0.26338321 0.30367947 -0.18507203
v 0.33830406 -0.24201850 -0.04523877
v 0.24949378 -0.11605162 0.93673245
v 0.25647400 -0.10306012 -0.62585390
v 0.30753945 -0.15208412 -0.93910403
v 0.24781887 -0.08736474 0.63966286
v 0.24671763 -0.02471421 -0.44472617
v 0.32579685 0.09036058 0.50951010
v 0.29145189 0.10079373 0.44735734
v 0.33835563 0.18430063 -0.54179164
v 0.26457565 0.19102671 0.23976978
v 0.28174614 0.18645149 -0.82293695
v 0.26962018 0.21163536 -0.87366039
v 0.26693659 0.22729371 -0.81453434
v 0.27575776 0.23046517 -0.87545835
v 0.27116731 0.23175016 -0.76634240
v 0.27116731 0.23186770 -0.76627159
v 0.29614036 0.26364674 -0.45090151
v 0.28374391 0.28616465 -0.42613028
v 0.27226536 0.30195109 -0.24122040
v 0.26651082 0.30266712 -0.08647337
v 0.31679365 -0.24112885 -0.25200699
v 0.24848329 -0.21831697 0.68975023
v 0.28620252 -0.21621569 0.97123611
v 0.29659845 -0.18689571 -0.76287316
v 0.28874501 -0.17758197 -0.84574442
v 0.31886677 0.01568887 0.91693412
v 0.33331843 0.04072369 0.90972857
v 0.29001086 0.08067475 0.61916559
v 0.29347635 0.10756839 0.41485956
v 0.27056814 0.14027833 -0.92080888
v 0.28799231 0.14545294 -0.71453575
v 0.31300404 0.16232233 0.28277356
v 0.27902722 0.23172198 -0.76634240
v 0.27902722 0.23186770 -0.76625496
v 0.32821727 0.25349892 -0.88364843
v 0.27060289 0.30155732 -0.16024937
v 0.27688244 0.29444137 0.08867905
v 0.27178699 0.30419278 -0.30907730
v 0.25806313 -0.23877286 -0.30297505
v 0.27207698 -0.24448000 0.70544600
v 0.31861309 -0.24369655 0.69369449
v 0.24539889 -0.07568550 0.89442242
v 0.28444843 -0.07920053 0.93053005
v 0.33357662 -0.03578533 0.48829779
v 0.27571003 0.05895378 0.75880707
v 0.37079551 0.10462533 0.40112184
v 0.31440860 0.21399254 -0.80556170
v 0.28688717 0.23168972 -0.76634240
v 0.28688717 0.23186770 -0.76623684
v 0.27967612 0.28642664 0.10216166
v 0.28045757 0.30264952 -0.38707086
v 0.28855862 0.29105327 -0.32803297
v 0.28955259 0.28737073 -0.20091664
v 0.27150012 0.30031805 0.00762932
v 0.29250066 0.28348312 0.05401681
v 0.29526227 0.27654077 -0.94081415
v 0.37874759 -0.24104771 -0.30296766
v 0.26787953 -0.24208327 0.16259844
v 0.34072074 -0.16522227 -0.93690715
v 0.29136707 -0.15369077 -0.31552717
v 0.29240070 -0.15344623 -0.93921794
v 0.25532670 -0.16076330 0.37966025
v 0.25512202 -0.05708897 -0.37617840
v 0.24803561 -0.04176448 0.47465784
v 0.25072196 0.05118828 0.80779059
v 0.27237239 0.12327517 0.33391505
v 0.33367587 0.14560399 -0.71107986
v 0.26226393 0.15048459 -0.64613876
v 0.29451660 0.22321885 -0.77357964
v 0.29474708 0.23168972 -0.76634240
v 0.29474708 0.23186770 -0.76623809
v 0.31254142 0.25120933 -0.85954117
v 0.31356068 0.24815195 -0.95683824
v 0.30212965 0.27420138 -0.29511481
v 0.29159728 0.28723141 -0.23680153
v 0.29245822 0.28330747 -0.05212362
v 0.29104451 0.28265648 -0.16636598
v 0.29284375 0.28394823 -0.14580434
v 0.29193355 0.28375651 -0.09463637
v 0.32718137 -0.16976596 -0.91207553
v 0.33948385 -0.03196355 0.52511781
v 0.29589010 0.04432233 0.87464142
v 0.31069159 0.09053989 0.51783560
v 0.26418666 0.18524911 -0.91445971
v 0.30260700 0.23174141 -0.76634240
v 0.28817574 0.24065924 -0.76435434
v 0.30658252 0.25067659 -0.46661634
v 0.29693875 0.26915443 -0.22461879
v 0.29729809 0.26507474 -0.11884052
v 0.31532900 0.22417736 -0.12122510
v 0.29810139 0.26486293 -0.44720299
v 0.29738501 0.26859832 -0.41030089
v 0.29857441 0.26659757 -0.27922895
v 0.29432282 0.28227554 -0.14080994
v 0.29676632 0.27104844 0.03339154
v 0.30380473 0.25389720 0.07695300
v 0.42279201 -0.24391385 0.81338203
v 0.33422069 -0.08763356 0.92781540
v 0.33861237 -0.05909977 -0.37401710
v 0.30864639 0.00613979 0.89036330
v 0.34345993 0.09013791 -0.92319469
v 0.21200274 0.04505493 0.86786506
v 0.30984927 0.12045652 0.34923892
v 0.32911291 0.15486601 -0.60215188
v 0.30286149 0.23184740 -0.76627693
v 0.31851556 0.23512824 -0.87938467
v 0.31098547 0.23404780 -0.01510250
v 0.30717887 0.24414211 0.04179484
v 0.30489701 0.25701941 0.13650478
v 0.31465234 0.23724347 -0.48065426
v 0.30599180 0.25325911 -0.40376432
v 0.31151612 0.23345694 -0.17442187
v 0.30919086 0.23885679 -0.03576210
v 0.29763198 0.26752382 -0.01957045
v 0.29736855 0.26835231 -0.06616952
v 0.30822066 0.26263427 -0.31817452
v 0.31056894 0.26346399 0.09787421
v 0.30182329 0.27931212 0.08513626
v 0.34495019 -0.23347234 0.96341168
v 0.36421365 -0.19810167 -0.69850151
v 0.32485487 -0.19742454 0.96571952
v 0.39660659 -0.17615917 -0.88018687
v 0.34892709 -0.18786333 -0.31106837
v 0.31200508 -0.16156262 0.92449056
v 0.34309110 -0.13663625 0.66838536
v 0.34568057 -0.11700336 -0.63677248
v 0.26879724 -0.06467276 -0.58949519
v 0.34779175 -0.05611342 0.44606994
v 0.33262624 -0.03915197 -0.40145460
v 0.30987635 -0.03673278 0.57042642
v 0.30264956 0.05873086 0.74917941
v 0.27550456 0.07919688 0.64333763
v 0.37657484 0.09057418 0.48216073
v 0.31645521 0.09528644 0.47398857
v 0.31792037 0.15078671 -0.91906873
v 0.32334711 0.12336058 0.33421163
v 0.31262762 0.19224759 -0.92111382
v 0.32638314 0.19550840 0.05377555
v 0.31811672 0.22105197 -0.33272658
v 0.33060841 0.18846754 -0.29786240
v 0.31838855 0.21619892 -0.02805142
v 0.31832683 0.21626683 -0.01964981
v 0.31832683 0.21622318 -0.01178988
v 0.31832683 0.21617532 -0.00392996
v 0.31832683 0.21621729 0.00392996
v 0.31832683 0.21624920 0.01178988
v 0.31002570 0.25244718 -0.31869331
v 0.31212569 0.23224539 -0.19609878
v 0.31509286 0.22571891 -0.07555147
v 0.32799131 0.22962995 0.15111135
v 0.31374841 0.24185210 -0.37689745
v 0.31365567 0.23386051 -0.16144538
v 0.31183517 0.24708657 -0.14065654
v 0.31181063 0.23401141 0.10113020
v 0.31590070 0.25552201 0.11649591
v 0.31697585 0.24261159 -0.94869534
v 0.34333428 -0.24152429 0.33138422
v 0.34127002 -0.22427295 0.36239483
v 0.31514312 -0.19273529 -0.65193428
v 0.31521745 -0.16244023 -0.64731014
v 0.37117798 -0.15751155 0.91120796
v 0.33352831 -0.14389149 0.38246591
v 0.36195540 -0.11376353 0.91379376
v 0.34156752 -0.08327131 0.41249934
v 0.35967513 0.00495062 0.89025595
v 0.34286015 -0.03329533 -0.53014243
v 0.34038761 -0.02812954 -0.42962491
v 0.33156650 0.08088315 0.57759836
v 0.31922754 0.10675420 0.40738183
v 0.34112757 0.12205983 0.32174123
v 0.34816254 0.14093319 -0.92151011
v 0.35314069 0.15055896 -0.64144224
v 0.32253412 0.16916705 -0.77715772
v 0.32012564 0.18849390 -0.73474840
v 0.32559853 0.22215172 -0.76842632
v 0.33037973 0.18751113 -0.20061832
v 0.32734739 0.19318011 0.02613822
v 0.32091111 0.20973885 -0.02249074
v 0.32540335 0.21737040 -0.49310541
v 0.33404583 0.19543746 -0.46743466
v 0.32639315 0.20231030 -0.35762833
v 0.31775060 0.21854013 -0.18923177
v 0.31840503 0.21614785 -0.02750973
v 0.31837565 0.21614785 -0.01964981
v 0.31835768 0.21614785 -0.01178988
v 0.31833789 0.21614785 -0.00392996
v 0.32443724 0.20076660 -0.01933989
v 0.32043918 0.23659130 -0.95661554
v 0.32718757 0.20931541 -0.14844947
v 0.31885596 0.23548083 -0.90681643
v 0.33000550 0.25222151 -0.77107547
v 0.32723791 0.29263384 -0.99219633
v 0.37487437 -0.24177607 -0.13132502
v 0.32544795 -0.24208361 0.01924028
v 0.33633407 -0.24173284 0.24914724
v 0.34739373 -0.11450703 0.39040682
v 0.34675948 -0.10416644 0.39717441
v 0.33949204 -0.08235267 0.92483865
v 0.34175909 -0.04657557 0.46393938
v 0.33464783 -0.02456678 -0.51051904
v 0.33601618 -0.03425336 0.56358452
v 0.32142020 0.14784896 -0.78235062
v 0.35987467 0.14523932 -0.72487124
v 0.32443863 0.15240135 -0.82351074
v 0.35239962 0.16004158 -0.56990274
v 0.33311438 0.17892951 -0.00754075
v 0.33186625 0.18982121 -0.37930141
v 0.33681697 0.17325784 -0.32266170
v 0.33162156 0.19902271 -0.14855182
v 0.33344517 0.17801647 0.01988466
v 0.32061180 0.21206088 0.12538165
v 0.33096862 0.18935940 -0.17775339
v 0.33902759 0.16565179 -0.11970348
v 0.33720462 0.17002331 -0.08240805
v 0.32900675 0.18893001 0.06695187
v 0.30998396 0.18961702 0.24366218
v 0.33497192 0.19596503 -0.52651359
v 0.32686654 0.21433558 -0.51032945
v 0.32037048 0.22124222 0.12854255
v 0.33049864 0.22025096 -0.36330961
v 0.33824772 0.20254872 -0.38426949
v 0.34307917 0.25395801 -0.74761293
v 0.32883717 0.26748506 -0.93172309
v 0.34395806 -0.33655783 -0.47345067
v 0.34045667 -0.30814726 -0.41109723
v 0.33898257 -0.25551596 -0.48130636
v 0.34336790 -0.32288527 0.46184490
v 0.34557564 -0.26500458 0.64866062
v 0.33810944 -0.24662118 -0.58907466
v 0.33621896 -0.27500537 -0.48170003
v 0.34416077 -0.29334681 -0.36930521
v 0.33674850 -0.30313844 0.54864327
v 0.33641743 -0.26999220 0.43116424
v 0.33673863 -0.27350304 0.56045144
v 0.33666156 -0.24372628 0.62019971
v 0.34236470 -0.26233713 0.39624970
v 0.33693293 -0.24176608 -0.41015445
v 0.32857459 -0.24168761 -0.16198220
v 0.33933400 -0.25683251 0.49093036
v 0.33816055 -0.23429960 -0.54347299
v 0.34151598 -0.21052281 0.65906414
v 0.33654876 -0.20476452 0.41043505
v 0.34242511 -0.20112854 0.45725868
v 0.33936016 -0.22934876 0.57298093
v 0.33873224 -0.18074239 0.63196156
v 0.33808202 -0.19298411 -0.55159585
v 0.31700931 -0.20097639 -0.65833402
v 0.33984585 -0.19199454 -0.39874653
v 0.38720648 -0.17821896 -0.86453949
v 0.34917094 -0.19073879 -0.54652532
v 0.34093596 -0.14596171 -0.31751416
v 0.37197646 -0.19107752 0.68197421
v 0.33754080 -0.13078775 -0.54252744
v 0.34200127 -0.10360483 -0.34579474
v 0.34217902 -0.15166323 -0.33402528
v 0.31323895 -0.10166744 -0.93588472
v 0.33736436 -0.16589322 0.59436209
v 0.34115078 -0.14663217 -0.53547354
v 0.34174301 -0.11857396 0.49336811
v 0.33799961 -0.10450850 -0.46034045
v 0.33609539 -0.07286239 0.47570141
v 0.34311578 -0.10689838 0.63222261
v 0.33988717 -0.10619597 0.51440265
v 0.34121119 -0.11286204 -0.32501011
v 0.34232551 -0.09461983 0.40221694
v 0.33826868 -0.05908231 0.49128811
v 0.34069673 -0.09827626 0.42379805
v 0.33833778 -0.06650802 0.48573801
v 0.34361380 -0.05837348 0.46289196
v 0.34317121 -0.05326554 0.57034601
v 0.33648968 -0.05850985 -0.46354192
v 0.34393635 -0.04018722 -0.41437424
v 0.25376285 -0.03119576 -0.53330293
v 0.34215559 -0.04313972 0.50999276
v 0.34758200 -0.04621149 0.59073801
v 0.34582516 -0.03906218 0.55472886
v 0.34367802 -0.03015465 -0.48843482
v 0.37094990 0.05076979 0.80944078
v 0.35654670 0.14281116 -0.82736411
v 0.31622835 0.16423186 0.27819966
v 0.33947340 0.16378568 0.11217906
v 0.36432493 0.15569906 0.24637828
v 0.34358006 0.17468729 -0.41499077
v 0.34277387 0.16320780 -0.14875526
v 0.33657918 0.17073350 -0.03529880
v 0.34069857 0.16155444 -0.19730323
v 0.33546523 0.17863028 0.16991289
v 0.34226578 0.18077391 0.18504561
v 0.34242953 0.19002660 -0.41825108
v 0.33961850 0.20702807 0.16644391
v 0.31703203 0.21815840 0.19112421
v 0.32809568 0.18099014 -0.91468315
v 0.33027233 0.19577929 -0.94793134
v 0.34715801 0.26445660 -0.97559202
v 0.35005775 0.25021514 -0.75000600
v 0.33455707 0.25731624 -0.82175171
v 0.33343463 0.25344061 -0.77696977
v 0.34803071 0.30742906 -0.99880022
v 0.33661593 0.28424520 -0.88910953
v 0.34043934 0.29498134 -0.88162828
v 0.34869304 0.31834186 -0.99693482
v 0.34945461 -0.33146806 -0.43565446
v 0.34417215 -0.32703467 0.56692549
v 0.36596238 -0.27641955 -0.34924258
v 0.39396212 -0.24177825 0.03736491
v 0.42509176 -0.24477410 0.69648381
v 0.34336410 -0.24017027 -0.51925141
v 0.34469726 -0.18381611 0.58492898
v 0.37066510 -0.15777990 0.47344663
v 0.34244596 -0.15083986 -0.40594399
v 0.34068522 -0.16512043 0.45700347
v 0.34939265 -0.15027905 0.66475753
v 0.34340240 -0.15463684 0.38340007
v 0.34601858 -0.12906983 -0.32826438
v 0.34698569 -0.13033942 0.39128949
v 0.34349069 -0.11930656 -0.50236377
v 0.35107686 -0.10976592 -0.33220638
v 0.34866810 -0.10182293 0.65625259
v 0.34463879 -0.08436279 -0.34495100
v 0.39499796 -0.08436007 -0.92879042
v 0.34680687 -0.05258517 -0.55279153
v 0.35179266 -0.08354018 0.63830141
v 0.34321155 -0.06856080 -0.38038983
v 0.35006087 -0.05409078 0.60252558
v 0.34208576 -0.04057431 -0.40509667
v 0.34257210 -0.04316203 0.50018425
v 0.34226426 -0.04322957 0.52268481
v 0.34262519 -0.03617687 -0.50807429
v 0.34395040 -0.02818132 -0.46299237
v 0.37546750 0.06872403 0.65262776
v 0.34803828 0.14722120 -0.32357749
v 0.35467860 0.12437709 -0.20901177
v 0.35060997 0.13793094 -0.07950285
v 0.35684731 0.12292585 -0.03968264
v 0.36040915 0.11481454 0.00839801
v 0.34887459 0.15171462 0.21284369
v 0.34248299 0.15738341 -0.27512065
v 0.34024079 0.16236655 -0.23229500
v 0.34635022 0.14623772 -0.24987263
v 0.34999078 0.13916823 0.02488085
v 0.34032399 0.16154734 0.06591666
v 0.34560630 0.15031534 0.13971463
v 0.34565511 0.16281327 -0.15134325
v 0.35739646 0.12274030 -0.13136139
v 0.35417717 0.17777813 0.21504804
v 0.34303874 0.21495710 -0.83484908
v 0.33715028 0.19020285 -0.72219421
v 0.34998856 0.25793240 -0.86283656
v 0.35079802 0.26388533 -0.83049649
v 0.35163199 0.26066886 -0.77661731
v 0.34653175 0.28269985 -0.82048873
v 0.34240008 0.31434528 -0.95224407
v 0.35164989 0.30067921 -0.92168405
v 0.34808669 -0.30224140 0.61663633
v 0.37249029 -0.32387153 0.58578521
v 0.40725584 -0.26309954 0.65108569
v 0.34107743 -0.21966714 -0.63034647
v 0.35865277 -0.24130349 0.35663686
v 0.36212187 -0.24071528 0.95938605
v 0.34406009 -0.18323568 0.37445517
v 0.42229217 -0.20458650 -0.65691138
v 0.35147450 -0.18922750 -0.15974764
v 0.35148244 -0.18989861 -0.04206568
v 0.34851541 -0.18068168 0.58307781
v 0.40525932 -0.18701789 -0.79883628
v 0.37393486 -0.16517440 -0.64588688
v 0.35897232 -0.16479984 0.05907728
v 0.35052544 -0.18759642 -0.22056992
v 0.35217047 -0.18867812 0.16243286
v 0.35969269 -0.16264156 0.17448365
v 0.33931923 -0.15367860 0.46113239
v 0.35722309 -0.10417244 0.65524877
v 0.36740363 -0.07292167 -0.59787452
v 0.35751297 -0.07191555 -0.36203023
v 0.34122387 -0.05918487 -0.93080352
v 0.35827842 -0.06827549 0.61723813
v 0.41010129 -0.00556817 0.89805062
v 0.35320952 0.01012532 -0.92578086
v 0.37508115 0.07520861 0.59178088
v 0.35636623 0.12466019 -0.10376282
v 0.35770527 0.12101071 0.07920765
v 0.35768331 0.12141676 0.10818685
v 0.35754034 0.12182879 0.11396887
v 0.35758135 0.12182879 0.12182879
v 0.35762647 0.12172637 0.12182879
v 0.35762647 0.12182616 0.12968871
v 0.35892083 0.12213511 -0.33806454
v 0.35687313 0.12450742 -0.30038947
v 0.36343886 0.11383245 -0.33469833
v 0.36249461 0.11361821 -0.16700471
v 0.35764929 0.12172450 -0.11888632
v 0.35746879 0.12217425 0.12973568
v 0.35763508 0.12185479 0.13339567
v 0.35762647 0.12203856 0.14540856
v 0.35778351 0.12175936 0.15094609
v 0.36990087 0.13571166 0.27799156
v 0.36025856 0.13706176 -0.91576760
v 0.36079333 0.13914192 -0.85706019
v 0.36108989 0.13928650 -0.84496645
v 0.36442108 0.11468996 -0.46544230
v 0.36212923 0.11779572 -0.40872661
v 0.35809304 0.12628990 -0.16220855
v 0.35689423 0.14570143 -0.69035046
v 0.35580030 0.14316224 -0.45002013
v 0.35576687 0.15492086 -0.51755362
v 0.35652662 0.16014053 -0.44802370
v 0.35770275 0.16485930 0.23659710
v 0.34983367 0.29688736 -0.88839956
v 0.34871903 -0.32922422 -0.53005530
v 0.34254479 -0.30988177 -0.56862838
v 0.34267779 -0.22944028 -0.32856093
v 0.34248215 -0.25611929 0.52540913
v 0.38017902 -0.23577602 -0.50231703
v 0.37504058 -0.22173762 -0.42551013
v 0.34956119 -0.20053315 -0.63805176
v 0.35152459 -0.20824062 0.96284113
v 0.36170260 -0.19956817 -0.65448285
v 0.38149866 -0.20045765 -0.19569556
v 0.37867074 -0.19981256 -0.04950046
v 0.36527796 -0.19620118 0.04337890
v 0.35185763 -0.18948928 0.07620743
v 0.36571139 -0.19628780 0.13067239
v 0.39505902 -0.20436569 0.17580206
v 0.39786811 -0.19827283 0.95313016
v 0.34031886 -0.18381933 -0.81160407
v 0.35307566 -0.19131495 0.28614219
v 0.36588888 -0.14248777 -0.24741833
v 0.35878530 -0.16592377 -0.07246364
v 0.36710569 -0.14298574 -0.04393080
v 0.36399853 -0.15136587 0.13732648
v 0.34360578 -0.11315473 -0.45341554
v 0.36680682 -0.13038441 0.53005138
v 0.35917065 -0.07997167 0.91884173
v 0.38193120 -0.05028982 -0.56904725
v 0.37409903 0.05121965 0.80517500
v 0.37694794 0.10797372 0.37949298
v 0.36762988 0.11030483 -0.45228761
v 0.36890514 0.10807474 -0.22704920
v 0.36473667 0.10754445 -0.09079005
v 0.36271571 0.11107238 0.05897758
v 0.36104377 0.11473100 0.15451501
v 0.36150299 0.11422058 0.19061995
v 0.39965275 0.08301654 -0.91256355
v 0.36110687 0.14150472 -0.65802963
v 0.36311957 0.11125364 0.25869746
v 0.36371153 0.13746227 -0.77819900
v 0.36154866 0.14350819 -0.55244949
v 0.37022800 0.11922750 -0.55952078
v 0.35606472 0.15572057 -0.57551073
v 0.36754743 0.13421767 -0.51022820
v 0.36678996 0.14312305 -0.46768054
v 0.36514350 0.14536162 0.26622689
v 0.38336401 -0.33533163 0.52354753
v 0.42850651 -0.24129966 -0.08139256
v 0.36685979 -0.24123108 0.35643231
v 0.37893472 -0.24002430 0.50391452
v 0.37536952 -0.23324332 0.53912970
v 0.36063986 -0.20857647 -0.63649204
v 0.37616468 -0.23693585 -0.44848847
v 0.38730379 -0.20300158 -0.31066855
v 0.38082867 -0.19330192 0.46825656
v 0.40335343 -0.20609903 -0.08823366
v 0.40258128 -0.20604963 0.26537634
v 0.36874307 -0.19257759 0.29797511
v 0.38126958 -0.16325724 -0.53155468
v 0.33971009 -0.13122578 0.56463014
v 0.37865788 -0.14723508 0.55523598
v 0.37987683 -0.14288050 -0.50831694
v 0.36630102 -0.14629709 0.30204562
v 0.38593560 -0.10408335 -0.61729009
v 0.36164414 -0.06820764 -0.59439646
v 0.37913045 0.01247683 0.90407880
v 0.35304577 0.05409211 -0.92339517
v 0.37355131 0.04045718 0.90426135
v 0.37637128 0.04622667 0.83015404
v 0.37215140 0.06461906 0.68776105
v 0.37536018 0.08258494 0.53542543
v 0.37798537 0.08276743 0.52272233
v 0.36587745 0.10589202 0.00920747
v 0.38745809 0.07462212 0.11703162
v 0.36644081 0.10649956 0.26402049
v 0.37750350 0.10131593 -0.33060055
v 0.36903804 0.10109816 -0.11058719
v 0.36366569 0.11030700 0.12022868
v 0.36846330 0.10317322 0.13323360
v 0.36667759 0.10565652 0.16764901
v 0.37521055 0.10740243 -0.86162485
v 0.36771498 0.12785858 -0.64000639
v 0.37361977 0.11508854 -0.48711940
v 0.36853764 0.10926779 0.26853496
v 0.37754079 0.11767449 0.31944026
v 0.36063475 0.14122712 -0.70498023
v 0.36948050 0.12150465 -0.56342069
v 0.34640027 -0.32132763 0.46163200
v 0.37016907 -0.29981946 0.42736082
v 0.39319456 -0.26377140 -0.61758626
v 0.38674507 -0.24108391 -0.29512691
v 0.38683338 -0.24158507 0.14911779
v 0.36055756 -0.24293954 0.89841810
v 0.38441869 -0.21269224 -0.50293663
v 0.37249194 -0.22131482 0.48503219
v 0.38002286 -0.18988914 -0.41871889
v 0.38150811 -0.20056266 -0.00579560
v 0.40129150 -0.20581592 0.21721780
v 0.41295605 -0.20816269 0.30564052
v 0.37623261 -0.13854274 0.50565358
v 0.37149610 -0.20044672 0.95980747
v 0.41550232 -0.19301666 -0.75260993
v 0.36807366 -0.19196609 -0.24216890
v 0.37446775 -0.20201714 -0.51149623
v 0.37793324 -0.15840652 -0.47802697
v 0.38125555 -0.16821564 -0.93118985
v 0.37548439 -0.13745258 -0.43702904
v 0.37914725 -0.13838926 0.51011396
v 0.39225566 -0.08934072 0.32756849
v 0.41533305 -0.16398153 -0.64342901
v 0.38156356 -0.12671602 -0.46063530
v 0.37639563 -0.11644512 -0.25878962
v 0.37139783 -0.13083249 -0.12787919
v 0.38094595 -0.10676788 0.05778411
v 0.37830783 -0.11389799 0.10507947
v 0.37114306 -0.13263834 0.23634396
v 0.37391718 0.04486883 0.85630213
v 0.37409729 0.05506011 0.76802679
v 0.38098201 0.05904812 0.67623243
v 0.37610727 0.06703719 0.65837610
v 0.38499372 0.07326313 -0.24316237
v 0.39481814 0.06543274 -0.18696151
v 0.38605878 0.07603019 -0.12131917
v 0.37414139 0.09672742 -0.22779182
v 0.36910110 0.10040796 -0.18364292
v 0.37940830 0.08619200 0.01120463
v 0.38179387 0.08297950 0.23895547
v 0.38138745 0.08920490 0.30011209
v 0.38106495 0.09824903 -0.62486380
v 0.38160387 0.09784868 -0.62883445
v 0.38107225 0.09824903 -0.61700386
v 0.38120621 0.09814025 -0.61700386
v 0.38115129 0.09824903 -0.60914397
v 0.38120621 0.09820441 -0.60914397
v 0.38115549 0.09824903 -0.60128403
v 0.38120621 0.09820753 -0.60128403
v 0.37370469 0.10564154 -0.61964268
v 0.38120621 0.09819794 -0.59342414
v 0.38120621 0.09820681 -0.58556420
v 0.37521427 0.10373491 -0.53215226
v 0.38283527 0.09679472 -0.54656792
v 0.37526101 0.10362051 -0.51817894
v 0.37611505 0.09874013 0.43409965
v 0.37433166 0.10572199 -0.83698344
v 0.37353328 0.10527993 -0.77966216
v 0.37471930 0.10441681 -0.74286902
v 0.37608988 0.10291437 -0.47961246
v 0.37467325 0.10374995 -0.40190079
v 0.37659712 0.11391079 0.35720834
v 0.37557399 0.12509311 0.28873108
v 0.44516358 -0.33654309 -0.48220671
v 0.34678844 -0.28293975 -0.60280960
v 0.38392611 -0.23674431 0.55700268
v 0.39305766 -0.20918681 -0.44567254
v 0.39518558 -0.20816907 0.54670476
v 0.37946761 -0.20661623 -0.52836007
v 0.42792214 -0.21208527 -0.26027551
v 0.40512254 -0.20675385 -0.17307801
v 0.38035246 -0.19516887 0.57144729
v 0.39170644 -0.19251701 0.94964850
v 0.38050012 -0.18184634 0.49000340
v 0.39087690 -0.16014667 -0.44457287
v 0.38062081 -0.18187027 0.57678558
v 0.39687530 -0.16753262 0.46215984
v 0.39326116 -0.16280453 0.49561807
v 0.39585774 -0.15551290 0.54059215
v 0.39301462 -0.12958819 -0.43062751
v 0.39399923 -0.10852198 -0.62551887
v 0.39294272 -0.12422632 -0.51284301
v 0.38516605 -0.09355242 -0.16047355
v 0.38421445 -0.09858427 0.00880379
v 0.38773091 -0.08768060 0.23777524
v 0.41645602 -0.07242519 0.89824713
v 0.38688747 0.03040326 0.86055998
v 0.39390612 0.01705692 0.90219375
v 0.38911026 0.03262061 0.80361151
v 0.38828395 0.05278395 0.64233585
v 0.37457507 0.05941689 0.72758628
v 0.38762552 0.07285019 0.17494840
v 0.38485904 0.06870193 0.54939029
v 0.38642027 0.07541054 -0.01905660
v 0.38632571 0.07522067 0.20489544
v 0.38721715 0.09498505 -0.84227594
v 0.41666983 0.07254015 -0.82176888
v 0.37540142 0.10324575 -0.63312168
v 0.40360394 0.08170012 -0.62042914
v 0.36748966 0.10836699 -0.25502916
v 0.41108562 0.07817309 -0.29621236
v 0.39491130 -0.32069042 -0.55150356
v 0.39219757 -0.24283531 -0.43417800
v 0.41255111 -0.24828402 0.49888212
v 0.40642551 -0.21985410 -0.52454689
v 0.39300567 -0.22830643 0.47272144
v 0.40088725 -0.19138752 0.58844652
v 0.40537069 -0.20659703 -0.03056247
v 0.40138260 -0.20592901 0.07334510
v 0.38961462 -0.20662030 0.49230520
v 0.40630298 -0.18166247 -0.82136361
v 0.38343807 -0.16725161 0.54452536
v 0.41158098 -0.15521242 -0.54659473
v 0.41336082 -0.15106072 0.57269963
v 0.34415363 -0.12846581 -0.62153949
v 0.40102862 -0.15055063 -0.46277497
v 0.40827357 -0.09142438 0.91732288
v 0.39503086 -0.13610657 0.48046983
v 0.40769124 -0.12137877 0.50508609
v 0.38888418 -0.12615169 0.55277199
v 0.39228358 -0.07819521 0.32231488
v 0.37870617 -0.08002208 0.91647158
v 0.40521712 -0.05648535 -0.28319118
v 0.39515991 -0.07056102 -0.27407793
v 0.39675353 -0.06619150 -0.09014802
v 0.39734530 -0.05900643 0.04671229
v 0.39704126 -0.06641762 0.06281339
v 0.39699784 -0.06439561 0.17505847
v 0.39626290 -0.03246129 -0.01534155
v 0.39663363 -0.04050470 0.12687459
v 0.39707840 -0.05132385 0.12582251
v 0.39692871 -0.04903838 0.17445695
v 0.39940644 -0.07171092 -0.92651792
v 0.39656120 -0.02829064 -0.18074710
v 0.39634641 -0.03145798 -0.06312992
v 0.39473412 0.00084103 -0.06755327
v 0.39614275 -0.03169062 0.32832607
v 0.39341482 0.03639946 -0.29140177
v 0.39072362 0.06576280 0.31717456
v 0.39808020 0.01518426 0.89552513
v 0.39328644 0.04119361 -0.18767467
v 0.39511001 0.00799340 -0.21602452
v 0.39480664 -0.00765141 0.20212235
v 0.39245711 0.04281628 0.31717880
v 0.39197225 0.03738544 0.71137670
v 0.41138650 0.01152803 0.76809119
v 0.39372733 0.04322957 -0.16112840
v 0.39252991 0.03989925 -0.11753624
v 0.39082848 0.05479385 0.11924871
v 0.39157342 0.04679071 0.10393488
v 0.39692354 0.05108950 -0.16898833
v 0.39692608 0.05108950 -0.16874936
v 0.39692608 0.05089952 -0.16112840
v 0.39692608 0.05092435 -0.15326849
v 0.39692608 0.05099367 -0.14540856
v 0.39692608 0.05104620 -0.13754864
v 0.39692608 0.05101525 -0.12968871
v 0.39692608 0.05108950 -0.12946229
v 0.39572769 0.05108950 -0.12182879
v 0.39108122 0.04851005 -0.01440288
v 0.40980132 0.03751032 0.62747789
v 0.39213573 0.06330439 -0.26157682
v 0.39692608 0.05242219 -0.17684825
v 0.39692608 0.05110293 -0.16898833
v 0.38792192 0.07216349 0.03062687
v 0.39060117 0.05551947 0.05945958
v 0.39026897 0.06032913 0.20587757
v 0.39740638 0.06401501 -0.12537229
v 0.38663875 0.07287455 -0.11215913
v 0.38908425 0.06680934 0.23972763
v 0.38346205 0.09633200 -0.76736275
v 0.40487407 0.08024805 -0.51212003
v 0.40567240 0.07972622 -0.47352260
v 0.40336215 0.08168571 -0.37019422
v 0.38343210 -0.32803342 0.47608029
v 0.42958386 -0.31826204 0.45246740
v 0.44494988 -0.28531702 -0.60424403
v 0.42849812 -0.24124865 0.08982102
v 0.43698578 -0.23861506 0.35827952
v 0.40173583 -0.24160198 0.94626425
v 0.40888560 -0.23114387 -0.51476182
v 0.42587636 -0.20762875 -0.63701145
v 0.40896709 -0.24768791 0.53684553
v 0.36098631 -0.20193327 0.67285335
v 0.38917195 -0.17570621 -0.54903870
v 0.43482091 -0.21262196 0.12742568
v 0.38331924 -0.20112202 0.11736346
v 0.43652374 -0.21332800 0.31419024
v 0.41540402 -0.19207514 0.93535330
v 0.40197190 -0.19792466 -0.26251412
v 0.39117985 -0.16326973 -0.93728520
v 0.41813603 -0.14962614 -0.63327234
v 0.41262003 -0.13353021 0.53466100
v 0.39476118 -0.15946827 -0.40572818
v 0.39334458 -0.15569850 -0.93179670
v 0.39624742 -0.15646723 0.90732735
v 0.41410788 -0.12103964 -0.47941315
v 0.36512934 -0.08550609 -0.59696139
v 0.45586964 -0.06098521 -0.58963587
v 0.39757192 -0.05755842 -0.23848845
v 0.39698897 -0.06513565 0.27932987
v 0.39702630 -0.06367658 -0.15433582
v 0.39724514 -0.06515579 -0.04724223
v 0.39693124 -0.06488303 0.13071414
v 0.39652436 -0.03934047 0.22202617
v 0.39752054 -0.04393781 -0.27929519
v 0.39752911 -0.04555256 -0.29909136
v 0.40333271 0.01370706 0.84260925
v 0.40257765 0.02301030 0.73709181
v 0.39700654 0.05108950 -0.16112840
v 0.39699659 0.05108950 -0.15326849
v 0.39696673 0.05108950 -0.14540856
v 0.39694428 0.05108950 -0.13754864
v 0.39695737 0.05108950 -0.12968871
v 0.39008393 0.05897638 0.58217804
v 0.39822745 0.05894941 -0.12968871
v 0.38702648 0.08475761 0.42090795
v 0.41279339 0.05719622 0.46776280
v 0.42221052 0.06790363 -0.83340317
v 0.41092756 0.07677044 -0.78690631
v 0.39388182 0.08917573 -0.72675938
v 0.39122077 0.09053560 -0.42311315
v 0.40472048 0.08193511 -0.26356354
v 0.38780594 0.09768264 0.34424117
v 0.41536847 0.07030576 0.35099930
v 0.43904468 -0.33541369 0.50925244
v 0.42020164 -0.30914356 -0.57412541
v 0.38259671 -0.21680162 0.37012040
v 0.44858186 -0.25647825 0.65205171
v 0.41740499 -0.22242761 -0.46462911
v 0.41414453 -0.22783690 0.55600230
v 0.41335190 -0.20825578 -0.09464079
v 0.40636776 -0.20695651 0.02279056
v 0.42785807 -0.21129330 0.01402283
v 0.41296881 -0.17768170 -0.40942465
v 0.41270532 -0.20942659 0.47561980
v 0.43232046 -0.17923250 0.67598905
v 0.41044854 -0.17637449 -0.44758297
v 0.41330064 -0.16464595 0.57121756
v 0.41471381 -0.15548474 0.48892681
v 0.41191208 -0.15757413 -0.53069556
v 0.39864824 -0.15568026 -0.50352850
v 0.41382096 -0.13558125 -0.44162303
v 0.40978458 -0.12125183 0.86384862
v 0.41264591 -0.10610895 -0.27815905
v 0.40502115 -0.06724614 -0.87918102
v 0.41843515 0.03047532 -0.30793242
v 0.40775103 0.01525664 -0.91638038
v 0.41188854 0.00392996 -0.87638134
v 0.41212879 -0.00015761 -0.87083225
v 0.41325837 0.00315334 0.83370548
v 0.41184285 0.01178988 -0.88424122
v 0.41264591 0.01178988 -0.87659311
v 0.41264591 0.01156489 -0.87638134
v 0.41187811 0.01964981 -0.89210117
v 0.41264591 0.01964981 -0.88427401
v 0.41264591 0.01961850 -0.88424122
v 0.41264591 0.02750973 -0.89215320
v 0.41264591 0.02744568 -0.89210117
v 0.41264591 0.03536965 -0.89847976
v 0.39193623 0.04431455 0.66961077
v 0.41577643 0.07117965 -0.90177945
v 0.41205432 0.06205606 0.42259558
v 0.40773037 0.07928388 -0.73036169
v 0.40551450 0.08060781 -0.67015018
v 0.43119055 0.06257044 -0.55553525
v 0.41238699 0.07536671 -0.61814245
v 0.42758267 0.06489412 -0.35692899
v 0.44461945 0.05534427 -0.29838476
v 0.36330504 -0.27551938 0.40243445
v 0.44745834 -0.28966178 0.62958634
v 0.41482635 -0.25453750 -0.47133656
v 0.42608197 -0.27559503 0.49765849
v 0.43015799 -0.24072653 -0.29735785
v 0.43147948 -0.24056329 -0.25854124
v 0.43339152 -0.24048195 0.31562908
v 0.43355224 -0.24094476 0.35563907
v 0.42641478 -0.24492396 0.74768871
v 0.42562622 -0.24054934 0.83120194
v 0.41356826 -0.23825713 0.93011464
v 0.41778021 -0.24082444 0.54652932
v 0.42050582 -0.21614785 0.87826931
v 0.42456899 -0.21014316 -0.56529635
v 0.42126340 -0.20664795 -0.27269519
v 0.43420417 -0.21309999 -0.05023741
v 0.43562223 -0.21324329 -0.01691157
v 0.44175283 -0.21453184 0.33540962
v 0.41706507 -0.19026970 0.54686894
v 0.42050558 -0.20828794 0.87638134
v 0.42050559 -0.20828785 0.87638110
v 0.43332040 -0.20092733 0.68997325
v 0.42050582 -0.20828415 0.87638134
v 0.42050582 -0.20042801 0.88420719
v 0.42050356 -0.20042801 0.88424122
v 0.41992596 -0.20042801 0.89210117
v 0.41679911 -0.21925756 0.49410187
v 0.42050582 -0.20041284 0.88424122
v 0.41262806 -0.21107293 -0.42506005
v 0.41603052 -0.19200180 -0.50625937
v 0.41564715 -0.17947840 0.45974893
v 0.41613024 -0.13751793 0.54580385
v 0.42679542 -0.14861484 0.59749834
v 0.41768801 -0.15576578 -0.49342863
v 0.42445192 -0.10342433 -0.50419338
v 0.42533779 -0.10826582 -0.44000920
v 0.42297563 -0.10450459 0.51289125
v 0.40263916 -0.09955720 -0.87925399
v 0.42099859 -0.07822542 0.85764819
v 0.41459328 -0.08709833 -0.79659445
v 0.39818490 -0.06400562 0.33060296
v 0.43996384 -0.05142672 -0.55702739
v 0.41531549 -0.05320328 -0.81078804
v 0.40393009 -0.03264384 -0.91672612
v 0.42247565 -0.04237707 -0.76227636
v 0.42585335 -0.01744390 0.75998922
v 0.41279030 0.00392996 -0.86852139
v 0.41266823 0.01178988 -0.87638134
v 0.41270278 0.01588858 0.71617843
v 0.41264915 0.01964981 -0.88424122
v 0.40825997 0.07196882 0.33449128
v 0.41265225 0.02750973 -0.89210117
v 0.40514486 0.02946508 0.68883204
v 0.43318698 0.01744766 0.65755490
v 0.42091495 0.03330779 0.59979822
v 0.41098550 0.04836311 0.55340197
v 0.41378219 0.06979691 0.37437159
v 0.44626044 0.05238349 -0.65422791
v 0.42501591 0.06685481 -0.63451938
v 0.42572893 0.06592537 -0.50296026
v 0.41997819 0.07015438 -0.40915876
v 0.44104928 -0.32682396 -0.54086114
v 0.44072087 -0.31936882 -0.40097996
v 0.43120717 -0.30071960 -0.37479879
v 0.42084440 -0.25281168 -0.52604623
v 0.42231822 -0.26281166 -0.43898188
v 0.44391561 -0.25927121 -0.34235568
v 0.42434945 -0.23621721 -0.54968564
v 0.42296283 -0.23112817 0.59074550
v 0.42145785 -0.20244831 0.86173811
v 0.42826979 -0.21122598 0.21183490
v 0.43157216 -0.20009788 -0.65920506
v 0.42328204 -0.20036488 -0.38607047
v 0.42106831 -0.20042801 0.87638134
v 0.42337938 -0.15012768 -0.56340905
v 0.44304669 -0.17901448 0.34210437
v 0.42258710 -0.20223081 0.82705994
v 0.42174101 -0.19256809 0.88424122
v 0.42959462 -0.19094552 0.71585105
v 0.42157956 -0.17884898 0.90817717
v 0.42512667 -0.16743289 0.90962700
v 0.43449591 -0.17633512 -0.27945330
v 0.42877165 -0.13188718 0.45585214
v 0.43357720 -0.14158788 0.87405380
v 0.42597226 -0.14314319 -0.39122015
v 0.42923720 -0.11432245 0.57071951
v 0.44220813 -0.13184969 -0.28629925
v 0.43368651 -0.13031733 0.86185881
v 0.44274180 -0.08018430 0.35549627
v 0.43252341 -0.09318286 0.39631540
v 0.42763237 -0.07965187 0.80763736
v 0.42646594 -0.08080872 -0.70872050
v 0.41624955 -0.04461729 0.88931538
v 0.43193789 -0.05028717 0.45276874
v 0.42384058 -0.02279395 -0.76619350
v 0.43403916 -0.06634846 -0.66814488
v 0.41698100 0.00098428 0.78975235
v 0.44485969 0.03338434 -0.30031751
v 0.42946659 -0.00667209 0.72644458
v 0.42065456 0.01747522 -0.81643666
v 0.44258529 0.02399719 0.54762760
v 0.42440841 0.06246009 -0.27043740
v 0.44235580 0.03326224 0.44963764
v 0.42682402 0.06223263 -0.81416384
v 0.43245088 0.04802754 0.35915718
v 0.43581516 0.05930954 -0.73317186
v 0.44433768 -0.28798484 -0.36699463
v 0.44659884 -0.25620275 0.58685443
v 0.43263332 -0.23974848 -0.05760973
v 0.43202257 -0.24091922 -0.01077256
v 0.43238863 -0.23976853 0.09240063
v 0.43558633 -0.23752734 -0.15674262
v 0.43619626 -0.23780335 0.00815879
v 0.43475840 -0.23935098 0.12260430
v 0.42305731 -0.21060444 0.44330454
v 0.44171849 -0.19680241 0.61337400
v 0.43513718 -0.21303417 -0.14282037
v 0.43852085 -0.21558193 -0.08658616
v 0.43927623 -0.21605627 0.24062249
v 0.43624453 -0.24039885 0.70729792
v 0.42654062 -0.21552040 0.36595758
v 0.44605681 -0.17115060 -0.63060913
v 0.44306260 -0.19625243 0.37275332
v 0.43064377 -0.16561178 0.78264422
v 0.43285343 -0.10925571 -0.61831312
v 0.44154592 -0.21338202 -0.28389549
v 0.43135898 -0.19626012 -0.65717794
v 0.44629961 -0.16527145 -0.57848725
v 0.43271082 -0.18970466 -0.30939424
v 0.43755144 -0.12860844 0.37586781
v 0.44219632 -0.12624142 -0.63989042
v 0.44517800 -0.13206592 0.44762094
v 0.44533983 -0.12975113 -0.56265031
v 0.43503382 -0.10870934 0.69808722
v 0.43963228 -0.11219891 0.83630348
v 0.42871046 -0.15095167 0.71169775
v 0.43785196 -0.10200955 -0.32991556
v 0.45066078 -0.10265828 -0.29323821
v 0.42569232 -0.17585537 -0.68352428
v 0.43115238 -0.07389721 -0.35853656
v 0.42875096 -0.08301473 -0.60139952
v 0.43679704 -0.04537001 -0.29764190
v 0.43509971 -0.04400801 0.75943176
v 0.43743175 -0.06287459 0.67372271
v 0.42894888 -0.05108950 0.78206223
v 0.43218292 -0.01461512 0.72274224
v 0.42360908 0.05070289 -0.82206381
v 0.43149970 0.01073070 0.68771580
v 0.43991795 0.02137002 0.57181855
v 0.42048308 0.04564734 0.52624191
v 0.44270048 0.03715676 0.37965918
v 0.43450323 0.05220009 -0.27830727
v 0.43478337 0.05910947 -0.76065426
v 0.43410788 0.06009287 -0.48418072
v 0.44643738 0.05139357 -0.52613363
v 0.44230531 0.05528965 -0.63251738
v 0.44029342 0.05650569 -0.33380031
v 0.42374718 0.06942548 -0.27292153
v 0.44215407 -0.31882431 0.45782670
v 0.43851397 -0.29184448 0.62874893
v 0.44559238 -0.27371398 0.40545945
v 0.44422866 -0.28296424 -0.48715135
v 0.44691292 -0.28153374 0.49843708
v 0.44764162 -0.24372196 -0.56754594
v 0.44652161 -0.26501103 0.46562064
v 0.44652223 -0.25853242 -0.40145758
v 0.43707568 -0.23572950 -0.30255001
v 0.43964304 -0.22501001 -0.25026803
v 0.43824134 -0.22697847 -0.32577898
v 0.43932237 -0.22401630 -0.04533610
v 0.43948892 -0.21733851 0.17585565
v 0.44485902 -0.23655149 0.38468847
v 0.44659704 -0.24312051 0.44276616
v 0.43807307 -0.21560916 -0.21341560
v 0.43829396 -0.21515561 0.02787511
v 0.45040861 -0.21308247 -0.58867436
v 0.44473091 -0.22809867 -0.63202511
v 0.44537859 -0.21307436 -0.32507352
v 0.44529413 -0.19243476 0.42821625
v 0.43882221 -0.12781089 -0.31416919
v 0.45049785 -0.10941392 0.66923417
v 0.43319538 -0.09375314 -0.66675390
v 0.45200261 -0.09528864 0.36332802
v 0.44741629 -0.11867789 0.59300034
v 0.44060461 -0.10252848 0.82210241
v 0.44469501 -0.09139907 0.51228195
v 0.44132509 -0.08824041 0.79887712
v 0.43929441 -0.05811103 0.61568180
v 0.45042781 -0.10612761 -0.63618737
v 0.45240628 -0.06384535 0.64752443
v 0.43885726 -0.07466926 0.78992218
v 0.44552605 -0.07579132 -0.37794893
v 0.45085358 -0.04361464 -0.29716138
v 0.43683917 -0.05449106 0.74694463
v 0.44748125 -0.10952766 -0.39814222
v 0.42846276 -0.07172328 0.41010107
v 0.43881429 -0.04547670 0.58823928
v 0.44563802 -0.04145317 -0.41251028
v 0.42598249 -0.02177907 0.35091654
v 0.43758097 -0.03526630 0.74005883
v 0.45144512 0.03289279 -0.63915611
v 0.43963192 -0.00343970 0.61058330
v 0.44143954 0.01276769 0.57391739
v 0.44122490 0.03018054 0.36840061
v 0.45002499 0.04604807 -0.64784016
v 0.44533004 0.04987276 -0.28689246
v 0.44216944 0.05381908 -0.70879070
v 0.45154292 0.04672988 -0.63438965
v 0.45150385 0.04611252 -0.54668563
v 0.44181720 0.05539750 -0.56044846
v 0.44564816 -0.32011831 0.45307251
v 0.44601482 -0.30015227 -0.58395799
v 0.44636025 -0.32145286 0.58343575
v 0.44697426 -0.28420756 -0.46335853
v 0.44663056 -0.32844894 -0.43630385
v 0.44635144 -0.27951401 0.54716011
v 0.44748758 -0.24725531 -0.38788928
v 0.44873084 -0.26984355 -0.54971518
v 0.44343263 -0.13374594 0.66492243
v 0.44827832 -0.20172348 0.65281941
v 0.44672051 -0.16138716 0.42434440
v 0.44693322 -0.10737462 -0.60712669
v 0.44708197 -0.18341046 -0.36823224
v 0.44811693 -0.11493927 -0.29983382
v 0.44675432 -0.09190855 -0.50615714
v 0.45697821 -0.05734058 0.41301023
v 0.44825192 -0.08142869 0.43267437
v 0.45125480 -0.06680909 -0.35364158
v 0.45376453 -0.04499513 0.61909738
v 0.44917287 -0.02872446 -0.50951253
v 0.45194551 -0.01964981 -0.30131647
v 0.44950604 -0.00871560 0.37096695
v 0.45197293 -0.03048732 0.49787838
v 0.45236535 -0.02528099 0.54306579
v 0.44586236 -0.00038959 0.57053525
v 0.44704396 0.00777467 0.37539286
v 0.44594324 -0.00036090 0.49047634
v 0.44289590 0.02777490 0.50940764
v 0.45309260 0.03097598 -0.30321021
v 0.44295501 0.02940137 0.49543789
v 0.45220879 0.04347985 -0.43226431
v 0.44709745 0.05086495 -0.35387600
v 0.45266482 -0.03930529 0.37337340
v 0.45440234 -0.03570997 0.43877086
v 0.45304324 -0.02997697 -0.63811171
v 0.45592469 -0.04526967 -0.56763137
v 0.45493451 -0.02722488 -0.40547672
v 0.45371410 -0.01370955 -0.30621707
v 0.45334395 -0.02140191 -0.49242675
v 0.45280677 0.04414652 -0.30488910
v 0.45254346 0.02148909 -0.56534832
f 98 6 4
f 1 10 5
f 6 8 4
f 79 10 1
f 4 9 11
f 9 7 11
f 8 9 4
f 13 12 10
f 14 13 10
f 15 14 10
f 79 16 10
f 16 15 10
f 17 16 79
f 18 17 79
f 19 18 79
f 20 19 79
f 21 20 79
f 22 21 79
f 11 23 79
f 23 22 79
f 24 23 11
f 25 24 11
f 26 25 11
f 27 26 11
f 28 27 11
f 29 28 11
f 9 30 31
f 32 30 9
f 8 33 9
f 33 32 9
f 34 33 8
f 175 34 8
f 6 175 8
f 13 35 12
f 36 35 13
f 14 36 13
f 37 36 14
f 15 37 14
f 38 37 15
f 16 38 15
f 39 38 16
f 17 39 16
f 40 39 17
f 18 40 17
f 41 40 18
f 19 41 18
f 42 41 19
f 20 42 19
f 43 42 20
f 21 43 20
f 44 43 21
f 22 44 21
f 45 44 22
f 23 45 22
f 46 45 23
f 24 46 23
f 47 46 24
f 25 47 24
f 48 47 25
f 26 48 25
f 49 48 26
f 27 49 26
f 50 49 27
f 28 50 27
f 86 50 28
f 29 86 28
f 30 51 31
f 32 51 30
f 52 51 32
f 33 52 32
f 53 52 33
f 34 53 33
f 307 58 55
f 149 127 54
f 307 55 56
f 148 59 54
f 55 88 56
f 58 57 55
f 54 127 61
f 149 54 59
f 131 59 148
f 148 62 131
f 127 60 61
f 88 65 56
f 60 64 61
f 58 102 57
f 61 66 92
f 64 66 61
f 97 102 58
f 62 100 131
f 63 68 65
f 136 75 64
f 131 69 167
f 100 67 131
f 67 69 131
f 105 68 63
f 64 75 66
f 105 71 68
f 107 73 102
f 104 109 2
f 67 72 69
f 102 73 108
f 98 4 67
f 73 105 108
f 2 109 82
f 105 74 71
f 80 74 105
f 73 80 105
f 70 3 73
f 72 75 136
f 6 98 77
f 1 201 79
f 201 75 79
f 11 75 72
f 78 82 74
f 80 78 74
f 11 79 75
f 4 11 76
f 5 10 118
f 82 81 2
f 3 174 80
f 78 81 82
f 80 143 78
f 144 81 78
f 10 12 117
f 11 86 29
f 86 11 7
f 9 31 7
f 12 35 83
f 12 83 117
f 117 83 121
f 35 36 84
f 83 35 84
f 36 37 84
f 37 38 84
f 38 39 84
f 39 40 84
f 40 41 84
f 41 42 84
f 42 43 84
f 43 44 85
f 84 43 85
f 44 45 85
f 45 46 85
f 46 47 85
f 47 48 85
f 48 49 85
f 49 50 85
f 50 86 85
f 146 86 7
f 87 146 7
f 31 51 87
f 31 87 7
f 51 52 87
f 52 53 87
f 53 34 87
f 34 175 87
f 84 121 83
f 85 121 84
f 146 121 85
f 86 146 85
f 209 175 6
f 122 54 147
f 56 210 307
f 54 122 148
f 54 61 147
f 307 150 58
f 149 59 123
f 153 127 149
f 65 211 56
f 91 93 241
f 125 158 89
f 241 93 128
f 95 93 91
f 94 95 91
f 89 94 91
f 96 94 89
f 158 96 89
f 60 127 64
f 65 88 63
f 64 127 130
f 65 104 125
f 104 158 125
f 98 128 93
f 98 100 128
f 65 68 101
f 68 104 101
f 97 225 102
f 136 64 130
f 225 107 102
f 159 107 225
f 99 165 5
f 66 75 199
f 106 102 108
f 98 67 100
f 104 2 81
f 105 168 108
f 107 70 73
f 72 136 69
f 68 109 104
f 71 172 68
f 98 115 77
f 71 139 172
f 112 70 107
f 199 75 201
f 139 71 74
f 141 112 111
f 163 5 118
f 114 140 4
f 140 67 4
f 76 72 113
f 114 4 72
f 4 113 72
f 3 80 73
f 3 70 116
f 72 76 11
f 4 76 113
f 3 116 174
f 10 117 118
f 115 205 6
f 78 119 144
f 119 78 143
f 80 174 143
f 124 241 128
f 89 91 151
f 125 89 151
f 93 95 314
f 100 244 128
f 125 132 65
f 244 100 62
f 65 101 104
f 57 102 90
f 66 228 92
f 63 162 105
f 161 103 134
f 159 135 107
f 112 107 135
f 103 111 135
f 99 5 163
f 111 112 135
f 110 103 161
f 169 136 190
f 167 69 136
f 68 172 109
f 103 110 111
f 163 118 138
f 140 72 67
f 77 115 6
f 172 82 109
f 140 114 72
f 112 116 70
f 138 118 137
f 116 112 142
f 118 117 137
f 81 260 293
f 174 116 142
f 141 142 112
f 6 205 209
f 81 144 262
f 119 262 144
f 305 120 117
f 462 147 61
f 55 57 176
f 149 212 153
f 123 212 149
f 88 55 129
f 57 90 176
f 308 211 65
f 150 97 58
f 152 308 125
f 130 127 153
f 308 132 125
f 126 157 159
f 181 126 155
f 156 157 126
f 181 156 126
f 132 308 65
f 133 135 159
f 59 131 154
f 88 129 162
f 157 133 159
f 97 466 225
f 156 161 157
f 88 162 63
f 135 133 157
f 134 135 157
f 161 134 157
f 181 161 156
f 160 99 163
f 134 103 135
f 160 228 99
f 154 131 184
f 90 106 182
f 131 167 184
f 102 106 90
f 164 187 163
f 93 194 98
f 158 104 166
f 168 162 186
f 188 197 161
f 168 105 162
f 108 168 106
f 163 138 164
f 166 104 81
f 197 110 161
f 165 66 199
f 167 136 169
f 138 137 164
f 199 255 5
f 164 171 196
f 164 137 171
f 139 82 172
f 1 236 201
f 74 82 139
f 110 170 111
f 256 205 115
f 111 173 141
f 173 111 170
f 117 120 137
f 120 238 137
f 141 298 142
f 120 145 238
f 205 239 209
f 119 143 174
f 238 145 208
f 305 117 121
f 305 121 339
f 146 87 263
f 263 87 175
f 146 339 121
f 341 150 307
f 213 62 148
f 55 176 129
f 153 212 178
f 123 179 212
f 59 154 123
f 152 177 308
f 123 184 179
f 176 90 180
f 178 221 153
f 220 162 176
f 180 220 176
f 184 178 179
f 314 250 93
f 95 219 314
f 96 223 94
f 158 223 96
f 129 176 162
f 180 162 220
f 154 184 123
f 162 180 274
f 180 90 182
f 183 229 178
f 184 183 178
f 153 221 130
f 161 181 188
f 160 187 226
f 163 187 160
f 180 186 274
f 228 358 99
f 165 228 66
f 185 230 229
f 184 167 185
f 158 166 224
f 180 189 186
f 106 189 180
f 130 221 136
f 136 221 229
f 187 196 226
f 136 229 190
f 191 192 193
f 191 230 192
f 167 230 185
f 106 168 189
f 187 164 196
f 190 195 167
f 192 167 195
f 230 167 192
f 169 190 167
f 5 165 199
f 110 197 170
f 259 255 199
f 234 204 170
f 5 255 1
f 196 137 198
f 196 171 137
f 236 1 255
f 98 256 115
f 137 203 198
f 202 170 204
f 137 238 203
f 202 173 170
f 204 173 202
f 206 327 238
f 208 206 238
f 207 327 206
f 206 208 207
f 145 120 410
f 410 120 305
f 410 208 145
f 210 56 265
f 424 462 61
f 152 125 269
f 152 269 214
f 214 177 152
f 215 177 214
f 155 126 216
f 212 266 178
f 177 215 308
f 178 249 179
f 178 266 249
f 246 212 179
f 218 212 246
f 213 598 62
f 176 220 272
f 217 176 180
f 155 245 181
f 246 179 249
f 246 184 218
f 95 94 222
f 180 176 272
f 266 248 221
f 266 221 178
f 249 266 178
f 95 348 219
f 158 224 223
f 220 251 162
f 274 220 162
f 180 182 217
f 178 229 249
f 160 273 228
f 218 184 278
f 93 250 431
f 276 106 180
f 342 92 228
f 229 277 249
f 185 183 313
f 185 278 184
f 229 221 277
f 185 229 183
f 231 186 162
f 106 252 182
f 252 106 318
f 277 221 229
f 277 229 313
f 189 276 186
f 230 313 229
f 185 313 230
f 318 106 189
f 226 196 227
f 190 229 221
f 230 191 232
f 278 230 232
f 185 230 278
f 168 186 231
f 189 168 318
f 196 198 227
f 190 221 319
f 193 192 233
f 193 232 191
f 193 233 232
f 233 278 232
f 99 358 165
f 195 190 319
f 233 192 195
f 233 195 319
f 278 233 319
f 197 234 170
f 198 200 227
f 98 194 256
f 166 81 254
f 293 254 81
f 201 259 199
f 201 236 259
f 198 203 200
f 238 237 235
f 200 238 235
f 203 238 200
f 238 327 237
f 297 173 204
f 298 141 173
f 302 174 142
f 119 174 302
f 262 119 302
f 262 260 81
f 175 209 263
f 150 343 97
f 212 218 267
f 91 241 344
f 151 91 344
f 214 269 242
f 242 215 214
f 243 215 242
f 155 216 245
f 124 128 244
f 215 243 308
f 225 391 159
f 62 598 244
f 251 220 176
f 94 348 222
f 223 429 94
f 274 247 220
f 226 393 160
f 184 246 183
f 274 186 316
f 226 227 354
f 93 317 194
f 93 431 317
f 186 276 316
f 276 189 106
f 430 234 188
f 227 200 354
f 188 234 197
f 168 231 318
f 354 253 275
f 354 200 253
f 234 364 204
f 200 235 253
f 204 364 403
f 256 239 205
f 235 237 327
f 403 297 204
f 299 173 297
f 298 302 142
f 263 209 264
f 260 386 331
f 307 210 554
f 148 122 388
f 307 390 341
f 265 56 211
f 342 424 61
f 309 266 212
f 212 267 309
f 217 240 176
f 342 61 92
f 151 268 125
f 242 269 270
f 270 243 242
f 428 243 270
f 243 428 308
f 251 176 240
f 308 428 518
f 220 247 272
f 248 266 312
f 246 313 183
f 94 429 349
f 224 166 223
f 181 245 271
f 391 225 466
f 248 312 315
f 272 276 180
f 251 231 162
f 248 319 221
f 359 166 254
f 359 254 293
f 321 256 279
f 324 280 320
f 293 325 359
f 194 279 256
f 326 256 321
f 324 287 280
f 281 287 324
f 325 293 258
f 326 257 289
f 257 280 289
f 280 287 285
f 281 258 288
f 482 259 236
f 289 283 326
f 288 287 281
f 253 235 327
f 326 283 282
f 284 289 280
f 285 284 280
f 258 300 288
f 258 293 300
f 282 256 326
f 289 292 283
f 287 290 285
f 288 290 287
f 300 296 288
f 283 261 282
f 284 285 289
f 291 290 288
f 288 296 291
f 285 294 289
f 293 260 301
f 289 294 286
f 297 329 328
f 379 292 289
f 286 379 289
f 291 296 290
f 296 295 290
f 282 239 256
f 379 261 283
f 292 379 283
f 290 294 285
f 301 300 293
f 286 406 379
f 294 330 286
f 295 370 290
f 301 260 331
f 173 299 298
f 261 239 282
f 330 406 286
f 295 409 370
f 296 300 295
f 261 378 239
f 370 330 294
f 371 409 295
f 300 371 295
f 261 379 367
f 290 370 294
f 239 378 209
f 303 262 302
f 262 304 260
f 416 305 306
f 306 305 339
f 146 263 491
f 304 340 260
f 303 304 262
f 416 338 305
f 147 389 122
f 210 423 554
f 265 211 308
f 466 97 343
f 270 269 310
f 310 428 270
f 240 217 311
f 159 391 126
f 309 249 266
f 249 312 266
f 267 246 309
f 218 246 267
f 311 247 240
f 309 246 249
f 247 316 240
f 217 252 311
f 249 315 312
f 94 394 348
f 311 272 247
f 218 313 246
f 247 274 316
f 272 311 252
f 226 859 599
f 393 226 599
f 218 278 313
f 240 316 251
f 217 182 252
f 249 277 315
f 223 166 359
f 251 316 231
f 319 248 315
f 277 360 315
f 313 357 277
f 278 357 313
f 318 276 252
f 319 315 360
f 360 277 357
f 430 402 234
f 278 360 357
f 276 318 316
f 318 231 316
f 278 319 360
f 402 618 234
f 280 257 323
f 323 257 322
f 320 280 323
f 258 281 361
f 325 258 359
f 259 482 255
f 236 255 482
f 328 299 297
f 302 298 299
f 404 302 299
f 366 369 302
f 378 261 367
f 301 371 300
f 330 407 406
f 303 302 380
f 380 302 368
f 409 408 370
f 331 371 301
f 305 332 410
f 305 333 332
f 305 334 333
f 305 335 334
f 305 336 335
f 305 337 336
f 305 338 337
f 418 339 491
f 386 260 340
f 410 207 208
f 307 554 390
f 463 213 148
f 309 267 515
f 241 425 344
f 125 268 269
f 310 269 428
f 126 391 216
f 311 240 272
f 252 392 311
f 267 309 312
f 314 219 347
f 347 219 348
f 348 95 222
f 394 94 349
f 252 311 272
f 267 312 357
f 314 347 346
f 223 350 429
f 430 181 271
f 315 357 312
f 351 267 357
f 395 316 353
f 400 353 316
f 353 400 276
f 353 276 272
f 430 188 181
f 276 356 252
f 355 351 357
f 356 276 400
f 357 315 360
f 355 357 360
f 398 194 317
f 228 165 401
f 398 279 194
f 320 323 397
f 361 320 437
f 441 359 258
f 321 279 399
f 326 321 399
f 322 326 399
f 257 326 322
f 324 320 361
f 281 324 361
f 362 258 361
f 275 253 363
f 255 482 617
f 253 327 363
f 302 404 366
f 369 368 302
f 448 409 371
f 332 333 410
f 333 334 372
f 410 333 372
f 334 335 373
f 372 334 373
f 335 336 374
f 373 335 374
f 336 337 375
f 374 336 375
f 337 338 376
f 375 337 376
f 377 338 416
f 263 264 492
f 386 456 331
f 207 410 417
f 372 381 410
f 382 381 372
f 373 382 372
f 383 382 373
f 374 383 373
f 384 383 374
f 375 384 374
f 385 384 375
f 376 385 375
f 377 385 376
f 338 377 376
f 418 457 339
f 339 146 491
f 209 378 264
f 491 421 418
f 351 515 267
f 428 269 427
f 345 240 392
f 343 464 466
f 244 598 124
f 240 311 392
f 272 240 353
f 514 315 312
f 314 352 250
f 351 355 575
f 439 399 473
f 315 442 360
f 398 317 431
f 399 279 398
f 322 399 439
f 396 322 439
f 323 322 396
f 323 396 397
f 437 320 397
f 438 361 476
f 362 361 438
f 258 362 438
f 441 258 438
f 495 407 330
f 330 370 488
f 456 448 371
f 382 383 411
f 381 382 411
f 383 384 412
f 411 383 412
f 384 385 413
f 412 384 413
f 385 377 414
f 413 385 414
f 414 377 415
f 377 416 420
f 415 377 420
f 339 457 306
f 491 263 492
f 448 408 409
f 331 456 371
f 411 420 381
f 420 410 381
f 412 420 411
f 413 420 412
f 414 420 413
f 415 420 414
f 306 420 416
f 420 419 410
f 410 454 417
f 421 457 418
f 456 386 422
f 388 122 459
f 147 462 389
f 388 461 148
f 463 148 461
f 150 341 343
f 151 426 268
f 216 391 271
f 245 216 271
f 309 514 312
f 393 273 160
f 314 346 352
f 347 467 346
f 347 348 467
f 433 223 359
f 354 275 472
f 519 342 401
f 401 342 228
f 396 439 432
f 440 396 432
f 435 440 432
f 474 397 435
f 475 361 437
f 359 441 433
f 399 398 431
f 473 399 434
f 435 396 440
f 397 396 435
f 437 397 436
f 476 361 475
f 575 355 570
f 570 355 360
f 360 442 570
f 618 364 234
f 364 618 365
f 255 484 482
f 363 327 207
f 328 443 299
f 404 299 486
f 404 534 366
f 368 369 405
f 379 494 367
f 380 304 303
f 541 406 495
f 406 407 495
f 446 495 330
f 370 408 488
f 489 408 447
f 491 492 445
f 406 494 379
f 487 330 488
f 408 489 488
f 449 490 447
f 449 450 451
f 449 447 450
f 452 450 447
f 408 453 447
f 453 452 447
f 448 453 408
f 207 417 387
f 450 455 451
f 452 455 450
f 453 455 452
f 454 387 417
f 419 454 410
f 582 306 457
f 458 421 500
f 421 458 457
f 306 582 420
f 457 458 582
f 459 122 389
f 210 509 423
f 210 265 460
f 460 509 210
f 341 508 343
f 510 265 308
f 510 308 518
f 598 213 516
f 424 342 513
f 515 351 520
f 566 598 516
f 517 353 240
f 569 518 428
f 565 392 252
f 616 391 466
f 658 273 393
f 250 352 346
f 467 348 394
f 346 470 250
f 467 470 346
f 394 432 467
f 468 432 394
f 349 468 394
f 471 468 349
f 429 471 349
f 350 471 429
f 223 433 350
f 273 358 228
f 469 431 250
f 470 469 250
f 472 226 354
f 467 434 470
f 471 437 468
f 475 437 471
f 350 476 471
f 477 476 350
f 441 477 350
f 353 517 395
f 470 431 469
f 399 431 470
f 434 399 470
f 473 434 467
f 467 439 473
f 432 439 467
f 468 435 432
f 474 435 468
f 397 474 468
f 436 397 468
f 437 436 468
f 471 476 475
f 477 438 476
f 441 438 477
f 350 433 441
f 316 395 517
f 466 465 481
f 316 478 400
f 479 402 430
f 315 521 442
f 472 275 363
f 480 356 400
f 400 578 480
f 165 525 401
f 617 525 165
f 617 579 525
f 617 482 579
f 363 207 689
f 443 328 485
f 366 534 665
f 304 380 750
f 446 330 537
f 537 330 487
f 447 490 489
f 449 451 490
f 304 727 340
f 491 591 421
f 493 492 264
f 378 494 264
f 367 494 378
f 541 494 406
f 490 538 489
f 451 455 496
f 451 496 490
f 490 496 538
f 496 455 453
f 422 448 456
f 445 499 491
f 492 499 445
f 537 583 446
f 488 537 487
f 488 606 537
f 538 584 489
f 496 453 538
f 454 581 387
f 420 536 419
f 421 591 500
f 491 498 591
f 499 498 491
f 492 493 499
f 264 535 493
f 494 535 264
f 584 488 489
f 448 538 453
f 500 587 458
f 542 500 591
f 422 502 501
f 502 422 386
f 388 459 561
f 555 389 462
f 459 389 561
f 265 509 460
f 554 508 390
f 390 508 341
f 510 509 265
f 424 513 462
f 461 388 463
f 343 508 464
f 392 557 345
f 309 511 514
f 515 511 309
f 463 516 213
f 425 241 595
f 151 344 426
f 269 268 427
f 345 557 240
f 427 736 428
f 240 557 517
f 464 559 466
f 342 519 513
f 559 465 466
f 351 575 520
f 792 124 598
f 428 659 569
f 271 812 430
f 658 393 599
f 514 521 315
f 565 252 356
f 616 466 481
f 522 660 566
f 517 478 316
f 578 400 478
f 465 524 481
f 165 358 640
f 481 524 483
f 165 640 617
f 483 524 527
f 527 798 483
f 574 530 526
f 526 530 664
f 484 579 482
f 641 527 529
f 580 579 484
f 365 533 364
f 364 533 403
f 299 443 486
f 366 665 369
f 534 404 902
f 380 368 620
f 207 387 689
f 444 692 304
f 387 581 497
f 608 493 629
f 629 493 535
f 610 495 446
f 606 488 584
f 583 537 606
f 539 448 422
f 583 610 446
f 628 538 448
f 493 608 499
f 448 539 628
f 422 628 539
f 501 628 422
f 500 542 587
f 652 591 498
f 545 547 544
f 543 503 545
f 547 549 589
f 545 504 547
f 503 504 545
f 505 549 547
f 504 505 547
f 506 551 592
f 549 505 506
f 550 503 543
f 592 507 548
f 551 507 592
f 506 507 551
f 550 593 503
f 507 553 548
f 593 504 503
f 504 593 505
f 506 505 552
f 552 507 506
f 555 561 389
f 554 423 509
f 554 509 512
f 508 554 512
f 388 561 566
f 509 510 556
f 557 509 556
f 557 512 509
f 555 462 513
f 510 518 556
f 392 512 557
f 515 555 511
f 515 561 555
f 463 388 516
f 508 512 464
f 555 513 560
f 511 555 514
f 388 566 516
f 124 558 241
f 344 425 426
f 557 556 517
f 560 513 563
f 520 561 515
f 518 562 556
f 559 512 392
f 512 559 464
f 563 513 521
f 514 555 560
f 517 556 562
f 559 392 565
f 514 560 563
f 564 561 520
f 566 561 564
f 513 519 567
f 518 568 562
f 517 562 568
f 521 513 567
f 514 563 521
f 524 559 565
f 465 559 524
f 564 520 575
f 566 564 575
f 659 687 569
f 568 518 569
f 567 519 401
f 522 566 575
f 517 568 478
f 572 567 401
f 521 567 572
f 481 686 616
f 522 575 660
f 565 356 480
f 572 401 525
f 521 572 442
f 478 568 569
f 565 480 524
f 660 575 523
f 472 363 661
f 569 687 478
f 578 478 577
f 572 525 573
f 442 572 570
f 571 478 687
f 524 480 578
f 573 525 579
f 523 575 526
f 575 570 574
f 744 523 725
f 572 573 579
f 528 478 571
f 576 524 578
f 574 570 572
f 526 575 574
f 532 478 528
f 577 478 532
f 527 578 529
f 576 578 527
f 524 576 527
f 580 572 579
f 530 572 580
f 529 577 532
f 578 577 529
f 574 572 530
f 528 571 531
f 532 528 531
f 529 532 641
f 328 642 485
f 328 329 642
f 404 486 902
f 916 689 387
f 387 497 916
f 304 692 727
f 727 643 340
f 581 454 604
f 582 540 420
f 494 585 535
f 586 494 541
f 606 605 583
f 494 586 585
f 495 610 541
f 610 583 625
f 631 605 606
f 626 631 606
f 538 606 584
f 672 502 386
f 587 542 694
f 652 498 499
f 652 499 608
f 585 629 535
f 591 694 542
f 545 590 669
f 614 694 591
f 648 501 502
f 669 543 545
f 546 543 669
f 588 549 607
f 589 549 588
f 544 547 589
f 590 544 589
f 545 544 590
f 549 506 607
f 506 592 607
f 592 548 607
f 543 546 768
f 768 550 543
f 505 593 552
f 552 594 507
f 507 594 553
f 241 558 595
f 268 426 596
f 686 391 616
f 859 226 472
f 273 600 358
f 685 358 600
f 687 659 721
f 660 523 744
f 481 483 686
f 661 363 723
f 725 523 526
f 767 798 527
f 664 725 526
f 365 601 533
f 532 531 602
f 641 532 746
f 664 530 580
f 363 689 723
f 403 898 297
f 369 603 405
f 643 386 340
f 670 672 386
f 623 590 604
f 626 606 538
f 590 588 621
f 604 590 621
f 669 590 623
f 669 633 546
f 609 608 629
f 583 631 625
f 502 672 648
f 590 589 588
f 630 629 585
f 605 631 583
f 626 612 631
f 628 501 613
f 609 649 608
f 629 649 609
f 628 626 538
f 649 652 608
f 648 613 501
f 613 635 628
f 546 633 768
f 593 804 636
f 550 804 593
f 636 615 552
f 593 636 552
f 615 594 552
f 553 594 548
f 427 268 597
f 391 716 271
f 428 847 659
f 566 660 738
f 599 739 658
f 859 472 929
f 722 479 430
f 740 472 661
f 685 640 358
f 402 479 722
f 484 255 663
f 619 767 527
f 619 527 641
f 484 747 580
f 403 533 726
f 297 898 748
f 297 748 329
f 665 603 369
f 666 368 405
f 304 750 444
f 380 620 750
f 670 386 643
f 419 728 454
f 668 497 581
f 540 644 420
f 588 668 581
f 621 588 581
f 621 581 604
f 458 587 582
f 668 588 622
f 668 622 607
f 588 607 622
f 607 611 668
f 677 586 541
f 678 610 625
f 647 625 631
f 627 612 626
f 628 627 626
f 607 769 611
f 633 624 632
f 591 652 634
f 677 585 586
f 653 541 610
f 610 678 653
f 631 612 647
f 633 632 768
f 630 656 629
f 675 678 625
f 628 676 627
f 628 635 676
f 613 699 635
f 607 548 769
f 124 792 558
f 595 638 425
f 425 639 426
f 271 716 683
f 912 271 684
f 736 811 428
f 271 912 812
f 792 598 738
f 598 566 738
f 722 430 764
f 402 722 662
f 255 617 663
f 365 618 724
f 818 618 402
f 688 365 724
f 532 602 746
f 329 748 642
f 534 749 665
f 667 620 368
f 728 604 454
f 669 645 633
f 587 646 671
f 694 646 587
f 633 645 624
f 679 612 627
f 655 611 769
f 611 655 673
f 656 649 629
f 650 677 541
f 612 680 647
f 679 680 612
f 614 696 694
f 647 675 625
f 676 679 627
f 648 695 613
f 654 591 651
f 591 634 651
f 652 649 656
f 541 653 650
f 680 675 647
f 695 699 613
f 652 651 634
f 550 758 804
f 652 656 630
f 699 676 635
f 804 615 636
f 558 792 657
f 638 595 558
f 426 639 596
f 271 683 684
f 472 740 929
f 885 571 687
f 662 818 402
f 486 801 902
f 443 690 486
f 666 405 603
f 368 691 667
f 666 691 368
f 420 644 536
f 671 803 587
f 497 668 754
f 668 611 754
f 694 671 646
f 755 671 694
f 645 756 624
f 754 611 673
f 624 674 632
f 673 655 757
f 731 675 680
f 679 676 735
f 709 679 735
f 614 591 654
f 652 772 651
f 550 637 758
f 614 654 651
f 679 709 680
f 701 652 630
f 680 697 731
f 709 698 680
f 701 760 652
f 558 657 1031
f 596 681 268
f 268 682 597
f 597 809 427
f 428 811 847
f 658 763 273
f 619 641 746
f 891 777 664
f 664 580 891
f 743 723 689
f 690 443 485
f 486 690 801
f 902 749 534
f 749 603 665
f 667 750 620
f 497 934 916
f 536 802 419
f 582 693 540
f 587 803 582
f 623 645 669
f 694 696 980
f 695 648 672
f 550 978 637
f 651 805 614
f 548 700 769
f 630 585 701
f 585 677 701
f 701 677 650
f 675 653 678
f 731 653 675
f 697 680 698
f 804 730 615
f 772 652 759
f 652 760 759
f 703 702 697
f 698 704 697
f 704 703 697
f 705 704 698
f 706 705 698
f 707 706 698
f 708 707 698
f 703 710 702
f 711 710 703
f 704 711 703
f 712 711 704
f 705 712 704
f 713 712 705
f 706 713 705
f 714 713 706
f 707 714 706
f 708 714 707
f 709 708 698
f 548 715 762
f 594 715 548
f 425 638 639
f 812 764 430
f 686 483 813
f 717 718 719
f 717 719 740
f 717 743 718
f 743 717 740
f 743 740 661
f 743 661 723
f 663 617 640
f 618 818 724
f 531 571 885
f 688 601 365
f 893 602 531
f 601 726 533
f 692 444 752
f 822 693 582
f 671 755 803
f 754 673 757
f 624 756 674
f 674 768 632
f 978 550 768
f 696 614 805
f 730 806 615
f 651 772 805
f 594 615 806
f 653 786 650
f 697 734 731
f 702 710 732
f 702 732 697
f 697 732 734
f 710 711 733
f 732 710 733
f 711 712 733
f 712 713 733
f 713 714 733
f 733 714 708
f 771 735 676
f 676 699 761
f 548 908 700
f 715 594 806
f 650 786 701
f 733 734 732
f 708 734 733
f 735 734 708
f 709 735 708
f 761 771 676
f 268 681 791
f 268 791 682
f 391 686 737
f 763 600 273
f 685 600 763
f 738 660 853
f 599 859 997
f 739 599 997
f 719 741 742
f 718 741 719
f 742 740 719
f 718 743 741
f 659 795 721
f 853 744 817
f 885 687 745
f 797 744 725
f 821 531 885
f 663 747 484
f 725 878 820
f 725 664 777
f 916 743 689
f 642 917 485
f 749 902 603
f 691 750 667
f 666 603 691
f 750 751 444
f 692 752 727
f 582 803 822
f 753 781 623
f 623 781 645
f 781 756 645
f 672 670 974
f 695 672 729
f 694 980 755
f 826 757 655
f 701 759 760
f 789 701 786
f 653 787 786
f 653 731 787
f 548 762 908
f 771 788 735
f 657 792 1031
f 558 1031 638
f 427 809 942
f 736 427 811
f 960 658 739
f 847 848 659
f 742 765 766
f 741 765 742
f 766 740 742
f 741 743 765
f 660 744 853
f 721 795 687
f 483 798 720
f 687 795 745
f 640 819 663
f 797 817 744
f 797 725 820
f 892 725 777
f 403 726 898
f 902 778 603
f 691 780 750
f 670 643 1007
f 604 728 623
f 754 905 497
f 781 827 756
f 757 782 754
f 674 756 827
f 729 921 695
f 695 923 699
f 938 699 923
f 769 700 908
f 939 806 730
f 805 772 955
f 787 731 734
f 759 701 770
f 770 701 785
f 785 701 789
f 788 734 735
f 792 808 1031
f 597 682 809
f 391 737 716
f 684 683 912
f 912 913 812
f 928 685 763
f 929 740 962
f 483 720 813
f 766 774 775
f 765 774 766
f 962 740 766
f 775 962 766
f 659 848 795
f 765 743 774
f 773 640 685
f 818 887 724
f 966 818 662
f 878 725 892
f 602 897 746
f 580 747 776
f 898 899 748
f 485 800 690
f 918 780 691
f 603 918 691
f 750 780 779
f 751 947 444
f 536 644 802
f 540 950 644
f 693 950 540
f 974 670 1007
f 827 782 757
f 781 782 827
f 674 952 768
f 921 922 695
f 827 757 826
f 938 761 699
f 772 956 955
f 789 787 734
f 790 734 788
f 759 784 772
f 787 789 786
f 790 789 734
f 427 810 811
f 912 683 927
f 792 738 853
f 658 960 763
f 812 1048 764
f 775 793 794
f 774 793 775
f 794 962 775
f 774 743 793
f 640 773 796
f 640 796 865
f 798 767 619
f 893 531 821
f 799 892 777
f 580 776 891
f 779 969 750
f 906 623 1006
f 419 802 728
f 623 906 753
f 781 823 782
f 782 905 754
f 729 672 824
f 980 825 755
f 783 674 827
f 829 655 769
f 804 828 730
f 758 1042 804
f 908 829 769
f 770 832 759
f 789 807 785
f 427 942 810
f 716 1019 683
f 792 834 808
f 792 853 834
f 737 686 840
f 686 813 840
f 1048 722 764
f 794 814 815
f 793 814 794
f 815 962 794
f 743 814 793
f 720 798 813
f 961 965 722
f 860 853 817
f 722 966 662
f 640 865 819
f 817 797 860
f 798 619 882
f 663 819 895
f 663 895 747
f 893 897 602
f 777 891 799
f 642 748 917
f 1155 916 934
f 902 801 901
f 778 1002 603
f 1002 918 603
f 969 751 750
f 727 752 948
f 903 643 727
f 822 803 755
f 906 823 781
f 753 906 781
f 782 823 905
f 674 783 952
f 768 952 978
f 637 954 758
f 696 830 980
f 830 696 805
f 784 831 772
f 772 831 956
f 789 790 981
f 771 761 788
f 638 835 639
f 811 810 925
f 834 838 833
f 851 839 925
f 836 849 851
f 716 849 836
f 737 840 716
f 833 841 837
f 716 840 849
f 837 845 909
f 850 845 837
f 841 850 837
f 853 843 834
f 925 847 811
f 839 848 925
f 838 846 833
f 842 846 838
f 851 858 839
f 844 849 840
f 833 846 841
f 843 838 834
f 853 842 843
f 848 847 925
f 858 867 839
f 851 854 858
f 840 813 844
f 852 846 842
f 843 842 838
f 853 857 842
f 851 855 854
f 849 855 851
f 846 856 841
f 852 856 846
f 839 867 848
f 844 855 849
f 842 857 852
f 850 865 845
f 853 860 857
f 873 854 855
f 813 855 844
f 930 961 722
f 815 862 863
f 814 862 815
f 863 962 815
f 865 864 845
f 841 881 850
f 870 878 852
f 854 861 858
f 854 868 861
f 814 743 862
f 856 852 866
f 867 871 848
f 871 795 848
f 813 869 855
f 856 881 841
f 856 866 881
f 857 870 852
f 873 868 854
f 872 873 855
f 869 872 855
f 798 869 813
f 878 877 852
f 885 871 867
f 880 885 867
f 868 858 861
f 874 865 850
f 875 874 850
f 881 875 850
f 878 870 857
f 871 745 795
f 866 852 881
f 858 880 867
f 876 858 868
f 873 876 868
f 890 876 873
f 872 869 873
f 722 965 966
f 874 819 865
f 888 881 852
f 877 888 852
f 857 879 878
f 857 860 879
f 885 745 871
f 876 880 858
f 869 883 873
f 880 886 885
f 873 882 890
f 883 882 873
f 881 884 875
f 879 820 878
f 875 819 874
f 860 797 879
f 821 885 886
f 889 893 876
f 890 889 876
f 869 882 883
f 878 892 877
f 797 820 879
f 876 893 880
f 893 886 880
f 798 882 869
f 688 724 887
f 966 887 818
f 888 895 884
f 881 888 884
f 894 688 887
f 875 895 819
f 877 892 888
f 892 891 888
f 884 895 875
f 896 895 888
f 893 821 886
f 882 746 890
f 619 746 882
f 816 743 916
f 897 893 889
f 889 890 897
f 894 601 688
f 888 891 896
f 746 897 890
f 776 747 895
f 776 895 896
f 891 776 896
f 799 891 892
f 916 1155 816
f 894 898 601
f 601 898 726
f 690 933 801
f 917 900 485
f 485 900 800
f 946 901 801
f 497 971 934
f 971 497 905
f 1007 643 936
f 728 1006 623
f 823 906 905
f 672 974 824
f 907 755 825
f 978 952 977
f 655 924 826
f 637 978 954
f 980 830 994
f 761 938 1043
f 715 806 939
f 785 807 770
f 789 981 807
f 833 837 910
f 833 910 834
f 809 682 942
f 851 925 911
f 836 851 1018
f 836 1018 716
f 683 1019 927
f 909 845 864
f 928 773 685
f 1048 930 722
f 863 914 915
f 862 914 863
f 962 863 915
f 862 743 914
f 914 743 816
f 864 865 796
f 887 898 894
f 690 800 933
f 946 801 933
f 918 1038 780
f 779 780 969
f 904 903 727
f 727 948 904
f 822 755 907
f 952 783 1133
f 990 952 1133
f 826 924 1041
f 924 655 829
f 1042 758 954
f 805 955 830
f 1013 829 908
f 788 1030 790
f 810 942 925
f 716 1018 1019
f 1065 1048 812
f 928 909 864
f 929 997 859
f 915 931 932
f 914 931 915
f 915 932 962
f 864 796 773
f 928 864 773
f 914 816 931
f 898 945 899
f 800 946 933
f 901 935 902
f 902 1002 778
f 969 947 751
f 949 752 444
f 937 905 906
f 906 1006 937
f 644 950 920
f 907 825 980
f 923 695 938
f 759 957 784
f 832 957 759
f 910 940 834
f 638 1031 941
f 638 941 835
f 925 1046 985
f 911 925 985
f 851 911 985
f 812 913 1065
f 929 962 1152
f 932 943 944
f 931 943 932
f 932 944 962
f 931 816 943
f 943 816 1053
f 887 966 1092
f 887 945 898
f 917 748 899
f 967 946 800
f 934 971 1267
f 643 903 936
f 728 802 972
f 951 1007 936
f 979 907 980
f 826 1041 827
f 952 953 977
f 922 1060 695
f 807 832 770
f 788 982 1030
f 788 1075 982
f 761 1075 788
f 834 940 808
f 835 941 639
f 791 681 1099
f 1019 1018 958
f 912 927 1020
f 912 1020 1033
f 959 909 928
f 928 763 960
f 1021 960 739
f 1048 961 930
f 944 963 964
f 943 963 944
f 944 964 962
f 943 1053 963
f 961 1000 965
f 1141 1155 1025
f 934 1025 1155
f 1001 917 899
f 900 917 1001
f 1002 902 935
f 1038 970 780
f 936 903 1094
f 905 937 919
f 644 920 802
f 921 729 1009
f 729 824 1009
f 907 979 822
f 921 1009 922
f 975 952 990
f 975 990 976
f 952 975 953
f 975 976 977
f 977 953 975
f 695 1060 938
f 924 829 1213
f 1060 1043 938
f 993 939 730
f 830 955 994
f 807 1016 1074
f 981 1016 807
f 1030 981 790
f 682 791 984
f 851 985 1018
f 1077 959 928
f 1022 997 929
f 964 986 987
f 963 986 964
f 964 987 962
f 963 1053 986
f 887 1092 988
f 887 988 945
f 967 968 946
f 1115 967 800
f 968 901 946
f 969 780 947
f 444 1157 949
f 947 1157 444
f 971 905 1267
f 919 1005 905
f 802 920 972
f 979 989 822
f 990 991 976
f 827 1041 1203
f 976 991 992
f 977 976 992
f 1105 977 992
f 922 1010 1060
f 977 954 978
f 980 994 979
f 804 1042 828
f 1075 761 1107
f 807 1015 832
f 639 941 995
f 639 995 1099
f 791 1099 984
f 925 942 1046
f 958 1018 926
f 1019 958 926
f 996 1077 928
f 928 960 1049
f 1049 996 928
f 987 998 999
f 986 998 987
f 962 987 1052
f 987 999 1052
f 986 1053 998
f 1025 934 1081
f 1026 1002 935
f 1003 947 780
f 970 1004 780
f 949 1082 752
f 752 1082 948
f 937 1006 1143
f 728 1071 1006
f 822 973 1058
f 824 974 1007
f 822 989 973
f 990 1011 991
f 1203 783 827
f 991 1011 1012
f 992 991 1012
f 1012 1105 992
f 1200 977 1105
f 979 994 1027
f 730 1059 993
f 730 828 1059
f 1213 829 1013
f 1107 761 1043
f 715 1062 762
f 939 1062 715
f 909 959 837
f 808 983 1031
f 1018 985 1017
f 1021 739 997
f 999 1023 1024
f 998 1023 999
f 999 1024 1052
f 998 1053 1023
f 1000 1069 965
f 1053 816 1155
f 988 1054 945
f 780 1004 1003
f 934 1267 1081
f 951 824 1007
f 922 1009 1010
f 1084 990 1133
f 990 1084 1011
f 1084 1040 1011
f 1011 1040 1028
f 1012 1011 1028
f 1028 1105 1012
f 956 1073 955
f 1014 1062 939
f 1074 1108 807
f 807 1108 1015
f 981 1030 1064
f 596 639 681
f 927 1019 1047
f 1088 912 1033
f 1077 837 959
f 912 1088 913
f 996 1138 1077
f 1049 960 1021
f 1024 1034 1035
f 1023 1034 1024
f 1024 1035 1052
f 1023 1053 1034
f 800 900 1126
f 1002 1026 1116
f 918 1156 1038
f 936 1070 1102
f 1094 1070 936
f 1005 1225 905
f 972 920 728
f 1102 951 936
f 822 1058 693
f 1008 824 951
f 989 979 1027
f 1084 1072 1040
f 1085 783 1203
f 1040 1105 1028
f 939 993 1106
f 939 1106 1061
f 939 1061 1014
f 784 957 831
f 1015 1044 832
f 1064 1063 981
f 837 1045 910
f 942 1124 1171
f 1046 942 1171
f 985 1137 1017
f 1018 1017 1137
f 1018 1137 926
f 1088 1065 913
f 1022 1112 997
f 1048 1078 961
f 1035 1050 1051
f 1034 1050 1035
f 1035 1051 1052
f 1034 1053 1050
f 1053 1155 1036
f 1055 988 1092
f 1054 988 1055
f 1054 1055 945
f 1055 899 945
f 1142 1115 800
f 968 1037 901
f 918 1002 1156
f 1004 1056 1003
f 905 1057 1267
f 905 1225 1057
f 1143 919 937
f 1039 1104 950
f 1072 1105 1040
f 1178 1060 1010
f 924 1213 1161
f 924 1203 1041
f 1042 1059 828
f 1027 994 1121
f 994 955 1134
f 832 1044 957
f 981 1063 1016
f 1062 1014 762
f 1099 995 941
f 639 1099 681
f 984 1032 682
f 1065 1078 1048
f 929 1152 1112
f 1051 1067 1068
f 1050 1067 1051
f 1052 1051 1113
f 1051 1068 1113
f 1152 962 1052
f 1113 1152 1052
f 1050 1053 1067
f 965 1069 966
f 900 1001 1126
f 968 1115 1037
f 1115 968 967
f 901 1037 935
f 1026 935 1116
f 947 1003 1157
f 1056 1117 1003
f 948 1083 904
f 950 1071 920
f 693 1058 950
f 1027 1121 989
f 1200 954 977
f 1134 1121 994
f 1061 1106 1014
f 1164 1107 1043
f 1030 1029 1064
f 1077 1045 837
f 1031 1076 941
f 941 1136 1099
f 1099 1032 984
f 682 1032 1124
f 942 682 1124
f 985 1046 1111
f 985 1111 1137
f 1019 926 1047
f 927 1047 1020
f 1112 1022 929
f 1078 1000 961
f 1068 1079 1080
f 1067 1079 1068
f 1068 1080 1113
f 1067 1053 1079
f 1066 1069 1000
f 966 1069 1092
f 1141 1025 1081
f 1156 970 1038
f 904 1083 903
f 1082 1083 948
f 920 1071 728
f 950 1058 1039
f 1008 1009 824
f 1132 1176 989
f 1145 989 1121
f 954 1059 1042
f 1043 1162 1164
f 1162 1043 1060
f 956 831 1097
f 1030 1098 1029
f 762 1014 908
f 983 1136 1031
f 926 1137 1087
f 1138 996 1049
f 1021 1100 1049
f 1066 1000 1078
f 1080 1090 1091
f 1079 1090 1080
f 1080 1091 1113
f 1079 1053 1090
f 800 1126 1142
f 935 1127 1116
f 1003 1117 1157
f 1157 1093 949
f 1071 1095 1006
f 1132 989 1145
f 1085 1133 783
f 1161 1203 924
f 993 1059 1106
f 1096 1162 1060
f 1013 1120 1213
f 956 1097 1073
f 1123 1014 1086
f 1169 957 1044
f 982 1098 1030
f 1031 1136 1076
f 941 1076 1136
f 1020 1047 1089
f 1033 1020 1088
f 1020 1089 1088
f 1021 997 1100
f 1140 997 1112
f 1091 1101 1113
f 1090 1053 1091
f 1055 1173 899
f 899 1237 1001
f 1156 1002 1116
f 949 1093 1082
f 1006 1103 1143
f 1095 1103 1006
f 951 1102 1197
f 1104 1071 950
f 951 1197 1175
f 1177 1010 1009
f 1178 1010 1144
f 1144 1010 1177
f 1084 1133 1072
f 1096 1060 1178
f 1120 1013 908
f 1014 1106 1086
f 955 1165 1134
f 1147 1108 1074
f 908 1014 1192
f 910 1045 1109
f 940 910 1109
f 940 1109 808
f 808 1109 983
f 1139 1138 1049
f 1100 1139 1049
f 1065 1066 1078
f 1100 997 1140
f 1091 1053 1101
f 1053 1036 1101
f 1066 1457 1069
f 1141 1114 1195
f 1114 1141 1081
f 1004 1129 1056
f 1082 1093 1083
f 919 1131 1005
f 1143 1118 919
f 1177 1009 1008
f 1200 1105 1072
f 1059 954 1119
f 1073 1165 955
f 1063 1168 1016
f 1089 1065 1088
f 1140 1112 1152
f 1092 1125 1055
f 1114 1081 1267
f 1128 1127 935
f 1037 1128 935
f 970 1129 1004
f 1056 1129 1117
f 1157 1130 1093
f 1094 1159 1158
f 1083 1094 903
f 1143 1226 1118
f 951 1175 1256
f 1133 1179 1072
f 1121 1146 1145
f 1122 1107 1164
f 1192 1120 908
f 1169 1044 1015
f 1016 1168 1074
f 1075 1098 982
f 1350 1075 1107
f 957 1272 831
f 1109 1148 983
f 1046 1171 1111
f 926 1087 1307
f 1089 1047 1182
f 1138 1246 1077
f 1101 1153 1113
f 1126 1001 1237
f 1156 1281 970
f 919 1118 1131
f 1189 1095 1071
f 1059 1119 1319
f 1059 1259 1106
f 1383 1241 1059
f 1146 1121 1134
f 1261 1106 1259
f 1106 1214 1086
f 1214 1106 1261
f 1107 1122 1166
f 1107 1166 1350
f 1108 1274 1015
f 1029 1098 1064
f 1123 1192 1014
f 957 1169 1272
f 1136 983 1149
f 1032 1181 1124
f 1171 1170 1110
f 926 1172 1047
f 1045 1077 1246
f 1101 1036 1154
f 1154 1036 1155
f 899 1173 1237
f 1142 1186 1115
f 1129 1157 1117
f 1094 1158 1239
f 1188 1197 1102
f 1005 1160 1225
f 1071 1334 1189
f 1104 1039 1071
f 1176 973 989
f 1177 1178 1144
f 1133 1085 1179
f 1259 1059 1163
f 1162 1096 1164
f 1168 1147 1074
f 831 1167 1097
f 1136 1149 1099
f 1099 1205 1032
f 1171 1124 1170
f 1137 1111 1193
f 1246 1138 1341
f 1066 1065 1356
f 1140 1247 1100
f 1140 1152 1247
f 1113 1153 1278
f 1152 1113 1278
f 1247 1152 1278
f 1066 1218 1457
f 1127 1128 1116
f 1094 1239 1070
f 1083 1093 1094
f 1070 1188 1102
f 1039 1190 1071
f 1039 1058 973
f 973 1349 1039
f 1256 1008 951
f 1177 1212 1178
f 1132 1191 1176
f 1145 1191 1132
f 1240 1085 1203
f 1200 1072 1179
f 1059 1241 1163
f 1064 1180 1063
f 1098 1135 1064
f 831 1272 1167
f 1109 1045 1204
f 983 1148 1149
f 1137 1303 1087
f 926 1307 1172
f 1089 1182 1183
f 1089 1151 1065
f 1155 1141 1154
f 1092 1069 1194
f 1055 1184 1173
f 1196 1237 1173
f 1114 1267 1195
f 1195 1267 1185
f 1237 1252 1126
f 1186 1037 1115
f 1116 1174 1156
f 1128 1174 1116
f 970 1221 1129
f 1129 1187 1348
f 1221 1187 1129
f 1131 1198 1005
f 1005 1198 1160
f 1071 1283 1199
f 1096 1178 1260
f 1146 1202 1145
f 1229 1213 1120
f 1383 1059 1319
f 1301 1146 1134
f 1063 1147 1168
f 1135 1180 1064
f 1045 1232 1204
f 1110 1275 1171
f 1047 1150 1182
f 1356 1207 1066
f 1066 1207 1218
f 1101 1154 1153
f 1194 1292 1092
f 1292 1125 1092
f 1141 1195 1154
f 1156 1347 1281
f 1118 1198 1131
f 1103 1268 1143
f 1071 1199 1334
f 1039 1349 1190
f 1257 1008 1256
f 973 1176 1349
f 1202 1201 1145
f 1145 1201 1191
f 1335 954 1200
f 1134 1165 1301
f 1063 1180 1147
f 1075 1350 1098
f 1353 1192 1123
f 1169 1015 1231
f 1109 1204 1400
f 1149 1217 1099
f 1341 1138 1139
f 1100 1277 1139
f 1173 1184 1208
f 1173 1208 1196
f 1196 1209 1237
f 1037 1186 1128
f 1157 1129 1130
f 1093 1255 1094
f 1093 1253 1255
f 1130 1253 1093
f 1118 1210 1198
f 1118 1211 1210
f 1175 1197 1256
f 1256 1197 1188
f 1071 1190 1283
f 1177 1008 1257
f 1191 1201 1176
f 1228 1201 1202
f 1203 1161 1240
f 954 1319 1119
f 1319 954 1335
f 1164 1096 1260
f 1164 1166 1122
f 1447 1120 1192
f 1336 1350 1166
f 1447 1192 1353
f 1108 1242 1274
f 1135 1098 1230
f 1015 1216 1231
f 1149 1148 1217
f 1099 1245 1205
f 1032 1205 1181
f 1047 1172 1289
f 1089 1183 1436
f 1089 1436 1151
f 1277 1100 1206
f 1206 1100 1247
f 1153 1154 1248
f 1196 1208 1219
f 1219 1209 1196
f 1220 1209 1219
f 1209 1220 1237
f 1185 1267 1331
f 1281 1221 970
f 1348 1254 1129
f 1118 1226 1211
f 1212 1177 1227
f 1178 1212 1227
f 1227 1316 1178
f 1299 1200 1179
f 1213 1414 1161
f 1161 1414 1269
f 1015 1274 1216
f 1181 1287 1124
f 1307 1087 1233
f 1232 1045 1246
f 1151 1355 1065
f 1248 1154 1234
f 1292 1293 1125
f 1219 1208 1235
f 1235 1220 1219
f 1236 1220 1235
f 1220 1236 1237
f 1142 1238 1186
f 1347 1156 1174
f 1159 1282 1158
f 1094 1223 1159
f 1367 1176 1201
f 1085 1240 1398
f 1258 1201 1228
f 1318 1260 1178
f 1163 1241 1259
f 1166 1164 1260
f 1214 1285 1086
f 1285 1214 1261
f 1147 1215 1108
f 1135 1286 1180
f 1231 1272 1169
f 1205 1245 1304
f 1171 1275 1111
f 1436 1183 1182
f 1341 1139 1276
f 1065 1355 1356
f 1419 1139 1277
f 1153 1248 1278
f 1235 1208 1249
f 1249 1236 1235
f 1250 1236 1249
f 1236 1250 1237
f 1250 1362 1237
f 1126 1251 1142
f 1281 1222 1221
f 1281 1347 1266
f 1129 1254 1130
f 1094 1255 1333
f 1256 1188 1314
f 1225 1224 1057
f 1268 1226 1143
f 1189 1297 1095
f 1284 1177 1257
f 1176 1367 1349
f 1318 1178 1382
f 1240 1161 1300
f 1299 1335 1200
f 1259 1241 1320
f 1415 1120 1447
f 1147 1242 1215
f 1286 1271 1180
f 1098 1350 1230
f 1111 1275 1193
f 1193 1262 1137
f 1087 1303 1233
f 1047 1289 1150
f 1247 1388 1290
f 1206 1247 1290
f 1248 1263 1278
f 1154 1195 1377
f 1249 1208 1264
f 1264 1250 1249
f 1265 1250 1264
f 1250 1265 1362
f 1251 1238 1142
f 1070 1239 1188
f 1188 1239 1314
f 1158 1282 1239
f 1189 1334 1297
f 1257 1256 1284
f 1201 1315 1367
f 1315 1201 1258
f 1382 1178 1316
f 1161 1269 1300
f 1431 1213 1229
f 1259 1320 1261
f 1270 1285 1261
f 1167 1321 1097
f 1108 1215 1242
f 1180 1242 1147
f 1135 1230 1243
f 1167 1272 1352
f 1274 1273 1216
f 1245 1099 1217
f 1170 1124 1287
f 1170 1287 1110
f 1303 1137 1288
f 1172 1435 1289
f 1151 1436 1340
f 1276 1139 1419
f 1277 1421 1419
f 1263 1291 1278
f 1248 1291 1263
f 1291 1248 1234
f 1264 1208 1279
f 1279 1265 1264
f 1280 1265 1279
f 1265 1280 1362
f 1251 1126 1238
f 1187 1222 1348
f 1221 1222 1187
f 1094 1462 1223
f 1333 1462 1094
f 1198 1210 1160
f 1227 1177 1368
f 1368 1177 1284
f 1179 1335 1299
f 1213 1431 1414
f 1146 1228 1202
f 1431 1120 1415
f 1302 1086 1285
f 1165 1073 1097
f 1350 1336 1351
f 1086 1302 1123
f 1232 1324 1204
f 1148 1244 1217
f 1217 1354 1245
f 1275 1110 1323
f 1232 1246 1324
f 1247 1278 1388
f 1278 1291 1327
f 1218 1207 1376
f 1293 1359 1125
f 1125 1359 1055
f 1279 1208 1294
f 1294 1280 1279
f 1295 1280 1294
f 1280 1295 1362
f 1362 1363 1237
f 1363 1252 1237
f 1252 1238 1126
f 1174 1128 1347
f 1130 1254 1253
f 1331 1267 1409
f 1057 1409 1267
f 1095 1297 1103
f 1431 1229 1120
f 1336 1166 1260
f 1165 1337 1301
f 1273 1274 1242
f 1271 1370 1180
f 1109 1400 1244
f 1148 1109 1244
f 1181 1305 1287
f 1262 1306 1137
f 1233 1303 1307
f 1421 1277 1206
f 1291 1308 1309
f 1291 1309 1327
f 1291 1234 1308
f 1234 1154 1310
f 1218 1376 1378
f 1218 1378 1457
f 1294 1208 1311
f 1311 1295 1294
f 1312 1295 1311
f 1295 1312 1362
f 1238 1128 1186
f 1296 1266 1347
f 1281 1313 1222
f 1332 1313 1281
f 1199 1298 1334
f 1283 1298 1199
f 1366 1284 1256
f 1382 1316 1368
f 1368 1316 1227
f 1369 1240 1300
f 1228 1317 1258
f 1320 1562 1261
f 1167 1338 1321
f 1167 1339 1338
f 1352 1339 1167
f 1304 1305 1205
f 1181 1205 1305
f 1193 1275 1323
f 1137 1306 1288
f 1172 1307 1435
f 1182 1150 1402
f 1206 1290 1388
f 1309 1325 1326
f 1308 1325 1309
f 1309 1326 1327
f 1308 1234 1325
f 1377 1195 1185
f 1208 1184 1328
f 1311 1208 1329
f 1208 1328 1329
f 1329 1312 1311
f 1330 1312 1329
f 1312 1330 1362
f 1238 1364 1128
f 1281 1266 1332
f 1211 1226 1210
f 1256 1314 1394
f 1394 1366 1256
f 1397 1349 1367
f 1366 1368 1284
f 1179 1085 1398
f 1241 1383 1446
f 1321 1165 1097
f 1135 1243 1286
f 1353 1123 1496
f 1272 1371 1352
f 1272 1322 1371
f 1231 1322 1272
f 1216 1322 1231
f 1323 1401 1193
f 1150 1289 1402
f 1246 1466 1324
f 1151 1545 1355
f 1326 1342 1343
f 1325 1342 1326
f 1326 1343 1327
f 1325 1234 1342
f 1342 1234 1310
f 1310 1154 1344
f 1344 1154 1377
f 1329 1328 1345
f 1345 1330 1329
f 1346 1330 1345
f 1330 1346 1362
f 1128 1407 1347
f 1223 1514 1159
f 1255 1253 1333
f 1190 1349 1283
f 1283 1349 1365
f 1300 1269 1369
f 1261 1562 1270
f 1301 1337 1146
f 1302 1480 1123
f 1245 1354 1387
f 1288 1417 1303
f 1303 1417 1307
f 1466 1246 1341
f 1341 1276 1372
f 1388 1421 1206
f 1343 1357 1358
f 1342 1357 1343
f 1343 1358 1327
f 1388 1278 1327
f 1342 1310 1357
f 1574 1069 1457
f 1345 1328 1360
f 1360 1346 1345
f 1361 1346 1360
f 1346 1361 1362
f 1128 1364 1407
f 1314 1239 1441
f 1159 1514 1282
f 1225 1160 1224
f 1210 1410 1160
f 1268 1533 1226
f 1367 1315 1258
f 1368 1495 1382
f 1369 1398 1240
f 1260 1318 1430
f 1337 1518 1146
f 1336 1384 1351
f 1337 1165 1321
f 1180 1370 1386
f 1273 1498 1216
f 1244 1400 1217
f 1287 1305 1110
f 1182 1402 1452
f 1453 1151 1340
f 1466 1204 1324
f 1372 1466 1341
f 1276 1419 1372
f 1357 1373 1358
f 1358 1373 1327
f 1327 1374 1388
f 1357 1310 1373
f 1373 1310 1375
f 1360 1328 1379
f 1379 1361 1360
f 1380 1361 1379
f 1361 1380 1362
f 1380 1460 1362
f 1461 1185 1331
f 1407 1296 1347
f 1222 1392 1348
f 1254 1427 1253
f 1254 1348 1427
f 1253 1462 1333
f 1533 1579 1226
f 1103 1297 1268
f 1297 1334 1411
f 1283 1365 1298
f 1367 1445 1397
f 1368 1366 1495
f 1536 1335 1179
f 1318 1382 1430
f 1319 1561 1383
f 1561 1319 1335
f 1518 1228 1146
f 1336 1260 1384
f 1123 1480 1608
f 1180 1386 1242
f 1350 1351 1230
f 1354 1217 1387
f 1245 1416 1304
f 1182 1452 1436
f 1379 1328 1389
f 1389 1380 1379
f 1390 1380 1389
f 1380 1390 1460
f 1460 1363 1362
f 1282 1442 1239
f 1462 1514 1223
f 1253 1427 1462
f 1226 1579 1210
f 1365 1443 1298
f 1395 1396 1365
f 1395 1365 1349
f 1349 1381 1395
f 1477 1366 1394
f 1535 1179 1398
f 1258 1317 1367
f 1317 1228 1518
f 1430 1482 1260
f 1285 1270 1480
f 1285 1480 1302
f 1243 1271 1286
f 1338 1339 1399
f 1400 1204 1583
f 1193 1401 1306
f 1193 1306 1262
f 1435 1307 1417
f 1421 1420 1454
f 1419 1421 1454
f 1355 1546 1356
f 1373 1403 1374
f 1375 1403 1373
f 1373 1374 1327
f 1356 1468 1207
f 1403 1375 1423
f 1207 1468 1472
f 1375 1310 1423
f 1472 1376 1207
f 1404 1328 1405
f 1404 1389 1328
f 1389 1404 1390
f 1404 1405 1406
f 1406 1390 1404
f 1406 1460 1390
f 1461 1331 1511
f 1331 1614 1511
f 1391 1222 1313
f 1408 1348 1392
f 1427 1348 1408
f 1239 1475 1441
f 1282 1393 1442
f 1514 1393 1282
f 1314 1441 1394
f 1334 1464 1411
f 1443 1365 1396
f 1412 1443 1396
f 1396 1413 1412
f 1395 1413 1396
f 1413 1395 1381
f 1631 1335 1536
f 1495 1430 1382
f 1479 1369 1269
f 1335 1631 1561
f 1384 1482 1351
f 1482 1384 1260
f 1321 1565 1337
f 1242 1433 1273
f 1273 1433 1385
f 1351 1539 1230
f 1216 1449 1322
f 1217 1400 1387
f 1416 1245 1387
f 1453 1545 1151
f 1372 1523 1466
f 1545 1467 1355
f 1467 1546 1355
f 1374 1403 1422
f 1507 1388 1374
f 1310 1344 1423
f 1377 1185 1344
f 1359 1184 1055
f 1405 1424 1425
f 1405 1328 1424
f 1424 1426 1425
f 1405 1425 1406
f 1425 1460 1406
f 1425 1426 1460
f 1363 1238 1252
f 1407 1530 1296
f 1614 1331 1515
f 1313 1332 1391
f 1392 1222 1492
f 1239 1442 1532
f 1515 1331 1409
f 1334 1298 1493
f 1428 1443 1412
f 1412 1429 1428
f 1413 1429 1412
f 1429 1413 1381
f 1381 1349 1397
f 1445 1367 1317
f 1398 1560 1535
f 1398 1369 1560
f 1495 1478 1430
f 1321 1338 1565
f 1386 1433 1242
f 1230 1539 1243
f 1338 1399 1565
f 1273 1385 1498
f 1305 1434 1451
f 1110 1305 1451
f 1110 1451 1323
f 1289 1435 1418
f 1421 1388 1507
f 1422 1437 1438
f 1403 1437 1422
f 1422 1438 1374
f 1403 1423 1437
f 1378 1376 1472
f 1424 1328 1439
f 1439 1426 1424
f 1440 1426 1439
f 1426 1440 1460
f 1238 1553 1364
f 1553 1238 1363
f 1407 1364 1554
f 1391 1492 1222
f 1239 1556 1475
f 1409 1516 1515
f 1334 1493 1464
f 1428 1444 1443
f 1429 1444 1428
f 1444 1429 1381
f 1495 1366 1494
f 1494 1366 1477
f 1536 1179 1653
f 1179 1535 1653
f 1630 1482 1430
f 1537 1431 1415
f 1123 1608 1496
f 1322 1448 1371
f 1449 1448 1322
f 1216 1498 1449
f 1353 1496 1447
f 1304 1416 1450
f 1323 1451 1569
f 1306 1401 1288
f 1340 1436 1453
f 1372 1419 1454
f 1468 1356 1546
f 1438 1455 1456
f 1437 1455 1438
f 1374 1438 1507
f 1438 1456 1507
f 1437 1423 1455
f 1185 1461 1508
f 1439 1328 1458
f 1328 1184 1458
f 1458 1440 1439
f 1459 1440 1458
f 1440 1459 1460
f 1460 1552 1363
f 1597 1530 1407
f 1266 1296 1491
f 1239 1532 1556
f 1629 1394 1441
f 1210 1463 1410
f 1297 1593 1533
f 1411 1593 1297
f 1476 1394 1629
f 1443 1493 1298
f 1443 1444 1493
f 1493 1444 1381
f 1537 1414 1431
f 1241 1446 1320
f 1337 1481 1518
f 1304 1450 1305
f 1504 1523 1372
f 1420 1372 1454
f 1421 1485 1420
f 1456 1469 1470
f 1455 1469 1456
f 1456 1470 1507
f 1455 1423 1469
f 1469 1423 1471
f 1423 1344 1471
f 1457 1378 1574
f 1344 1185 1725
f 1458 1184 1473
f 1473 1459 1458
f 1474 1459 1473
f 1459 1474 1460
f 1474 1552 1460
f 1407 1554 1597
f 1332 1266 1491
f 1408 1392 1492
f 1409 1057 1517
f 1410 1602 1160
f 1160 1602 1224
f 1297 1533 1268
f 1464 1593 1411
f 1564 1518 1481
f 1482 1519 1351
f 1433 1483 1385
f 1433 1386 1483
f 1519 1539 1351
f 1448 1643 1371
f 1371 1643 1352
f 1323 1569 1401
f 1452 1484 1436
f 1485 1421 1507
f 1470 1486 1487
f 1469 1486 1470
f 1470 1487 1507
f 1469 1471 1486
f 1292 1488 1293
f 1293 1488 1359
f 1473 1184 1489
f 1489 1474 1473
f 1490 1474 1489
f 1474 1490 1552
f 1363 1639 1553
f 1639 1363 1552
f 1427 1408 1462
f 1579 1558 1210
f 1394 1476 1477
f 1580 1445 1682
f 1414 1537 1269
f 1445 1317 1793
f 1537 1415 1447
f 1385 1542 1498
f 1498 1542 1622
f 1385 1483 1432
f 1243 1499 1271
f 1565 1500 1497
f 1399 1500 1565
f 1339 1500 1399
f 1288 1401 1465
f 1435 1417 1503
f 1507 1525 1485
f 1487 1505 1506
f 1486 1505 1487
f 1487 1506 1507
f 1486 1471 1505
f 1725 1185 1508
f 1489 1184 1509
f 1509 1490 1489
f 1510 1490 1509
f 1490 1510 1552
f 1364 1512 1554
f 1332 1491 1531
f 1491 1296 1530
f 1408 1578 1462
f 1517 1516 1409
f 1477 1476 1629
f 1493 1650 1464
f 1494 1477 1534
f 1478 1495 1494
f 1445 1580 1397
f 1369 1479 1560
f 1320 1446 1641
f 1564 1481 1337
f 1581 1337 1565
f 1520 1565 1497
f 1448 1498 1622
f 1432 1542 1385
f 1497 1521 1520
f 1500 1521 1497
f 1500 1339 1521
f 1498 1448 1449
f 1387 1501 1416
f 1305 1450 1434
f 1418 1435 1503
f 1289 1418 1522
f 1402 1289 1522
f 1466 1611 1204
f 1524 1372 1420
f 1506 1526 1527
f 1505 1526 1506
f 1507 1506 1525
f 1506 1527 1525
f 1505 1471 1526
f 1468 1573 1472
f 1378 1550 1574
f 1509 1184 1528
f 1528 1510 1509
f 1529 1510 1528
f 1510 1529 1552
f 1511 1614 1577
f 1364 1553 1512
f 1391 1332 1531
f 1514 1601 1393
f 1462 1578 1514
f 1515 1516 1904
f 1463 1210 1603
f 1381 1808 1493
f 1629 1534 1477
f 1381 1397 1808
f 1482 1630 1538
f 1337 1581 1564
f 1794 1447 1496
f 1520 1540 1541
f 1520 1541 1565
f 1541 1540 1568
f 1370 1566 1386
f 1520 1521 1540
f 1540 1543 1568
f 1540 1521 1543
f 1521 1339 1543
f 1387 1400 1585
f 1418 1503 1522
f 1402 1522 1544
f 1436 1687 1453
f 1636 1545 1453
f 1586 1466 1523
f 1504 1372 1524
f 1525 1420 1485
f 1527 1547 1548
f 1526 1547 1527
f 1527 1548 1525
f 1526 1471 1547
f 1471 1344 1549
f 1378 1472 1550
f 1528 1184 1551
f 1551 1529 1528
f 1552 1529 1551
f 1577 1461 1511
f 1592 1492 1555
f 1492 1513 1555
f 1492 1391 1513
f 1492 1592 1408
f 1556 1441 1475
f 1224 1557 1057
f 1057 1557 1517
f 1210 1558 1603
f 1464 1650 1593
f 1651 1650 1493
f 1494 1534 1629
f 1430 1728 1630
f 1537 1633 1269
f 1445 1793 1682
f 1270 1607 1480
f 1317 1518 1564
f 1563 1537 1447
f 1541 1568 1565
f 1386 1594 1483
f 1243 1567 1499
f 1243 1539 1567
f 1339 1568 1543
f 1451 1570 1569
f 1401 1569 1570
f 1401 1570 1465
f 1288 1465 1625
f 1288 1625 1417
f 1611 1583 1204
f 1545 1636 1467
f 1588 1524 1420
f 1691 1420 1525
f 1468 1546 1573
f 1548 1571 1572
f 1547 1571 1548
f 1548 1572 1525
f 1547 1471 1571
f 1194 1069 1574
f 1194 1575 1292
f 1292 1575 1488
f 1359 1488 1184
f 1488 1658 1184
f 1551 1184 1576
f 1576 1552 1551
f 1393 1616 1442
f 1224 1602 1557
f 1463 1603 1410
f 1604 1533 1593
f 1580 1559 1397
f 1535 1560 1653
f 1430 1478 1728
f 1479 1718 1560
f 1383 1720 1446
f 1383 1561 1720
f 1562 1320 1607
f 1607 1270 1562
f 1633 1537 1563
f 1317 1564 1581
f 1448 1622 1621
f 1483 1594 1432
f 1566 1582 1386
f 1271 1566 1370
f 1400 1583 1584
f 1402 1544 1452
f 1611 1466 1637
f 1523 1504 1587
f 1588 1420 1691
f 1572 1589 1590
f 1571 1589 1572
f 1572 1590 1525
f 1571 1471 1589
f 1550 1194 1574
f 1615 1512 1591
f 1553 1639 1512
f 1597 1598 1530
f 1491 1530 1531
f 1592 1555 1408
f 1514 1578 1601
f 1532 1600 1556
f 1579 1773 1558
f 1441 1652 1629
f 1630 1663 1538
f 1563 1447 1794
f 1565 1620 1581
f 1568 1620 1565
f 1386 1582 1594
f 1499 1566 1271
f 1387 1585 1501
f 1451 1434 1502
f 1451 1624 1570
f 1522 1503 1610
f 1452 1544 1484
f 1436 1484 1687
f 1636 1453 1687
f 1637 1466 1586
f 1523 1587 1586
f 1546 1672 1573
f 1590 1595 1596
f 1589 1595 1590
f 1525 1590 1691
f 1590 1596 1691
f 1589 1471 1595
f 1471 1549 1657
f 1472 1645 1550
f 1576 1184 1658
f 1576 1639 1552
f 1512 1639 1646
f 1554 1512 1615
f 1530 1599 1531
f 1391 1531 1599
f 1442 1600 1532
f 1557 1516 1517
f 1808 1397 1605
f 1605 1397 1559
f 1653 1560 1654
f 1714 1580 1682
f 1632 1269 1633
f 1320 1641 1619
f 1480 1642 1608
f 1663 1482 1538
f 1339 1620 1568
f 1584 1583 1585
f 1400 1584 1585
f 1484 1544 1687
f 1467 1626 1546
f 1524 1689 1504
f 1626 1672 1546
f 1596 1612 1613
f 1595 1612 1596
f 1596 1613 1691
f 1595 1471 1612
f 1612 1471 1657
f 1573 1645 1472
f 1508 1461 1577
f 1554 1615 1597
f 1647 1530 1598
f 1410 1617 1602
f 1603 1617 1410
f 1604 1773 1533
f 1533 1773 1579
f 1478 1494 1694
f 1654 1560 1718
f 1479 1269 1662
f 1718 1479 1662
f 1720 1641 1446
f 1606 1663 1630
f 1642 1480 1607
f 1496 1608 1702
f 1583 1669 1585
f 1434 1450 1623
f 1502 1624 1451
f 1465 1570 1753
f 1637 1583 1611
f 1637 1586 1587
f 1689 1524 1644
f 1644 1524 1588
f 1613 1627 1628
f 1612 1627 1613
f 1613 1628 1691
f 1612 1657 1627
f 1725 1549 1344
f 1575 1194 1488
f 1725 1508 1577
f 1658 1638 1576
f 1638 1639 1576
f 1597 1615 1598
f 1530 1737 1599
f 1614 1515 1873
f 1441 1556 1659
f 1600 1659 1556
f 1602 1784 1557
f 1744 1630 1728
f 1269 1632 1662
f 1320 1619 1607
f 1683 1633 1563
f 1581 1748 1317
f 1582 1566 1594
f 1702 1794 1496
f 1703 1655 1352
f 1448 1634 1643
f 1416 1501 1635
f 1434 1623 1609
f 1434 1609 1502
f 1625 1465 1754
f 1670 1637 1587
f 1636 1626 1467
f 1628 1656 1691
f 1627 1657 1628
f 1737 1675 1599
f 1555 1513 1391
f 1391 1599 1555
f 1408 1762 1578
f 1601 1677 1711
f 1442 1616 1600
f 1617 1784 1602
f 1648 1652 1441
f 1593 1774 1604
f 1652 1494 1629
f 1694 1494 1652
f 1661 1561 1631
f 1802 1561 1661
f 1563 1794 1683
f 1519 1482 1663
f 1621 1722 1448
f 1542 1666 1622
f 1566 1686 1594
f 1352 1643 1703
f 1501 1585 1635
f 1623 1450 1750
f 1417 1625 1754
f 1504 1689 1670
f 1670 1587 1504
f 1644 1588 1691
f 1628 1657 1656
f 1657 1549 1656
f 1638 1658 1639
f 1591 1512 1646
f 1674 1598 1615
f 1647 1598 1674
f 1530 1647 1737
f 1677 1601 1578
f 1616 1679 1600
f 1616 1393 1601
f 1593 1650 1774
f 1493 1808 1651
f 1606 1630 1744
f 1631 1536 1661
f 1802 1720 1561
f 1619 1641 1607
f 1607 1641 1618
f 1793 1317 1748
f 1448 1684 1634
f 1622 1666 1621
f 1432 1734 1542
f 1594 1686 1685
f 1352 1655 1339
f 1465 1753 1754
f 1669 1583 1637
f 1670 1689 1671
f 1644 1688 1689
f 1673 1488 1194
f 1658 1646 1639
f 1577 1614 1873
f 1599 1826 1761
f 1599 1761 1555
f 1555 1640 1408
f 1677 1578 1762
f 1408 1692 1762
f 1603 1764 1617
f 1558 1764 1603
f 1478 1694 1728
f 1559 1580 1714
f 1660 1536 1653
f 1661 1536 1660
f 1700 1633 1683
f 1606 1747 1663
f 1608 1642 1664
f 1664 1770 1608
f 1832 1539 1519
f 1448 1722 1684
f 1542 1734 1666
f 1499 1705 1566
f 1416 1635 1795
f 1609 1623 1502
f 1610 1503 1754
f 1522 1610 1667
f 1544 1522 1667
f 1544 1817 1668
f 1670 1707 1637
f 1870 1194 1709
f 1550 1709 1194
f 1194 1870 1673
f 1488 1710 1658
f 1771 1866 1577
f 1658 1710 1646
f 1674 1615 2029
f 1591 1646 1736
f 1826 1599 1675
f 1692 1408 1676
f 1616 1601 1678
f 1904 1957 1515
f 1441 1799 1648
f 1516 1740 1904
f 1516 1649 1740
f 1557 1649 1516
f 1653 1654 1681
f 1681 1660 1653
f 1608 1665 1702
f 1581 1620 1701
f 1666 1722 1621
f 1669 1756 1585
f 1416 1795 1450
f 1417 1754 1503
f 1636 1818 1626
f 1726 1645 1573
f 1673 1870 1488
f 1870 1759 1488
f 1640 1693 1408
f 1711 1678 1601
f 1600 1679 1659
f 1648 1799 1652
f 1558 1713 1764
f 1559 1729 1605
f 1696 1661 1660
f 1681 1654 1697
f 1695 1660 1681
f 1697 1695 1681
f 1661 1696 1699
f 1696 1698 1699
f 1802 1661 1699
f 1662 1632 1718
f 1909 1633 1700
f 1539 1832 1567
f 1608 1770 1665
f 1701 1620 1834
f 1432 1704 1734
f 1432 1594 1704
f 1685 1704 1594
f 1566 1705 1686
f 1499 1567 1705
f 1702 1665 1794
f 1794 1665 1735
f 1339 1721 1620
f 1655 1721 1339
f 1623 1750 1502
f 1570 1624 1751
f 1610 1754 1706
f 1610 1706 1667
f 1687 1544 1668
f 1669 1637 1756
f 1708 1688 1644
f 1691 1656 1823
f 1823 1644 1691
f 1672 1690 1573
f 1645 1709 1550
f 1771 1577 1873
f 1555 1693 1640
f 1659 1739 1441
f 1557 1784 1649
f 1651 1680 1650
f 1605 1879 1808
f 1729 1559 1714
f 1695 1715 1660
f 1697 1654 1716
f 1715 1695 1697
f 1716 1715 1697
f 1696 1717 1698
f 1654 1718 1767
f 1698 1717 1719
f 1699 1698 1719
f 1719 1802 1699
f 1714 1682 1793
f 1641 1720 2118
f 1633 1909 1632
f 1519 1663 1977
f 1585 1756 1845
f 1624 1502 1796
f 1751 1624 1796
f 1817 1544 1724
f 1544 1667 1724
f 1755 1636 1687
f 1818 1636 1755
f 1637 1837 1756
f 1637 1707 1837
f 1819 1707 1670
f 1689 1688 1671
f 1626 1690 1672
f 1708 1644 1823
f 1645 1726 1758
f 1709 1645 1758
f 1759 1710 1488
f 1736 1646 1710
f 1737 1647 1760
f 1737 1826 1675
f 1408 1693 1676
f 1712 1727 1677
f 1873 1515 1957
f 1678 1727 1616
f 1616 1727 1679
f 1711 1677 1678
f 1773 1713 1558
f 1652 1765 1694
f 1651 1808 1680
f 1694 1741 1728
f 1715 1730 1660
f 1716 1654 1731
f 1730 1715 1716
f 1731 1730 1716
f 1696 1732 1717
f 1717 1732 1733
f 1719 1717 1733
f 1733 1802 1719
f 2118 1720 1802
f 1910 1641 2118
f 1748 1581 1701
f 1888 1794 1735
f 1643 1634 1703
f 1705 1777 1686
f 1687 1668 1755
f 1670 1820 1819
f 1626 1757 1821
f 1821 1690 1626
f 1690 1726 1573
f 1896 1725 1577
f 1555 1738 1693
f 1555 1761 1738
f 1727 1678 1677
f 1617 1807 1784
f 1765 1652 1799
f 1773 1604 1785
f 1879 1605 1729
f 1744 1728 1906
f 1742 1654 1743
f 1742 1660 1730
f 1742 1743 1660
f 1654 1742 1731
f 1730 1731 1742
f 1696 1743 1732
f 1743 1745 1732
f 1811 1606 1744
f 1732 1745 1746
f 1733 1732 1746
f 1746 1802 1733
f 1812 1663 1747
f 1607 1618 1642
f 1977 1663 1812
f 1634 1778 1703
f 1666 1723 1722
f 1734 1843 1666
f 1570 1751 1846
f 1753 1570 1846
f 1671 1688 1822
f 1656 1782 1823
f 1782 1656 1549
f 1725 1896 1549
f 1647 1674 2029
f 1692 1676 1762
f 1774 1995 1604
f 1694 1786 1741
f 1786 1694 1765
f 1714 1787 1729
f 1696 1660 1743
f 1811 1744 1906
f 1654 1767 1743
f 1743 1766 1745
f 1745 1766 1768
f 1746 1745 1768
f 1768 1802 1746
f 1718 1632 1769
f 1767 1718 1769
f 1832 1519 1977
f 1700 1683 1794
f 1778 1813 1703
f 1684 1778 1634
f 1666 1843 1723
f 1749 1750 1450
f 1750 1796 1502
f 1754 1753 1706
f 1670 1671 1820
f 1709 1825 1870
f 1710 1759 1783
f 1710 1783 1736
f 1615 1591 1736
f 1737 1760 1992
f 1826 1737 1901
f 1761 1826 1738
f 1738 1826 1798
f 1693 1738 1676
f 1441 1739 1799
f 1649 1772 1763
f 1713 1903 1764
f 1766 1743 1775
f 1768 1766 1775
f 1775 1802 1768
f 1811 1747 1606
f 1769 1632 1909
f 1776 1664 1642
f 1664 1776 1770
f 1665 1770 1735
f 1620 1721 1834
f 1703 1813 1655
f 1722 1778 1684
f 1734 1704 1843
f 1777 1705 1567
f 1585 1845 1635
f 1796 1797 1751
f 1846 1751 1752
f 1667 1780 1817
f 1667 1817 1724
f 1837 1707 1781
f 1781 1707 1819
f 1671 1822 1820
f 1688 1708 1822
f 1726 1709 1758
f 1737 1992 1901
f 1874 1647 2029
f 1873 1957 1900
f 1762 1712 1677
f 1649 1904 1740
f 1649 1763 1904
f 1604 1995 1785
f 1788 1789 1743
f 1788 1790 1789
f 1743 1789 1775
f 1789 1802 1775
f 1789 1790 1802
f 1787 1714 1793
f 1641 1792 1618
f 1812 1747 1977
f 1723 1843 1722
f 1706 1753 1779
f 1779 1847 1706
f 1845 1756 1837
f 1709 1726 1929
f 1896 1577 1866
f 1873 1917 1771
f 1760 1647 1874
f 1659 1679 1739
f 1649 1876 1772
f 1784 1876 1649
f 1680 1774 1650
f 1765 1741 1786
f 1879 1729 1880
f 1728 1741 1906
f 1743 1767 1940
f 1788 1743 1800
f 1800 1790 1788
f 1801 1790 1800
f 1790 1801 1802
f 1769 1791 1767
f 1793 1944 1787
f 1910 1792 1641
f 1642 1618 1926
f 1685 1814 1704
f 1686 1814 1685
f 1749 1851 1750
f 1753 1846 1779
f 1706 1847 1667
f 1667 1847 1780
f 1780 1853 1817
f 1668 1804 1755
f 1626 1818 1757
f 1782 1549 1896
f 1690 1929 1726
f 1870 1805 1759
f 1805 1806 1759
f 1806 1783 1759
f 1798 1902 1738
f 1738 1840 1676
f 1762 1676 1712
f 1739 1679 1828
f 1784 1807 1876
f 1905 1741 1765
f 1800 1743 1809
f 1809 1801 1800
f 1810 1801 1809
f 1801 1810 1802
f 1810 1885 1802
f 2013 1802 1885
f 1944 1793 1945
f 1803 1793 1748
f 1909 1700 1794
f 1803 1748 1701
f 1735 1770 1833
f 1704 1814 1843
f 1635 1845 1815
f 1635 1815 1795
f 1450 1795 1749
f 1796 1750 1816
f 1796 1816 1797
f 1817 1967 1668
f 1819 1837 1781
f 1861 1690 1821
f 1782 1896 1823
f 1929 2025 1709
f 1709 2025 1825
f 1615 1839 2029
f 1736 1839 1615
f 1901 1798 1826
f 2059 1738 1902
f 1676 1827 1712
f 1679 1727 1828
f 1727 1712 1828
f 2030 1739 1828
f 1773 1903 1713
f 1785 1995 1773
f 1905 1765 1799
f 1808 1879 1680
f 1921 1906 1741
f 1809 1743 1830
f 1830 1810 1809
f 1831 1810 1830
f 1767 1886 1940
f 1810 1831 1885
f 1886 1767 1791
f 1747 1887 1977
f 1618 1792 1926
f 1793 1803 1945
f 1909 1794 1888
f 1721 1655 1889
f 1686 1777 1814
f 1749 1795 1815
f 1749 1815 1851
f 1779 1892 1847
f 1780 1847 1853
f 1837 1819 1824
f 1838 1824 1819
f 1861 1929 1690
f 1806 1736 1783
f 1760 1874 1992
f 1739 2030 1799
f 1763 1772 1904
f 1617 1919 1807
f 1995 1774 1680
f 1880 1729 1881
f 1787 1829 1729
f 1743 1940 1882
f 1830 1743 1841
f 1841 1831 1830
f 1842 1831 1841
f 1811 1906 1747
f 1831 1842 1885
f 1977 1567 1832
f 1655 1965 1889
f 1835 1965 1655
f 1655 1813 1835
f 1778 1890 1813
f 1722 1890 1778
f 1722 1843 1890
f 1814 1947 1843
f 1777 1891 1814
f 1751 1797 1752
f 1846 1752 1985
f 1779 1846 1892
f 1668 1967 1804
f 1818 1755 1849
f 1848 1815 1845
f 1851 1815 1848
f 1837 1850 1845
f 1847 1892 1852
f 1848 1845 1856
f 1851 1848 1856
f 1845 1850 1862
f 1854 1851 1856
f 1847 1852 1859
f 1853 1847 1860
f 1849 1757 1818
f 1850 1837 1862
f 1855 1847 1859
f 1860 1847 1855
f 1856 1845 1862
f 1862 1837 1858
f 1895 1822 1708
f 1854 1856 1857
f 1852 1855 1859
f 1857 1856 1864
f 1824 1858 1837
f 1862 1858 1867
f 1867 1858 1869
f 1864 1856 1863
f 1869 1858 1824
f 1863 1856 1862
f 1898 1852 1868
f 1855 1852 1865
f 1863 1862 1867
f 1864 1863 1867
f 1865 1852 1898
f 1932 1855 1865
f 1898 1868 1871
f 1915 1867 1869
f 1864 1867 1915
f 1866 1771 1931
f 1915 1869 1933
f 1898 1871 1899
f 1870 1969 1805
f 1969 1872 1805
f 1871 1991 1899
f 1872 1806 1805
f 2183 1771 1917
f 1738 1955 1840
f 1876 1904 1772
f 1799 1993 1905
f 1680 1877 1995
f 1743 1882 1883
f 1841 1743 1883
f 1883 1842 1841
f 1884 1842 1883
f 1842 1884 1885
f 1791 1769 1886
f 1721 1889 1834
f 1947 1890 1843
f 1814 1891 1844
f 1966 1750 1851
f 1851 1854 1966
f 1817 1853 1949
f 1892 1893 1852
f 1853 1860 1949
f 1820 1894 1819
f 1989 1852 1893
f 1861 1821 1757
f 1822 1895 1952
f 1708 1823 1986
f 1852 1989 1868
f 1868 1989 1871
f 1860 1855 1912
f 1991 1871 1897
f 1865 1898 1932
f 1990 1864 1915
f 1869 2200 1933
f 1917 1873 1900
f 1901 1875 1902
f 1901 1902 1798
f 1738 2059 1955
f 1676 1840 1827
f 1903 1617 1764
f 1773 1995 1903
f 1876 1878 1904
f 1904 1878 2011
f 1881 1729 1829
f 1883 1882 1907
f 1907 1884 1883
f 1908 1884 1907
f 1747 1906 1922
f 1884 1908 1885
f 1908 2013 1885
f 1909 1886 1769
f 1787 1944 1829
f 1910 1925 1792
f 2036 1977 1887
f 1770 1776 1983
f 2119 1909 1888
f 1567 1977 1964
f 1735 2119 1888
f 1567 1964 1777
f 1777 1964 1836
f 1844 1947 1814
f 1846 1985 1892
f 1755 1804 1849
f 1819 1894 2174
f 1822 1952 1820
f 2086 2087 1819
f 1708 1986 1895
f 1823 1896 1988
f 1896 1866 1988
f 2245 1912 1855
f 2025 1929 1913
f 2249 1855 1932
f 1825 1970 1870
f 1869 1824 2054
f 1931 1771 2183
f 1914 1916 1969
f 1969 1916 1872
f 1901 1972 1875
f 2010 1712 1827
f 1935 1828 1712
f 1903 1958 1617
f 1904 2011 1957
f 1937 1906 1921
f 2143 1906 1937
f 1907 1882 1923
f 1923 1908 1907
f 1924 1908 1923
f 1940 1886 1941
f 1908 1924 2013
f 1802 2013 2118
f 2000 1886 1909
f 1642 1983 1776
f 1945 1803 1701
f 1813 1927 1963
f 1890 1927 1813
f 1891 1836 1844
f 1777 1836 1891
f 1750 1966 1984
f 1816 1750 1984
f 1816 1984 1948
f 1752 1797 1928
f 1819 2087 1838
f 2245 1855 2249
f 1824 1930 2054
f 2249 1932 1898
f 2202 2249 1898
f 2056 1990 1915
f 1915 1933 2056
f 1991 1971 2008
f 2057 1898 1899
f 1899 1991 2008
f 1874 2009 1992
f 1934 1935 1712
f 1828 1935 1956
f 1993 1799 2030
f 1876 1807 1920
f 1903 1994 1958
f 1920 1878 1876
f 1936 1879 1880
f 1921 1741 2207
f 2011 1878 1939
f 1938 1939 1878
f 1906 2143 1922
f 1940 1941 1939
f 1923 1882 1942
f 1942 1924 1923
f 1943 1924 1942
f 1887 1747 2218
f 2218 1747 1922
f 1924 1943 2013
f 1962 1926 1792
f 1983 1642 1926
f 1770 1983 1833
f 1947 1844 1981
f 1889 1978 1834
f 1835 1813 1946
f 1963 1946 1813
f 1890 1963 1927
f 1947 1963 1890
f 1836 1981 1844
f 1849 1950 1757
f 1950 2048 1757
f 1861 1757 2051
f 1854 1857 1987
f 1860 1912 2245
f 2053 1930 1838
f 1824 1838 1930
f 1871 2192 1897
f 1864 2246 1857
f 2246 1864 2026
f 1870 1970 1969
f 2200 1869 2361
f 1991 2126 1971
f 2029 1839 1954
f 1806 1839 1736
f 1902 1875 1918
f 1918 2059 1902
f 1840 1955 1827
f 1712 2010 1934
f 2030 1828 1956
f 1919 1994 1807
f 1617 1994 1919
f 1741 1905 2063
f 2207 1741 1959
f 1921 2143 1937
f 1939 1938 1940
f 1942 1882 1960
f 1960 1943 1942
f 1961 1943 1960
f 1943 1961 2013
f 2083 2033 1886
f 1962 1792 1999
f 2006 1947 1981
f 1701 1834 1945
f 1889 1965 1978
f 1947 2005 1963
f 2006 2021 1947
f 1964 2045 1836
f 1816 1948 2165
f 1816 2165 1797
f 1817 1949 1968
f 1951 1894 1820
f 1986 1823 1988
f 1987 1857 2178
f 2191 2178 1857
f 1929 1861 2051
f 1988 1866 1931
f 1871 1989 2089
f 1871 2123 2192
f 1897 2192 1991
f 2026 1864 1990
f 2057 2202 1898
f 1914 2027 1916
f 1872 1916 1806
f 1992 2009 2450
f 1972 2058 1875
f 1905 1993 2063
f 1957 2062 1900
f 2129 1807 2130
f 1617 1958 1994
f 1957 2011 2062
f 1920 1938 1878
f 1938 1974 1940
f 1880 1881 1829
f 1940 1974 1882
f 1882 1996 1975
f 1960 1882 1975
f 1975 1961 1960
f 1976 1961 1975
f 2033 1941 1886
f 1961 1976 2013
f 1829 1944 2014
f 2224 1910 2118
f 2000 1909 2119
f 2045 1964 1977
f 1978 1945 1834
f 1835 1979 1978
f 1965 1835 1978
f 1963 1835 1946
f 2002 1835 1963
f 1963 1980 2002
f 1836 1982 1981
f 1735 1833 2119
f 1892 1985 1911
f 2174 2086 1819
f 1893 2085 1989
f 1820 1952 2352
f 2089 1989 2085
f 2025 1970 1825
f 2361 1869 2054
f 1933 2094 2056
f 2057 1899 2008
f 1953 1839 1806
f 1972 1901 2058
f 2058 1918 1875
f 1994 2130 1807
f 1903 2099 1994
f 1995 1877 2031
f 2011 1939 2064
f 1882 2102 1996
f 1975 1996 1997
f 1997 1976 1975
f 1998 1976 1997
f 1976 1998 2013
f 1887 2218 2077
f 1886 2000 2083
f 1792 1925 1999
f 1926 1962 2150
f 2150 1983 1926
f 1978 2018 1945
f 2002 2001 1835
f 1980 2004 2002
f 1835 2001 1979
f 2004 1980 1963
f 2005 2004 1963
f 2021 2005 1947
f 2003 2006 1981
f 1982 2003 1981
f 1836 2045 1982
f 1928 2121 1752
f 1967 1817 1968
f 1950 1849 2048
f 1951 1820 2352
f 2387 1966 1854
f 1895 1986 2007
f 1854 1987 2178
f 1860 2245 2052
f 1871 2089 2123
f 1930 2300 2054
f 2026 1990 2056
f 2127 1933 2200
f 2183 1917 1900
f 2059 2403 1955
f 2010 1827 2095
f 2095 1827 1955
f 1995 2099 1903
f 1959 1741 2063
f 1921 2207 2143
f 1974 1938 1920
f 1936 1829 2145
f 1880 1829 1936
f 1997 1996 2012
f 2012 1998 1997
f 2032 1998 2012
f 1998 2032 2013
f 1910 2224 1925
f 1944 2018 2014
f 2021 2039 2004
f 2042 2017 2006
f 2038 2018 2019
f 1978 2038 2019
f 2002 2015 2020
f 2004 2039 2015
f 2006 2016 2021
f 2041 2042 2003
f 2022 2041 1982
f 1945 2018 1944
f 1978 2019 2018
f 1979 2038 1978
f 1979 2078 2038
f 2001 2078 1979
f 2002 2020 2001
f 2004 2015 2002
f 2005 2021 2004
f 2006 2003 2042
f 1982 2041 2003
f 2045 2022 1982
f 2023 2022 2045
f 2082 2045 1977
f 2036 2082 1977
f 1849 2286 2046
f 2048 2051 1757
f 2387 1854 2050
f 1854 2178 2050
f 1986 1988 1931
f 1930 2053 2300
f 1970 2125 1969
f 2125 1970 2025
f 1933 2127 2094
f 1916 2027 1806
f 2183 1900 2028
f 2009 1874 2029
f 1935 1934 2061
f 2306 1934 2010
f 1956 1935 2096
f 1973 2096 1935
f 1956 2096 2030
f 2028 1900 2062
f 1995 2031 2099
f 2101 1920 2100
f 1939 2033 2064
f 2033 1939 1941
f 2032 2012 1996
f 2032 1996 2102
f 1829 2037 2145
f 2014 2037 1829
f 2102 2013 2032
f 2102 2118 2013
f 2066 2074 2020
f 2034 2040 2041
f 2035 2034 2041
f 2038 2014 2018
f 2017 2016 2006
f 2042 2076 2017
f 2040 2076 2041
f 2020 2074 2001
f 2015 2066 2020
f 2016 2080 2021
f 2041 2076 2042
f 2041 2022 2035
f 2035 2022 2023
f 2045 2044 2023
f 2001 2043 2078
f 2082 2044 2045
f 1797 2165 1928
f 1985 1752 2121
f 1804 1967 2024
f 2174 1894 2047
f 1951 2352 2292
f 2049 1952 1895
f 2087 2053 1838
f 1929 2051 2088
f 1857 2246 2191
f 1991 2192 2091
f 1991 2055 2126
f 2093 2127 2200
f 1992 2205 1901
f 2061 2060 1935
f 1993 2030 2063
f 2011 2064 2062
f 2100 1920 1807
f 2100 1807 2129
f 1877 2132 2031
f 2064 2219 2062
f 2132 1879 1936
f 2115 2220 2064
f 1882 1974 2102
f 2068 2034 2069
f 2069 2034 2070
f 2070 2034 2071
f 2071 2034 2072
f 2034 2081 2073
f 2072 2034 2073
f 2015 2109 2066
f 2075 2109 2015
f 2039 2109 2075
f 2017 2080 2016
f 2034 2076 2040
f 2078 2014 2038
f 2039 2075 2015
f 2021 2079 2039
f 2035 2081 2034
f 2023 2081 2035
f 2117 2033 2083
f 2021 2080 2079
f 1887 2146 2036
f 2081 2023 2082
f 2000 2119 2083
f 2078 2043 2074
f 2001 2074 2043
f 2023 2044 2082
f 2150 1833 1983
f 1985 2121 1911
f 1892 2084 1893
f 1804 2024 1849
f 1966 2387 1984
f 2046 2048 1849
f 1952 2049 2352
f 2287 2089 2085
f 2007 2049 1895
f 1986 1931 2183
f 1913 1929 2090
f 1991 2091 2055
f 2303 2249 2251
f 2251 2249 2202
f 2252 2026 2056
f 2128 2202 2057
f 1914 2092 2027
f 1806 2027 2399
f 2399 1953 1806
f 2401 2009 2029
f 1954 2401 2029
f 2205 2058 1901
f 2450 2205 1992
f 1955 2257 2095
f 2476 1973 1935
f 2060 2476 1935
f 1680 2132 1877
f 1680 1879 2132
f 2207 1959 2063
f 2131 2062 2219
f 2101 2100 2274
f 2064 2220 2219
f 1920 2101 1974
f 2116 2103 2109
f 2105 2114 2076
f 2081 2138 2065
f 2102 1974 2101
f 2109 2067 2066
f 2116 2109 2039
f 2017 2136 2116
f 2211 2136 2017
f 2105 2076 2068
f 2110 2105 2068
f 2111 2105 2110
f 2112 2105 2111
f 2114 2105 2113
f 2113 2105 2112
f 2081 2065 2114
f 2014 2107 2106
f 2333 2107 2014
f 2066 2147 2074
f 2066 2108 2147
f 2067 2108 2066
f 2109 2103 2067
f 2116 2039 2079
f 2076 2211 2017
f 2068 2076 2034
f 2069 2110 2068
f 2111 2110 2069
f 2070 2111 2069
f 2112 2111 2070
f 2071 2112 2070
f 2113 2112 2071
f 2072 2113 2071
f 2114 2113 2072
f 2073 2114 2072
f 2081 2114 2073
f 2146 2138 2081
f 2064 2033 2117
f 2037 2106 2145
f 2014 2106 2037
f 2014 2078 2333
f 2074 2147 2078
f 2080 2116 2079
f 2116 2080 2017
f 2064 2117 2115
f 2077 2146 1887
f 2117 2083 2115
f 2146 2082 2036
f 2081 2082 2146
f 1999 1925 1962
f 2119 2115 2083
f 2119 1833 2225
f 1928 2120 2121
f 1892 1911 2122
f 2286 1849 2426
f 1894 1951 2292
f 1860 2179 1949
f 1860 2052 2179
f 2240 2123 2089
f 2192 2123 2124
f 2299 2052 2245
f 2125 2360 1969
f 2183 2302 2247
f 2057 2008 2128
f 2302 2183 2305
f 2094 2127 2256
f 2183 2028 2305
f 1918 2403 2059
f 2403 2257 1955
f 1934 2306 2404
f 2129 2130 2206
f 2097 2207 2063
f 1994 2099 2330
f 2131 2273 2129
f 2207 2272 2143
f 2100 2129 2273
f 2076 2140 2211
f 2076 2141 2140
f 2114 2141 2076
f 2114 2133 2141
f 2065 2137 2104
f 2104 2137 2114
f 2145 2144 1936
f 2067 2134 2108
f 2139 2103 2116
f 2137 2133 2114
f 2065 2104 2114
f 2142 2137 2065
f 2138 2142 2065
f 2134 2147 2108
f 2136 2139 2116
f 2107 2145 2106
f 2078 2216 2333
f 2078 2147 2216
f 2101 2118 2102
f 2101 2274 2149
f 2101 2149 2118
f 2223 1925 2224
f 2149 2224 2118
f 2119 2220 2115
f 2223 1962 1925
f 2152 2157 2151
f 2153 2156 2337
f 2157 2337 2151
f 2159 2166 2154
f 2164 2157 2152
f 2161 2339 2159
f 2337 2156 2485
f 2158 2164 2152
f 2166 2160 2154
f 2339 2166 2159
f 2157 2153 2337
f 2164 2153 2157
f 2159 2162 2161
f 2155 2162 2159
f 2153 2167 2156
f 2158 2338 2164
f 2167 2173 2156
f 2122 1911 2084
f 1892 2122 2084
f 2166 2170 2160
f 2161 2162 2339
f 2024 2426 1849
f 2153 2234 2167
f 2162 2171 2339
f 2160 2169 2163
f 2170 2169 2160
f 2168 2172 2162
f 2338 2175 2164
f 2172 2171 2162
f 1949 2233 1968
f 2344 2086 2174
f 2170 2238 2169
f 2088 2051 2770
f 2007 1986 2049
f 2173 2180 2284
f 2182 2175 2338
f 2298 2240 2169
f 2238 2298 2169
f 2168 2189 2172
f 2173 2284 2156
f 2189 2168 2239
f 2175 2181 2237
f 2241 2175 2182
f 2172 2189 2171
f 2189 2184 2171
f 2087 2293 2053
f 2241 2181 2175
f 2287 2240 2089
f 2298 2194 2240
f 2088 2090 1929
f 2180 2535 2284
f 2178 2191 2244
f 2243 2180 2185
f 2237 2181 2358
f 2181 2187 2358
f 2188 2194 2298
f 2611 2183 2247
f 2187 2198 2180
f 2250 2187 2181
f 2180 2248 2535
f 2190 2193 2186
f 2393 2193 2190
f 2184 2197 2393
f 2093 2248 2180
f 2250 2198 2187
f 2186 2195 2188
f 2193 2195 2186
f 2197 2193 2393
f 2398 2361 2054
f 2301 2246 2026
f 2196 2188 2193
f 2195 2193 2188
f 2180 2255 2093
f 2198 2255 2180
f 2199 2198 2250
f 2204 2255 2198
f 2256 2204 2198
f 2201 2253 2193
f 2248 2093 2200
f 2126 2008 1971
f 2252 2056 2094
f 2203 2128 2008
f 2203 2202 2128
f 2127 2204 2256
f 1953 2399 1839
f 1839 2399 1954
f 2305 2028 2400
f 2403 1918 2511
f 2061 1934 2060
f 2028 2062 2098
f 2030 2096 1973
f 2206 2098 2062
f 2131 2206 2062
f 2129 2206 2131
f 2031 2376 2099
f 2258 2135 2067
f 2264 2258 2067
f 2208 2268 2138
f 2214 2208 2146
f 2067 2265 2264
f 2213 2265 2103
f 2139 2213 2103
f 2137 2212 2133
f 2142 2268 2137
f 2138 2268 2142
f 2146 2208 2138
f 2334 2272 2207
f 2067 2135 2134
f 2103 2265 2067
f 2211 2213 2139
f 2140 2271 2211
f 2133 2212 2141
f 2100 2273 2274
f 2107 2144 2145
f 2134 2210 2148
f 2136 2211 2139
f 1922 2143 2272
f 2273 2131 2219
f 2146 2217 2214
f 2134 2148 2147
f 2148 2216 2147
f 2146 2077 2217
f 2218 2217 2077
f 1962 2278 2150
f 2278 1962 2223
f 2225 2220 2119
f 2149 2278 2224
f 2278 2223 2224
f 2150 2227 2279
f 2226 2227 2150
f 2150 2278 2226
f 2227 2226 2278
f 2335 2279 2227
f 2225 1833 2228
f 2150 2228 1833
f 2279 2228 2150
f 2151 2337 2336
f 2159 2154 2230
f 2151 2229 2152
f 2158 2152 2229
f 2155 2230 2281
f 2155 2159 2230
f 2154 2160 2163
f 2156 2284 2485
f 2231 2338 2158
f 2164 2386 2153
f 2121 2232 1911
f 1893 2084 2285
f 2162 2155 2168
f 1967 1968 2233
f 2164 2341 2386
f 1893 2285 2085
f 2285 2648 2085
f 2175 2341 2164
f 2604 2168 2155
f 2167 2234 2173
f 2046 2343 2048
f 2174 2288 2344
f 2288 2174 2047
f 2235 2171 2184
f 2086 2344 2087
f 2287 2085 2648
f 2163 2169 2287
f 2178 2338 2050
f 2238 2170 2236
f 2235 2184 2291
f 2173 2177 2180
f 2177 2185 2180
f 2169 2240 2287
f 1986 2183 2611
f 2338 2241 2182
f 2178 2241 2338
f 2240 2194 2242
f 2240 2242 2123
f 2188 2298 2186
f 2243 2187 2180
f 2241 2178 2244
f 2242 2194 2123
f 2359 2393 2186
f 2358 2187 2243
f 2194 2124 2123
f 2393 2190 2186
f 2181 2241 2244
f 2244 2191 2181
f 1913 2090 2025
f 2300 2053 2397
f 2181 2301 2250
f 2246 2181 2191
f 2192 2124 2055
f 2055 2124 2194
f 2301 2181 2246
f 2091 2192 2055
f 2184 2189 2197
f 2197 2189 2303
f 2055 2194 2188
f 2126 2055 2196
f 2026 2252 2250
f 2250 2252 2199
f 2193 2126 2196
f 2126 2193 2253
f 2201 2193 2254
f 2008 2201 2254
f 2193 2197 2203
f 2254 2193 2203
f 2198 2199 2094
f 2256 2198 2094
f 2252 2094 2199
f 2253 2008 2126
f 2201 2008 2253
f 2203 2008 2254
f 2255 2127 2093
f 2204 2127 2255
f 1918 2058 2511
f 2306 2010 2095
f 2030 1973 2363
f 2063 2363 2482
f 2063 2030 2363
f 2207 2097 2323
f 2213 2259 2266
f 2270 2259 2213
f 2212 2260 2141
f 2137 2260 2212
f 2268 2208 2267
f 2263 2214 2215
f 2132 2376 2031
f 2258 2328 2134
f 2135 2258 2134
f 2265 2266 2264
f 2266 2265 2213
f 2270 2213 2211
f 2141 2271 2140
f 2268 2267 2137
f 2214 2269 2208
f 2134 2328 2210
f 2271 2270 2211
f 1936 2332 2132
f 2144 2332 1936
f 2107 2333 2332
f 2107 2332 2144
f 2218 2215 2214
f 2272 2218 1922
f 2148 2210 2216
f 2218 2214 2217
f 2275 2219 2220
f 2275 2273 2219
f 2274 2273 2222
f 2275 2220 2221
f 2222 2149 2274
f 2276 2273 2275
f 2277 2273 2276
f 2222 2277 2149
f 2221 2220 2225
f 2228 2221 2225
f 2278 2335 2227
f 2279 2335 2280
f 2154 2380 2230
f 2158 2229 2752
f 2155 2281 2849
f 2153 2386 2234
f 2428 2166 2339
f 2339 2171 2384
f 2166 2428 2170
f 2286 2343 2046
f 2340 2177 2234
f 2177 2173 2234
f 2343 2434 2048
f 2291 2492 2171
f 2291 2171 2235
f 1949 2179 2233
f 2168 2604 2239
f 2344 2293 2087
f 2348 2290 2294
f 2048 2770 2051
f 2176 2352 2049
f 2290 2289 2355
f 2353 2296 2297
f 1986 2611 2439
f 1986 2439 2049
f 2296 2348 2297
f 2396 2353 2297
f 2238 2236 2298
f 2179 2052 2239
f 2535 2342 2284
f 2440 2237 2358
f 2299 2239 2052
f 2443 2501 2053
f 2189 2239 2299
f 2090 2537 2025
f 2245 2189 2299
f 2245 2249 2189
f 2248 2618 2535
f 2303 2189 2249
f 2125 2025 2360
f 2360 2542 1969
f 2054 2300 2398
f 2026 2250 2301
f 2188 2196 2055
f 1969 2506 1914
f 2303 2251 2197
f 2506 2304 1914
f 2200 2361 2248
f 2203 2197 2202
f 2251 2202 2197
f 1914 2304 2092
f 2399 2027 2092
f 2399 2401 1954
f 2058 2205 2362
f 2362 2451 2058
f 2310 2311 2312
f 2309 2310 2312
f 2311 2319 2313
f 2312 2311 2313
f 2313 2319 2320
f 2063 2418 2097
f 2370 2098 2324
f 2328 2258 2314
f 2311 2310 2269
f 2269 2310 2309
f 2319 2311 2269
f 2320 2319 2214
f 2320 2214 2321
f 2321 2214 2322
f 2368 2214 2263
f 2266 2259 2315
f 2307 2318 2271
f 2260 2307 2141
f 2261 2307 2260
f 2308 2262 2267
f 2208 2308 2267
f 2309 2308 2269
f 2214 2319 2269
f 2206 2324 2098
f 2264 2315 2258
f 2266 2315 2264
f 2141 2307 2271
f 2261 2260 2137
f 2262 2261 2137
f 2267 2262 2137
f 2269 2308 2208
f 2379 2207 2323
f 2330 2130 1994
f 2210 2327 2331
f 2328 2327 2210
f 2270 2329 2259
f 2271 2329 2270
f 2209 2207 2379
f 2332 2377 2132
f 2331 2333 2210
f 2216 2210 2333
f 2334 2263 2272
f 2263 2215 2272
f 2218 2272 2215
f 2222 2273 2277
f 2278 2277 2276
f 2277 2278 2149
f 2276 2275 2278
f 2335 2221 2280
f 2275 2221 2335
f 2278 2275 2335
f 2280 2221 2228
f 2280 2228 2279
f 2281 2230 2282
f 2422 2154 2163
f 2423 2485 2284
f 1948 1984 2165
f 2165 2424 2120
f 2165 2120 1928
f 1911 2232 2425
f 1967 2233 2024
f 2285 2382 2648
f 2388 2170 2428
f 2287 2648 2163
f 2289 2345 2295
f 2290 2346 2289
f 2348 2347 2290
f 2296 2349 2348
f 2348 2349 2607
f 2296 2607 2349
f 2353 2350 2296
f 2296 2350 2607
f 2351 2048 2434
f 2435 1894 2292
f 2179 2239 2604
f 2493 2770 2048
f 2294 2357 2348
f 2291 2184 2492
f 2392 2185 2177
f 2348 2357 2297
f 2184 2393 2492
f 2356 2294 2290
f 2186 2298 2236
f 2359 2394 2393
f 2433 2186 2236
f 2535 2618 2397
f 1969 2542 2506
f 2401 2450 2009
f 2511 2058 2451
f 2403 2453 2257
f 2257 2306 2095
f 2520 2316 2315
f 2259 2520 2315
f 2365 2520 2259
f 2457 2365 2259
f 2329 2457 2259
f 2329 2271 2317
f 2307 2366 2318
f 2261 2366 2307
f 2262 2366 2261
f 2308 2367 2262
f 2411 2367 2308
f 2309 2411 2308
f 2312 2411 2309
f 2313 2411 2312
f 2320 2411 2313
f 2320 2368 2411
f 2214 2368 2322
f 2263 2369 2368
f 2372 2369 2263
f 2417 2372 2263
f 2328 2364 2327
f 2314 2316 2328
f 2315 2314 2258
f 2316 2314 2315
f 2366 2271 2318
f 2321 2368 2320
f 2322 2368 2321
f 2323 2097 2483
f 2325 2324 2206
f 2326 2325 2206
f 2206 2373 2326
f 2130 2373 2206
f 2419 2373 2130
f 2371 2130 2330
f 2209 2417 2263
f 2099 2371 2330
f 2415 2371 2099
f 2376 2415 2099
f 2374 2132 2377
f 2332 2378 2377
f 2333 2378 2332
f 2331 2378 2333
f 2209 2263 2334
f 2209 2334 2207
f 2154 2595 2380
f 2230 2380 2282
f 2422 2163 2690
f 2756 2338 2231
f 2234 2386 2340
f 1984 2694 2424
f 1984 2424 2165
f 2121 2381 2232
f 2084 1911 2285
f 2600 2286 2426
f 2284 2342 2423
f 2694 1984 2856
f 2339 2383 2428
f 2384 2383 2339
f 2163 2648 2690
f 2171 2492 2384
f 2177 2340 2489
f 2338 2387 2050
f 2286 2434 2343
f 1894 2435 2047
f 2341 2175 2429
f 2295 2490 2436
f 2295 2345 2490
f 2432 2353 2391
f 2170 2388 2236
f 2048 2351 2493
f 2176 2292 2352
f 2293 2342 2535
f 2175 2237 2429
f 2353 2396 2391
f 2393 2496 2492
f 2436 2354 2295
f 2393 2394 2496
f 2289 2356 2355
f 2355 2356 2290
f 2293 2443 2053
f 2185 2392 2243
f 2243 2392 2395
f 2297 2357 2449
f 2396 2297 2449
f 2356 2289 2446
f 2446 2289 2295
f 2396 2449 2541
f 2448 2357 2294
f 2359 2186 2433
f 2537 2090 2088
f 2053 2501 2397
f 2300 2397 2618
f 2553 2247 2302
f 2025 2542 2360
f 2302 2305 2553
f 2248 2361 2618
f 2668 2400 2028
f 2362 2205 2402
f 2205 2450 2402
f 1934 2405 2060
f 1934 2404 2405
f 2329 2458 2457
f 2410 2458 2271
f 2406 2410 2262
f 2367 2406 2262
f 2367 2411 2406
f 2413 2407 2368
f 2369 2372 2413
f 2481 2364 2328
f 2316 2481 2328
f 2642 2481 2316
f 2409 2642 2316
f 2317 2458 2329
f 2271 2458 2317
f 2366 2410 2271
f 2262 2410 2366
f 2368 2412 2411
f 2407 2412 2368
f 2369 2413 2368
f 2419 2478 2373
f 2371 2419 2130
f 2415 2419 2371
f 2470 2415 2376
f 2420 2470 2376
f 2408 2372 2417
f 2483 2097 2418
f 2414 2324 2325
f 2325 2326 2414
f 2477 2414 2326
f 2375 2420 2377
f 2378 2416 2377
f 2327 2416 2331
f 2373 2477 2326
f 2478 2477 2373
f 2132 2420 2376
f 2374 2420 2132
f 2377 2420 2374
f 2416 2378 2331
f 2323 2417 2379
f 2417 2209 2379
f 2595 2154 2421
f 2522 2336 2337
f 2231 2158 2753
f 2649 2155 2283
f 2121 2120 2381
f 2285 1911 2382
f 2423 2342 2385
f 2383 2384 2428
f 2429 2386 2341
f 2340 2437 2489
f 2427 2437 2340
f 2386 2437 2427
f 2428 2384 2492
f 2286 2351 2434
f 2433 2428 2492
f 2177 2489 2392
f 2289 2491 2345
f 2430 2346 2290
f 2529 2430 2290
f 2347 2529 2290
f 2348 2529 2347
f 2348 2607 2529
f 2431 2350 2353
f 2390 2431 2353
f 2432 2390 2353
f 2428 2494 2388
f 2428 2433 2494
f 2429 2437 2386
f 2492 2532 2433
f 2429 2438 2437
f 2532 2394 2433
f 2429 2237 2440
f 2236 2388 2494
f 2437 2395 2392
f 2438 2395 2437
f 2429 2440 2438
f 2433 2236 2494
f 2395 2438 2440
f 2394 2441 2433
f 2394 2433 2441
f 2359 2433 2394
f 2395 2444 2243
f 2358 2243 2444
f 2440 2358 2444
f 2354 2445 2295
f 2446 2295 2445
f 2504 2356 2446
f 2504 2294 2356
f 2357 2448 2624
f 2449 2357 2505
f 2088 2616 2537
f 2501 2535 2397
f 2446 2445 2503
f 2504 2447 2294
f 2448 2294 2447
f 2541 2442 2396
f 2623 2446 2545
f 2357 2624 2505
f 2025 2537 2542
f 2304 2399 2092
f 2553 2305 2400
f 2399 2508 2401
f 2453 2403 2510
f 2510 2403 2452
f 2452 2403 2511
f 2257 2513 2306
f 2458 2454 2457
f 2458 2455 2454
f 2410 2455 2458
f 2410 2456 2455
f 2462 2464 2465
f 2463 2462 2465
f 2464 2466 2467
f 2465 2464 2467
f 2466 2468 2469
f 2467 2466 2469
f 2468 2470 2471
f 2469 2468 2471
f 2471 2470 2472
f 2472 2470 2473
f 2473 2475 2474
f 2459 2514 2410
f 2406 2459 2410
f 2411 2459 2406
f 2412 2407 2411
f 2413 2372 2407
f 2408 2460 2372
f 2417 2460 2408
f 2463 2518 2470
f 2462 2463 2470
f 2464 2462 2470
f 2466 2464 2470
f 2468 2466 2470
f 2481 2642 2364
f 2457 2520 2365
f 2476 2363 1973
f 2414 2370 2324
f 2479 2478 2419
f 2419 2518 2479
f 2415 2518 2419
f 2415 2470 2518
f 2375 2470 2420
f 2473 2470 2375
f 2377 2473 2375
f 2475 2473 2377
f 2416 2475 2377
f 2480 2475 2416
f 2327 2480 2416
f 2418 2417 2483
f 2063 2482 2418
f 2483 2417 2323
f 2154 2422 2421
f 2597 2647 2337
f 2849 2283 2155
f 2523 2340 2386
f 1911 2425 2382
f 2426 2024 2600
f 2382 2599 2648
f 2384 2486 2383
f 2523 2386 2487
f 1984 2387 2856
f 2530 2384 2383
f 2600 2351 2286
f 2427 2487 2386
f 2530 2383 2526
f 2523 2487 2429
f 2486 2384 2530
f 2488 2486 2530
f 2488 2492 2486
f 2427 2340 2437
f 2437 2340 2489
f 2429 2487 2495
f 2385 2342 2866
f 2289 2389 2491
f 2346 2389 2289
f 2388 2530 2526
f 2288 2443 2344
f 2427 2437 2392
f 2388 2494 2530
f 2488 2532 2492
f 2492 2496 2486
f 2344 2443 2293
f 2342 2293 2443
f 2489 2605 2392
f 2494 2388 2498
f 2611 2049 2439
f 2293 2535 2443
f 2662 2427 2392
f 2495 2614 2429
f 2388 2497 2498
f 2770 2616 2088
f 2392 2605 2502
f 2662 2392 2395
f 2395 2392 2502
f 2440 2536 2395
f 2498 2497 2538
f 2499 2498 2540
f 2499 2540 2532
f 2532 2540 2394
f 2534 2496 2394
f 2500 2536 2440
f 2495 2536 2500
f 2500 2614 2495
f 2540 2498 2538
f 2395 2502 2444
f 2444 2500 2440
f 2623 2504 2446
f 2447 2624 2448
f 2545 2446 2503
f 2624 2447 2504
f 2541 2449 2505
f 2503 2445 2544
f 2624 2504 2547
f 2361 2398 2300
f 2304 2508 2399
f 2553 2400 2668
f 2450 2507 2402
f 2401 2507 2450
f 2508 2507 2401
f 2451 2565 2511
f 2565 2681 2511
f 2362 2565 2451
f 2402 2509 2362
f 2681 2510 2452
f 2511 2681 2452
f 2510 2635 2513
f 2257 2510 2513
f 2453 2510 2257
f 2306 2513 2404
f 2028 2098 2370
f 2585 2514 2459
f 2372 2512 2407
f 2515 2512 2460
f 2460 2512 2372
f 2559 2515 2460
f 2461 2559 2417
f 2060 2513 2637
f 2405 2513 2060
f 2404 2513 2405
f 2456 2410 2589
f 2514 2589 2410
f 2585 2459 2411
f 2407 2585 2411
f 2417 2559 2460
f 2418 2559 2461
f 2740 2559 2418
f 2060 2637 2476
f 2517 2478 2591
f 2467 2519 2465
f 2465 2519 2463
f 2469 2519 2467
f 2471 2519 2469
f 2472 2519 2471
f 2473 2519 2472
f 2474 2519 2473
f 2418 2461 2417
f 2637 2644 2476
f 2414 2477 2370
f 2478 2516 2477
f 2478 2517 2516
f 2479 2591 2478
f 2479 2641 2591
f 2518 2641 2479
f 2364 2480 2327
f 2642 2480 2364
f 2316 2520 2409
f 2363 2644 2418
f 2476 2644 2363
f 2363 2418 2482
f 2336 2751 2151
f 2522 2337 2647
f 2158 2752 2753
f 2597 2337 2485
f 2485 2423 2597
f 2523 2692 2340
f 2486 2603 2383
f 2383 2603 2524
f 2232 2598 2425
f 2382 2697 2599
f 2383 2524 2526
f 2233 2698 2024
f 2649 2604 2155
f 2866 2423 2385
f 2601 2525 2340
f 2599 2810 2648
f 2525 2489 2340
f 2427 2650 2487
f 2523 2429 2614
f 2436 2490 2704
f 2346 2705 2389
f 2430 2529 2346
f 2529 2607 2606
f 2527 2486 2496
f 2866 2342 2602
f 2602 2342 2443
f 2488 2708 2532
f 2049 2292 2176
f 2719 2427 2662
f 2496 2534 2527
f 2611 2247 2615
f 2531 2611 2615
f 2395 2536 2662
f 2442 2765 2396
f 2394 2540 2534
f 2540 2538 2539
f 2247 2553 2615
f 2623 2547 2504
f 2618 2830 2300
f 2545 2503 2622
f 2505 2624 2548
f 2505 2548 2621
f 2541 2505 2730
f 2537 2506 2542
f 2622 2503 2544
f 2730 2505 2621
f 2625 2550 2563
f 2556 2554 2562
f 2549 2555 2556
f 2557 2625 2563
f 2562 2627 2558
f 2570 2549 2556
f 2563 2549 2570
f 2561 2562 2558
f 2559 2557 2564
f 2564 2563 2570
f 2564 2557 2563
f 2508 2560 2507
f 2562 2561 2568
f 2507 2509 2402
f 2568 2561 2567
f 2580 2562 2568
f 2556 2562 2580
f 2586 2570 2556
f 2587 2564 2570
f 2566 2565 2362
f 2509 2566 2362
f 2572 2573 2567
f 2572 2567 2571
f 2571 2567 2561
f 2568 2567 2573
f 2574 2568 2573
f 2575 2568 2574
f 2576 2568 2575
f 2577 2568 2576
f 2577 2578 2579
f 2577 2579 2568
f 2589 2568 2579
f 2556 2580 2585
f 2586 2556 2585
f 2558 2582 2454
f 2558 2454 2455
f 2455 2561 2558
f 2571 2561 2583
f 2584 2571 2583
f 2572 2571 2584
f 2588 2579 2578
f 2589 2579 2588
f 2514 2580 2568
f 2585 2580 2514
f 2569 2570 2407
f 2512 2570 2569
f 2587 2570 2512
f 2559 2564 2587
f 2635 2510 2581
f 2514 2568 2589
f 2407 2586 2585
f 2570 2586 2407
f 2569 2407 2512
f 2559 2587 2590
f 2635 2745 2513
f 2456 2588 2455
f 2589 2588 2456
f 2587 2512 2515
f 2590 2587 2515
f 2559 2590 2515
f 2638 2637 2513
f 2645 2644 2637
f 2519 2685 2518
f 2463 2519 2518
f 2480 2474 2475
f 2592 2474 2480
f 2593 2592 2480
f 2642 2593 2480
f 2409 2594 2642
f 2520 2521 2409
f 2520 2847 2521
f 2644 2740 2418
f 2751 2336 2522
f 2421 2422 2596
f 2596 2422 2690
f 2281 2282 2849
f 2648 2850 2690
f 2692 2601 2340
f 2424 2694 2120
f 2382 2425 2696
f 2024 2699 2600
f 2338 2756 2387
f 2486 2527 2603
f 2427 2525 2650
f 2523 2614 2655
f 2525 2605 2489
f 2525 2427 2719
f 2487 2718 2495
f 2346 2528 2705
f 2346 2529 2653
f 2656 2720 2526
f 2047 2435 2288
f 2495 2718 2658
f 2526 2720 2388
f 2604 2657 2179
f 2435 2292 2531
f 2436 2610 2354
f 2388 2720 2497
f 2530 2494 2660
f 2292 2049 2531
f 2609 2770 2493
f 2494 2498 2660
f 2708 2499 2532
f 2612 2443 2535
f 2498 2499 2613
f 2531 2049 2611
f 2820 2501 2443
f 2502 2605 2533
f 2495 2663 2536
f 2354 2610 2445
f 2535 2501 2612
f 2663 2614 2500
f 2531 2615 2553
f 2444 2502 2617
f 2617 2500 2444
f 2727 2531 2553
f 2442 2541 2778
f 2727 2553 2666
f 2361 2300 2619
f 2620 2622 2544
f 2623 2546 2547
f 2544 2543 2626
f 2554 2622 2620
f 2556 2622 2554
f 2555 2545 2622
f 2623 2545 2555
f 2546 2623 2549
f 2563 2546 2549
f 2547 2546 2550
f 2551 2624 2547
f 2552 2548 2550
f 2621 2548 2625
f 2730 2621 2557
f 2627 2626 2543
f 2620 2544 2626
f 2555 2622 2556
f 2549 2623 2555
f 2550 2546 2563
f 2551 2547 2550
f 2550 2624 2551
f 2548 2624 2550
f 2625 2552 2550
f 2625 2548 2552
f 2621 2625 2557
f 2554 2620 2562
f 2620 2626 2562
f 2740 2730 2557
f 2562 2626 2627
f 2553 2668 2733
f 2557 2559 2740
f 2627 2667 2558
f 2560 2628 2507
f 2628 2566 2509
f 2507 2628 2509
f 2565 2629 2738
f 2566 2629 2565
f 2510 2681 2581
f 2565 2742 2681
f 2668 2028 2370
f 2573 2572 2630
f 2573 2631 2574
f 2630 2631 2573
f 2574 2632 2575
f 2631 2632 2574
f 2575 2633 2576
f 2632 2633 2575
f 2576 2634 2577
f 2633 2634 2576
f 2577 2634 2578
f 2561 2455 2583
f 2583 2455 2584
f 2584 2630 2572
f 2584 2455 2630
f 2455 2588 2630
f 2631 2630 2588
f 2632 2631 2588
f 2633 2632 2588
f 2634 2633 2636
f 2636 2633 2588
f 2578 2636 2588
f 2634 2636 2578
f 2745 2638 2513
f 2582 2791 2457
f 2457 2454 2582
f 2638 2683 2637
f 2516 2370 2477
f 2682 2370 2516
f 2639 2682 2516
f 2517 2639 2516
f 2684 2591 2641
f 2685 2641 2518
f 2474 2687 2519
f 2592 2687 2474
f 2521 2594 2409
f 2643 2847 2520
f 2457 2643 2520
f 2151 2484 2229
f 2380 2595 2646
f 2380 2646 2282
f 2595 2421 2596
f 2751 2522 2647
f 2900 2596 2690
f 2283 2849 2691
f 2597 2423 2866
f 2692 2523 2718
f 2232 2381 2799
f 2718 2487 2692
f 2700 2351 2600
f 2487 2650 2692
f 2526 2524 2716
f 2603 2527 2651
f 2650 2525 2601
f 2812 2861 2648
f 2526 2716 2656
f 2530 2656 2716
f 2488 2530 2716
f 2651 2488 2716
f 2700 2609 2351
f 2525 2533 2605
f 2525 2719 2533
f 2655 2718 2523
f 2491 2490 2345
f 2389 2652 2806
f 2346 2653 2654
f 2529 2654 2653
f 2431 2760 2350
f 2432 2391 2608
f 2530 2660 2656
f 2351 2609 2493
f 2499 2708 2534
f 2661 2719 2662
f 2655 2495 2658
f 2663 2495 2655
f 2396 2765 2391
f 2758 2527 2659
f 2614 2663 2655
f 2498 2613 2660
f 2527 2534 2659
f 2497 2660 2538
f 2536 2661 2662
f 2610 2771 2445
f 2534 2613 2499
f 2502 2533 2661
f 2536 2502 2661
f 2502 2536 2617
f 2539 2538 2660
f 2540 2613 2534
f 2616 2664 2537
f 2500 2617 2663
f 2613 2540 2539
f 2827 2544 2665
f 2544 2445 2665
f 2827 2543 2544
f 2730 2778 2541
f 2729 2727 2666
f 2361 2731 2618
f 2666 2553 2733
f 2361 2935 2731
f 2740 2888 2730
f 2506 2782 2304
f 2670 2733 2668
f 2669 2670 2668
f 2673 2674 2669
f 2673 2669 2672
f 2672 2669 2668
f 2670 2669 2674
f 2304 2671 2628
f 2560 2304 2628
f 2508 2304 2560
f 2676 2677 2672
f 2676 2672 2675
f 2675 2672 2668
f 2673 2672 2677
f 2628 2671 2566
f 2678 2679 2675
f 2678 2675 2668
f 2676 2675 2679
f 2566 2738 2629
f 2680 2678 2668
f 2565 2738 2742
f 2680 2668 2682
f 2581 2745 2635
f 2638 2792 2683
f 2457 2791 2847
f 2746 2637 2683
f 2591 2640 2517
f 2687 2748 2519
f 2594 2750 2642
f 2847 2643 2457
f 2644 2645 2740
f 2746 2645 2637
f 2484 2151 2751
f 2595 2596 2646
f 2849 2282 2902
f 2603 2693 2524
f 2701 2693 2603
f 2120 2695 2381
f 2232 2799 2598
f 2425 2598 2803
f 2425 2803 2696
f 2382 2696 2697
f 2600 2699 2700
f 2692 2754 2601
f 2693 2716 2524
f 2701 2603 2651
f 2692 2650 2755
f 2657 2604 2649
f 2719 2754 2703
f 2702 2700 2699
f 2601 2754 2719
f 2650 2601 2719
f 2718 2755 2650
f 2762 2755 2718
f 2387 2818 2856
f 2491 2806 2490
f 2529 2606 2654
f 2702 2710 2709
f 2702 2709 2700
f 2719 2703 2533
f 2704 2610 2436
f 2491 2389 2806
f 2705 2652 2389
f 2528 2654 2705
f 2346 2654 2528
f 2350 2606 2607
f 2431 2432 2760
f 2390 2432 2431
f 2707 2608 2391
f 2656 2716 2804
f 2651 2708 2488
f 2709 2710 2712
f 2712 2713 2714
f 2712 2714 2709
f 2709 2714 2700
f 2715 2700 2714
f 2609 2700 2769
f 2769 2700 2715
f 2288 2435 2761
f 2650 2719 2718
f 2804 2720 2656
f 2714 2713 2717
f 2715 2714 2717
f 2769 2715 2717
f 2656 2660 2716
f 2651 2527 2758
f 2718 2719 2658
f 2765 2707 2391
f 2708 2716 2660
f 2719 2723 2658
f 2655 2762 2718
f 2497 2720 2660
f 2661 2533 2764
f 2661 2723 2719
f 2723 2655 2658
f 2721 2708 2660
f 2828 2435 2531
f 2811 2443 2612
f 2661 2764 2723
f 2663 2762 2655
f 2772 2660 2720
f 2534 2708 2721
f 2534 2722 2659
f 2655 2723 2663
f 2613 2721 2660
f 2729 2531 2727
f 2828 2531 2781
f 2612 2501 2814
f 2723 2764 2617
f 2723 2536 2663
f 2723 2617 2536
f 2771 2776 2445
f 2726 2660 2772
f 2660 2726 2539
f 2764 2724 2617
f 2617 2725 2663
f 2774 2663 2725
f 2726 2613 2539
f 2781 2531 2729
f 2721 2613 2775
f 2501 2820 2814
f 2445 2827 2665
f 2664 2506 2537
f 2664 2780 2728
f 2664 2728 2506
f 2506 2728 2782
f 2361 2619 2935
f 2666 2733 2729
f 2732 2729 2733
f 2732 2733 2734
f 2734 2733 2789
f 2670 2789 2733
f 2670 2736 2789
f 2735 2671 2304
f 2674 2673 2737
f 2674 2736 2670
f 2674 2737 2736
f 2737 2836 2736
f 2789 2736 2836
f 2831 2787 2667
f 2566 2735 2788
f 2786 2735 2566
f 2671 2786 2566
f 2677 2676 2739
f 2677 2737 2673
f 2677 2739 2737
f 2739 2836 2737
f 2788 2738 2566
f 2679 2678 2741
f 2679 2739 2676
f 2679 2741 2739
f 2741 2836 2739
f 2742 2738 2743
f 2741 2680 2836
f 2678 2680 2741
f 2681 2742 2581
f 2682 2836 2680
f 2581 2744 2745
f 2836 2682 2793
f 2791 2582 2558
f 2668 2370 2682
f 2683 2792 2840
f 2839 2638 2745
f 2640 2842 2517
f 2591 2842 2640
f 2747 2641 2685
f 2519 2747 2685
f 2748 2747 2519
f 2592 2686 2687
f 2749 2592 2593
f 2843 2749 2593
f 2642 2843 2593
f 2594 2688 2750
f 2521 2688 2594
f 2521 2689 2688
f 2229 2484 2752
f 2902 2282 2646
f 2751 2647 2901
f 2755 2851 2692
f 2692 2851 2754
f 2701 2758 2693
f 2120 2694 2695
f 2698 2809 2024
f 2762 2855 2755
f 2233 2179 2711
f 2693 2804 2716
f 2758 2701 2651
f 2754 2757 2703
f 2648 2810 2812
f 2699 2759 2702
f 2652 2705 2806
f 2654 2706 2705
f 2760 2606 2350
f 2716 2708 2651
f 2699 2766 2759
f 2702 2759 2710
f 2710 2763 2712
f 2710 2759 2763
f 2712 2763 2713
f 2816 2288 2761
f 2713 2767 2717
f 2713 2763 2767
f 2763 2759 2767
f 2767 2769 2717
f 2828 2761 2435
f 2759 2766 2770
f 2769 2767 2759
f 2711 2179 2657
f 2813 2766 2768
f 2769 2759 2770
f 2609 2769 2770
f 2703 2764 2533
f 2704 2771 2610
f 2758 2659 2722
f 2722 2805 2758
f 2804 2772 2720
f 2762 2663 2774
f 2616 2770 2773
f 2616 2773 2664
f 2534 2775 2722
f 2721 2775 2534
f 2824 2664 2777
f 2445 2776 2827
f 2726 2772 2875
f 2814 2820 2830
f 2830 2911 2814
f 2725 2617 2724
f 2775 2613 2726
f 2831 2543 2827
f 2731 2830 2618
f 2732 2781 2729
f 2781 2732 2734
f 2728 2780 2782
f 2543 2831 2627
f 2304 2782 2780
f 2627 2831 2667
f 2304 2780 2735
f 2785 2734 2784
f 2784 2734 2789
f 2671 2735 2786
f 2785 2784 2789
f 2794 2888 2740
f 2735 2835 2788
f 2785 2789 2836
f 2788 2837 2738
f 2743 2738 2837
f 2581 2742 2743
f 2838 2745 2744
f 2745 2790 2839
f 2838 2790 2745
f 2793 2842 2836
f 2558 2841 2791
f 2839 2927 2638
f 2740 2645 2794
f 2793 2682 2639
f 2746 2794 2645
f 2683 2794 2746
f 2793 2639 2517
f 2842 2793 2517
f 2795 2842 2591
f 2684 2795 2591
f 2641 2795 2684
f 2747 2795 2641
f 2749 2686 2592
f 2642 2750 2843
f 2848 2646 2596
f 2691 2849 2902
f 2597 2901 2647
f 2690 2850 2900
f 2758 2797 2693
f 2861 2850 2648
f 2854 2862 2693
f 2853 2757 2754
f 2695 2801 2381
f 2801 2798 2381
f 2381 2798 2799
f 2799 2800 2598
f 2800 2803 2598
f 2696 2599 2697
f 2233 2809 2698
f 2853 2703 2757
f 2695 2694 2856
f 2801 2695 2857
f 2802 2798 2801
f 2799 2798 2802
f 2800 2799 2802
f 2803 2800 2802
f 2707 2599 2696
f 2711 2809 2233
f 2024 2809 2699
f 2387 2756 2858
f 2797 2758 2805
f 2699 2809 2766
f 2387 2867 2818
f 2704 2490 2815
f 2490 2806 2863
f 2705 2807 2806
f 2654 2864 2706
f 2606 2864 2654
f 2760 2808 2606
f 2432 2808 2760
f 2608 2808 2432
f 2602 2443 2866
f 2853 2764 2703
f 2766 2809 2768
f 2866 2443 2811
f 2815 2771 2704
f 2816 2761 2828
f 2774 2912 2762
f 2825 2813 2768
f 2766 2813 2773
f 2766 2773 2770
f 2288 2820 2443
f 2288 2816 2820
f 2612 2814 2811
f 2822 2764 2817
f 2824 2813 2825
f 2773 2777 2664
f 2820 2828 2871
f 2874 2825 2876
f 2824 2825 2874
f 2876 2825 2823
f 2780 2664 2824
f 2775 2726 2875
f 2876 2823 2883
f 2885 2783 2779
f 2828 2781 2871
f 2830 2619 2300
f 2871 2781 2785
f 2730 2888 2778
f 2780 2832 2834
f 2734 2785 2781
f 2735 2834 2832
f 2780 2834 2735
f 2735 2832 2835
f 2788 2835 2837
f 2896 2785 2836
f 2888 2794 2921
f 2891 2838 2581
f 2743 2891 2581
f 2581 2838 2744
f 2558 2667 2787
f 2558 2787 2841
f 2683 2840 2794
f 2638 2929 2792
f 2747 2896 2795
f 2687 2845 2748
f 2843 2899 2686
f 2749 2843 2686
f 2750 2844 2843
f 2931 2844 2750
f 2688 2931 2750
f 2689 2846 2688
f 2752 2484 2904
f 2848 2900 2646
f 2900 2848 2596
f 2753 2752 2796
f 2231 2753 2796
f 2756 2231 2796
f 2905 2852 2693
f 2852 2854 2693
f 2754 2851 2853
f 2691 2649 2283
f 2693 2862 2804
f 2856 2815 2695
f 2815 2857 2695
f 2858 2756 2867
f 2859 2801 2857
f 2802 2801 2859
f 2864 2802 2859
f 2860 2802 2864
f 2803 2802 2860
f 2696 2803 2808
f 2707 2696 2808
f 2599 2707 2765
f 2867 2387 2858
f 2863 2857 2815
f 2859 2857 2807
f 2864 2859 2807
f 2808 2803 2860
f 2707 2808 2608
f 2862 2868 2804
f 2863 2815 2490
f 2857 2863 2806
f 2807 2857 2806
f 2706 2807 2705
f 2864 2807 2706
f 2606 2860 2864
f 2808 2860 2606
f 2856 2818 2815
f 2810 2599 2812
f 2809 2711 2768
f 2599 2765 2812
f 2657 2768 2711
f 2768 2657 2870
f 2825 2768 2870
f 2865 2817 2764
f 2869 2815 2818
f 2870 2657 2908
f 2771 2815 2776
f 2816 2828 2820
f 2912 2774 2884
f 2812 2765 2819
f 2825 2870 2823
f 2869 2776 2815
f 2778 2765 2442
f 2765 2778 2872
f 2775 2909 2722
f 2824 2773 2813
f 2777 2773 2824
f 2724 2764 2822
f 2878 2830 2820
f 2774 2725 2884
f 2913 2869 2826
f 2827 2776 2913
f 2873 2775 2875
f 2824 2874 2780
f 2725 2724 2914
f 2823 2833 2883
f 2874 2876 2780
f 2877 2870 2908
f 2780 2876 2880
f 2827 2882 2831
f 2885 2779 2915
f 2779 2783 2916
f 2780 2880 2883
f 2880 2876 2883
f 2871 2785 2878
f 2881 2887 2829
f 2780 2883 2832
f 2919 2731 2935
f 2783 2885 2915
f 2835 2832 2889
f 2832 2883 2889
f 2888 2921 2778
f 2835 2833 2891
f 2883 2833 2835
f 2883 2835 2889
f 2890 2785 2894
f 2831 2882 2787
f 2835 2891 2837
f 2896 2894 2785
f 2837 2891 2743
f 2921 2794 2893
f 2891 2892 2838
f 2790 2927 2839
f 2895 2841 2787
f 2840 2893 2794
f 2927 2929 2638
f 2896 2836 2842
f 2795 2896 2842
f 2845 2687 2897
f 2897 2687 2898
f 2898 2687 2899
f 2843 2844 2899
f 2895 2847 2841
f 2845 2747 2748
f 2899 2687 2686
f 2846 2931 2688
f 2521 2847 2689
f 2791 2841 2847
f 2900 2902 2646
f 2751 2901 2484
f 2904 2484 2855
f 2903 2855 2484
f 2796 2752 2904
f 2691 2900 2905
f 2905 2900 2852
f 2902 2900 2691
f 2901 2597 2907
f 2484 2901 2851
f 2903 2484 2851
f 2852 2900 2850
f 2851 2901 2907
f 2903 2851 2755
f 2855 2903 2755
f 2906 2904 2855
f 2756 2904 2906
f 2852 2850 2854
f 2797 2905 2693
f 2797 2691 2905
f 2907 2597 2853
f 2851 2907 2853
f 2796 2904 2756
f 2853 2597 2866
f 2854 2850 2862
f 2691 2797 2649
f 2862 2850 2861
f 2912 2906 2855
f 2756 2906 2912
f 2868 2861 2812
f 2862 2861 2868
f 2853 2866 2865
f 2867 2756 2912
f 2805 2649 2797
f 2912 2855 2762
f 2649 2909 2657
f 2764 2853 2865
f 2909 2649 2805
f 2811 2865 2866
f 2909 2908 2657
f 2817 2865 2811
f 2868 2812 2910
f 2818 2867 2912
f 2869 2818 2912
f 2772 2910 2812
f 2868 2910 2804
f 2722 2909 2805
f 2772 2812 2821
f 2910 2772 2804
f 2811 2814 2911
f 2822 2817 2811
f 2812 2819 2916
f 2822 2811 2911
f 2821 2812 2916
f 2822 2911 2914
f 2912 2884 2869
f 2869 2913 2776
f 2821 2916 2772
f 2772 2916 2875
f 2775 2873 2909
f 2822 2914 2724
f 2826 2869 2884
f 2765 2872 2819
f 2779 2916 2819
f 2873 2908 2909
f 2871 2878 2820
f 2819 2872 2779
f 2823 2870 2833
f 2725 2914 2884
f 2829 2884 2881
f 2826 2884 2829
f 2829 2827 2826
f 2826 2827 2913
f 2833 2870 2879
f 2914 2911 2731
f 2917 2827 2829
f 2779 2872 2915
f 2877 2873 2875
f 2908 2873 2877
f 2911 2830 2731
f 2884 2914 2887
f 2830 2878 2619
f 2923 2875 2916
f 2877 2875 2923
f 2870 2877 2918
f 2887 2914 2919
f 2881 2884 2887
f 2783 2923 2916
f 2731 2919 2914
f 2877 2923 2886
f 2917 2829 2887
f 2877 2886 2918
f 2934 2878 2785
f 2872 2778 2921
f 2923 2783 2922
f 2785 2890 2934
f 2936 2887 2919
f 2918 2886 2923
f 2833 2879 2891
f 2879 2918 2891
f 2920 2787 2882
f 2924 2923 2922
f 2891 2918 2923
f 2926 2922 2921
f 2891 2923 2924
f 2922 2926 2790
f 2924 2922 2838
f 2838 2922 2790
f 2891 2924 2892
f 2892 2924 2838
f 2921 2893 2925
f 2792 2926 2921
f 2927 2790 2926
f 2894 2897 2890
f 2840 2925 2893
f 2921 2925 2792
f 2792 2925 2840
f 2929 2926 2792
f 2927 2926 2929
f 2894 2896 2747
f 2897 2894 2747
f 2898 2844 2930
f 2787 2939 2895
f 2897 2747 2845
f 2844 2898 2899
f 2931 2930 2844
f 2689 2931 2846
f 2847 2939 2689
f 2895 2939 2847
f 2870 2918 2879
f 2827 2917 2882
f 2882 2917 2936
f 2915 2872 2932
f 2619 2878 2934
f 2887 2936 2917
f 2915 2933 2783
f 2783 2933 2922
f 2936 2937 2882
f 2872 2921 2932
f 2921 2915 2932
f 2921 2933 2915
f 2922 2933 2921
f 2919 2938 2936
f 2619 2934 2935
f 2920 2937 2787
f 2882 2937 2920
f 2934 2890 2935
f 2919 2935 2938
f 2935 2890 2940
f 2938 2935 2940
f 2939 2936 2938
f 2937 2936 2928
f 2787 2937 2928
f 2928 2936 2939
f 2890 2897 2940
f 2940 2897 2898
f 2930 2938 2940
f 2939 2938 2930
f 2930 2940 2898
f 2928 2939 2787
f 2939 2930 2931
f 2689 2939 2931

