# https://github.com/mikedh/trimesh
v -0.55535720 0.08182770 0.29964738
v -0.54261866 0.14190844 0.32014961
v -0.50886548 -0.01617638 -0.50963474
v -0.50791606 -0.10240488 -0.41897293
v -0.50754415 -0.00934819 -0.82346981
v -0.50004602 -0.03692413 -0.65438088
v -0.50824307 -0.01277802 -0.74676476
v -0.50829154 -0.00898573 -0.60103468
v -0.49153594 -0.17323980 -0.50257472
v -0.49039464 -0.13723002 -0.54571068
v -0.48711595 -0.14858189 -0.81484629
v -0.50269334 -0.02273838 -0.87297758
v -0.43483507 -0.03865266 -0.66578236
v -0.50904308 -0.00510152 -0.55400770
v -0.48766693 0.01690870 -0.50185315
v -0.46558113 0.10472446 0.32609520
v -0.54234879 0.08489130 0.27030173
v -0.48496827 -0.39065413 -0.64587890
v -0.48304268 -0.37064169 -0.54836431
v -0.49031099 -0.35260269 -0.73300805
v -0.49179025 -0.18990707 -0.81545253
v -0.48861253 -0.25004076 -0.46592639
v -0.48317059 -0.27167007 -0.44574713
v -0.48764046 -0.24021930 -0.77468854
v -0.48587417 -0.16146837 -0.46230040
v -0.49061444 -0.10786895 -0.51030091
v -0.48283619 -0.14578039 -0.46843968
v -0.48555153 -0.12502511 -0.83842951
v -0.49175764 -0.10051640 -0.59708298
v -0.49110886 -0.09433957 -0.65621788
v -0.49372669 -0.10769907 -0.86182562
v -0.49378333 -0.13126054 -0.73177523
v -0.48188081 -0.07382772 -0.72617175
v -0.48044715 -0.06151611 -0.67330990
v -0.46386475 -0.08020151 -0.38143791
v -0.48434858 0.02894931 -0.68987735
v -0.44217990 0.07560614 0.28349600
v -0.47508519 -0.38782808 -0.62097965
v -0.48557483 -0.33044558 -0.63627181
v -0.46855640 -0.24643929 -0.55951287
v -0.47690264 -0.33664026 0.73441676
v -0.49132296 -0.29131093 -0.52848158
v -0.48553211 -0.31084950 -0.71605982
v -0.47181056 -0.27241919 -0.39882912
v -0.46715415 -0.24050297 -0.84312382
v -0.47861753 -0.21448271 -0.40703319
v -0.47954221 -0.17381716 -0.87730698
v -0.46850336 -0.20993300 -0.73909731
v -0.44528769 -0.15237095 -0.37249341
v -0.47489692 -0.13632586 -0.65751591
v -0.47704825 -0.09689715 0.80088081
v -0.47810343 -0.10131198 -0.39419128
v -0.48000047 -0.03860355 -0.90416450
v -0.47628524 -0.02151554 0.72902044
v -0.47816368 -0.02109311 0.77996892
v -0.48937764 0.01855534 -0.77676880
v -0.55568614 0.15471619 0.28616811
v -0.48143967 -0.37241728 -0.73765399
v -0.47614916 -0.31223340 0.54049665
v -0.47080921 -0.36889627 0.71665141
v -0.47339113 -0.20929239 0.81267364
v -0.48420412 -0.26680152 -0.46454574
v -0.47197205 -0.19111652 0.48687175
v -0.47039958 -0.22398760 0.64958227
v -0.46673895 -0.20598929 -0.55259469
v -0.47516792 -0.18228439 0.49672702
v -0.46620037 -0.16557113 0.73563559
v -0.48039368 -0.17306514 -0.83232253
v -0.47550347 -0.13737670 0.54642358
v -0.47292410 -0.11781678 0.77940967
v -0.46760309 -0.14994576 0.80247726
v -0.46947166 -0.17685236 0.45104244
v -0.46327106 -0.07903418 0.74712124
v -0.47629604 -0.08563727 0.50843053
v -0.45957022 -0.10422279 -0.92111055
v -0.47883663 -0.05166277 0.76682999
v -0.47351902 -0.05419395 0.54884012
v -0.47136608 -0.06532304 0.82409406
v -0.47755619 -0.02509492 0.56656328
v -0.47455540 -0.01945074 0.51262781
v -0.46989216 0.04467829 -0.85165991
v -0.47767317 0.01511846 -0.45634105
v -0.46572964 0.06906525 -0.59463474
v -0.48420745 -0.30453050 -0.80857390
v -0.47115019 -0.36331904 0.55778671
v -0.45908304 -0.30948837 0.66838509
v -0.46314023 -0.30383197 0.59964787
v -0.46223829 -0.27140802 -0.34975508
v -0.45583044 -0.29760479 -0.68728377
v -0.45816173 -0.26428929 0.81451637
v -0.46746395 -0.22972888 -0.67868275
v -0.45814594 -0.24146916 0.56344126
v -0.46060548 -0.24143761 0.61605818
v -0.46736701 -0.23992619 -0.60804369
v -0.46757628 -0.21144121 -0.85254470
v -0.46153183 -0.20550522 -0.90468697
v -0.45862120 -0.18469008 -0.58191895
v -0.46511255 -0.16439823 -0.68984434
v -0.45823109 -0.21858440 0.55718334
v -0.46214946 -0.18920659 -0.71048853
v -0.47075327 -0.15185450 0.82252041
v -0.46914084 -0.14391855 -0.60743260
v -0.47727834 -0.09961181 0.71715510
v -0.47616108 -0.09390661 0.64135853
v -0.47885879 -0.12210694 -0.80149412
v -0.50183506 -0.04598499 -0.50396143
v -0.46810740 -0.08567847 0.89729313
v -0.49797517 -0.12440925 -0.45919719
v -0.47529377 -0.04757985 0.74138221
v -0.47741376 -0.02320243 0.79452290
v -0.47127573 -0.01171555 -0.90439404
v -0.45585963 0.06506814 -0.86185094
v -0.46690358 0.05731247 -0.48609482
v -0.45862493 -0.28620533 0.48259063
v -0.38077137 -0.27530156 -0.46403124
v -0.44978088 -0.27604597 0.67944582
v -0.46674033 -0.24739264 -0.72761662
v -0.46337568 -0.25254823 0.72919528
v -0.43993793 -0.25239294 -0.73350264
v -0.44392375 -0.27039679 -0.26121788
v -0.45805284 -0.21109150 -0.93371957
v -0.45794754 -0.21499285 -0.31453824
v -0.44773015 -0.21027656 -0.54781055
v -0.45709700 -0.20124163 0.82303314
v -0.46345351 -0.16839206 0.83119362
v -0.45182310 -0.24417982 0.82470546
v -0.44795245 -0.18041513 0.69668847
v -0.45031213 -0.13944883 0.66545163
v -0.46753125 -0.07785373 0.56155985
v -0.46520099 -0.08392265 0.91517027
v -0.45268623 -0.05166809 -0.09924023
v -0.45281646 -0.03478553 -0.23283088
v -0.43849313 0.04266402 -0.91019096
v -0.45891990 -0.00474825 0.57413612
v -0.45958504 0.00694725 -0.40178463
v -0.45351024 0.02961101 -0.34381171
v -0.46455743 0.06862603 -0.66641221
v -0.44566440 0.14682434 0.32344891
v -0.46903567 -0.38600385 0.63921643
v -0.45581108 -0.36785895 0.73476851
v -0.43947677 -0.28787379 -0.58228079
v -0.44881404 -0.26364444 -0.94326353
v -0.46145652 -0.26661315 -0.83344195
v -0.45417338 -0.28147058 -0.62426459
v -0.45713045 -0.27824955 -0.59833212
v -0.44702065 -0.25950783 -0.12129725
v -0.44272025 -0.27043224 0.19952163
v -0.44937854 -0.23156205 0.43167915
v -0.44927940 -0.23117276 0.09893271
v -0.44750653 -0.23205750 0.21101033
v -0.43448968 -0.25658097 0.58332877
v -0.44998429 -0.22597953 0.08592552
v -0.44535967 -0.23288680 0.35161549
v -0.45306382 -0.23111812 0.68920603
v -0.45521480 -0.20680284 0.73281181
v -0.43818552 -0.17331685 -0.71186698
v -0.45125053 -0.21269585 -0.26023806
v -0.44605740 -0.23804289 0.90659833
v -0.45104009 -0.21908578 -0.09849294
v -0.44169662 -0.17565949 -0.57633915
v -0.44799599 -0.18978337 0.57612030
v -0.46355798 -0.18286385 -0.95624154
v -0.44192427 -0.19327645 0.92803996
v -0.45615946 -0.14759131 0.61130043
v -0.44506653 -0.16019683 0.10916274
v -0.44876767 -0.14237789 -0.23402902
v -0.44629076 -0.15554343 0.07666621
v -0.44395809 -0.16730189 0.27710573
v -0.46366179 -0.14361615 0.49074192
v -0.44953823 -0.11735206 -0.13584306
v -0.44659954 -0.15121212 0.32428136
v -0.44925686 -0.10750467 0.40652577
v -0.45416197 -0.08214108 0.43905643
v -0.44775541 -0.13844250 -0.02562048
v -0.45062249 -0.07781730 0.13351181
v -0.44904195 -0.10808445 0.17541238
v -0.45187888 -0.05338946 0.04513262
v -0.45135214 -0.06193912 0.21226724
v -0.45197377 -0.07093014 -0.17229210
v -0.45098877 -0.06140363 0.27248415
v -0.47963003 -0.08273875 -0.53670324
v -0.45071600 -0.06248016 0.32116522
v -0.45240057 -0.05356381 -0.05040236
v -0.45226971 -0.05369583 0.00590518
v -0.45115605 -0.06772542 0.23959999
v -0.45026196 -0.05489839 0.16196464
v -0.46333069 -0.08163683 0.84065019
v -0.42992341 -0.08078875 0.92700544
v -0.37475682 -0.05648265 -0.60750038
v -0.45237591 -0.04846662 -0.01637403
v -0.49559346 -0.04597974 -0.79446514
v -0.42108264 0.02831960 -0.38380338
v -0.44580701 0.14858680 0.27742047
v -0.43692189 -0.30030058 -0.62826347
v -0.44106828 -0.27252348 -0.62030220
v -0.43113331 -0.30433445 -0.67622243
v -0.43772097 -0.27266475 0.60902069
v -0.43390099 -0.27760882 0.68302125
v -0.43938356 -0.28217836 0.22173734
v -0.44328839 -0.25655727 -0.71722971
v -0.43701603 -0.27048058 -0.24766561
v -0.44012205 -0.27392623 -0.08391535
v -0.43893055 -0.27848287 0.70878936
v -0.44099377 -0.27831848 0.08089229
v -0.44454091 -0.24524821 0.92786325
v -0.42333064 -0.22224833 0.42238562
v -0.43746056 -0.20761774 -0.69890146
v -0.45672770 -0.20956670 0.59150976
v -0.44334403 -0.17544529 -0.60939208
v -0.44323975 -0.16646231 -0.09291955
v -0.42674473 -0.20734855 0.01581306
v -0.44098083 -0.17365033 0.13355819
v -0.44588538 -0.15896534 0.06922280
v -0.44498576 -0.16183176 0.17086223
v -0.43663345 -0.17379941 0.60537048
v -0.42979397 -0.16004201 0.69075942
v -0.45305050 -0.17673329 0.82162735
v -0.46262033 -0.14378194 0.80475332
v -0.47243070 -0.11712944 -0.96032642
v -0.44952240 -0.12941246 -0.37433672
v -0.43377507 -0.13606871 -0.64598774
v -0.45780856 -0.05764075 0.59652511
v -0.46673703 -0.05736029 0.69183236
v -0.43722434 -0.00413185 0.06305088
v -0.44697405 -0.05233518 0.44695572
v -0.42230175 0.05013795 0.27162887
v -0.42902230 0.00320840 0.73667407
v -0.42393625 0.04866376 -0.08338534
v -0.42963206 0.01920284 -0.39099902
v -0.43272797 0.03685297 -0.22139138
v -0.42305269 0.02868548 -0.24206708
v -0.45294837 0.06225065 -0.37709883
v -0.41282399 0.10213237 -0.71952692
v -0.41862407 0.09975665 -0.64382649
v -0.46819501 0.06506690 -0.54295110
v -0.42902581 0.09521908 0.27687006
v -0.43103144 -0.37845620 0.56766380
v -0.47528027 -0.31338059 -0.80726057
v -0.35692891 -0.31858206 -0.49017101
v -0.43565686 -0.27317400 -0.67466481
v -0.42977880 -0.28019847 -0.59788885
v -0.43064676 -0.30426369 0.62110287
v -0.43732887 -0.28049596 0.14133921
v -0.43880192 -0.28298503 0.24160501
v -0.43155500 -0.29303628 0.66769226
v -0.45183466 -0.27983057 0.83517068
v -0.38993664 -0.27640625 -0.00113549
v -0.42373360 -0.28461243 0.95823617
v -0.43123859 -0.24959265 -0.57140428
v -0.42743015 -0.21821378 0.13678618
v -0.42769330 -0.22014561 0.56483614
v -0.43255913 -0.24388339 0.73161423
v -0.42809663 -0.20884989 -0.10289399
v -0.42849320 -0.21552547 0.02044993
v -0.42718939 -0.21757906 0.73176058
v -0.44480094 -0.20474522 -0.38070306
v -0.42601319 -0.20804341 0.03338533
v -0.43759572 -0.18331731 0.24778880
v -0.42307463 -0.21947847 0.24373391
v -0.43300541 -0.15066268 -0.32051216
v -0.44154606 -0.16971695 -0.17208475
v -0.43570549 -0.16753912 -0.68660924
v -0.43901038 -0.14720532 0.63670701
v -0.44201471 -0.10699732 -0.36501887
v -0.44331259 -0.03485986 -0.36964462
v -0.43897047 -0.01812655 0.82944729
v -0.41289828 0.06248487 -0.91750178
v -0.43233613 0.00521682 0.38409627
v -0.44091855 -0.01984083 0.19094036
v -0.44494414 -0.00270008 -0.38052276
v -0.42206615 0.05934670 0.12024216
v -0.43005281 0.00569088 0.51287423
v -0.42905554 0.03677838 -0.19322091
v -0.43797716 -0.00156249 -0.02055298
v -0.43385936 0.00669236 0.21745879
v -0.43045129 0.01036184 0.58012304
v -0.46471471 0.06586429 -0.77401649
v -0.43556404 0.10100759 0.31383013
v -0.48076346 -0.31917364 -0.49132116
v -0.42594188 -0.33650350 0.51722306
v -0.38088699 -0.28307058 0.48165782
v -0.42389584 -0.21985236 0.23413043
v -0.42368725 -0.21524475 0.32547111
v -0.42750506 -0.22384862 0.37262950
v -0.44488560 -0.16999707 0.42096518
v -0.42633178 -0.20828187 0.10109268
v -0.42348184 -0.21558382 0.16219786
v -0.42588568 -0.20462812 -0.24124870
v -0.42918607 -0.20026103 -0.24024328
v -0.42837705 -0.20012404 -0.11050842
v -0.42767212 -0.20072239 -0.09121928
v -0.42619964 -0.20554504 -0.03815629
v -0.42548184 -0.16755430 0.95774312
v -0.43581431 -0.09070693 -0.31180280
v -0.42059343 -0.10668738 0.77607535
v -0.45164215 -0.03023520 -0.23619876
v -0.40391196 -0.01962131 -0.25985795
v -0.43152403 -0.00024627 0.79842736
v -0.41883130 0.05999412 0.42491178
v -0.43302727 0.00604639 0.31176452
v -0.41159720 0.09168784 0.33012931
v -0.43152617 0.01882524 0.00547749
v -0.42124116 0.06205555 0.05273013
v -0.42140821 0.05297249 0.29800883
v -0.42213168 0.05874599 0.17302466
v -0.41945936 0.05666636 0.38622021
v -0.41765139 0.05977569 0.50064487
v -0.41657663 0.07007854 -0.89550044
v -0.42489582 0.06623322 0.29291731
v -0.43110816 0.06022081 -0.25801268
v -0.35632820 -0.39308312 -0.64281710
v -0.35936315 -0.38748512 -0.61200882
v -0.37464463 -0.27399895 -0.07549098
v -0.42322116 -0.17972218 -0.97494546
v -0.36549063 -0.17289696 -0.83418223
v -0.40640700 -0.14107077 -0.25763102
v -0.38835686 -0.09632452 -0.82610248
v -0.43755419 -0.09293737 -0.76056638
v -0.40991757 -0.13216155 -0.25922931
v -0.39862903 -0.06095545 -0.26493634
v -0.48253552 -0.05908149 -0.59690330
v -0.46895912 -0.04388362 -0.51610457
v -0.42273507 -0.01235111 -0.31424621
v -0.43996139 -0.02950862 0.88661986
v -0.41798583 0.03661213 0.78605747
v -0.41798765 0.04728911 0.69880945
v -0.41889471 0.05608497 0.52198571
v -0.40664568 0.10663242 -0.08234739
v -0.40826215 0.09799815 0.05501679
v -0.40562434 0.10235607 0.10386595
v -0.40932935 0.10609671 -0.53383874
v -0.40682533 -0.31067933 0.65051801
v -0.42700596 -0.26782195 -0.82984537
v -0.35713093 -0.26671207 0.81862453
v -0.41071421 -0.28773134 -0.57819686
v -0.40348849 -0.20321733 0.68878153
v -0.40943706 -0.20488106 -0.25756304
v -0.41206402 -0.14406753 -0.69390697
v -0.40123618 -0.20234604 0.60824983
v -0.41059495 -0.14837357 0.70071850
v -0.41046207 -0.19835483 0.74148843
v -0.40725983 -0.12614874 0.64755353
v -0.39868220 -0.08804212 0.97797048
v -0.40017721 -0.08567048 -0.52742837
v -0.40164614 -0.10862562 -0.26835985
v -0.37718839 -0.08289718 0.97745416
v -0.43551642 -0.06731709 -0.35992278
v -0.41346824 -0.05308214 -0.65830075
v -0.41540356 -0.04910646 -0.61642811
v -0.39718426 -0.03699186 -0.66270400
v -0.40540741 -0.01156349 -0.25425024
v -0.41514468 0.01138417 0.87888695
v -0.39665817 0.09865870 0.25980040
v -0.42218955 0.06279867 -0.10445993
v -0.39811705 0.08887192 0.38500289
v -0.40976355 0.07795865 -0.24994673
v -0.41676607 0.07039829 -0.19125722
v -0.41193312 0.09554921 -0.41468253
v -0.40231877 0.13998761 -0.67689294
v -0.41572461 0.10176660 -0.57460380
v -0.40306838 0.11259940 -0.20285936
v -0.40590414 0.10583609 -0.02953673
v -0.39920723 0.11995544 0.33546513
v -0.36098607 -0.39134947 0.66420336
v -0.35482461 -0.37528917 -0.56287832
v -0.42398626 -0.37269520 -0.73790785
v -0.35136091 -0.33418649 0.77025612
v -0.46175070 -0.29539251 0.80311463
v -0.38919448 -0.25707227 -0.65126734
v -0.38774880 -0.21005002 -0.60296972
v -0.41304953 -0.26580559 0.72300647
v -0.41256095 -0.23589287 0.94696342
v -0.41113876 -0.15524650 -0.59226264
v -0.47659141 -0.12434862 -0.48434966
v -0.40091410 -0.07423805 0.78861803
v -0.36371391 -0.08144475 0.55298506
v -0.39807009 0.04549845 0.85110685
v -0.38972620 0.05137414 0.84333796
v -0.41645197 0.06017482 0.57217057
v -0.41337190 0.09828995 -0.84027134
v -0.40389655 0.12495363 -0.55376731
v -0.40114976 0.13854071 0.31504875
v -0.43452256 -0.39622200 -0.64428987
v -0.39646411 -0.38074403 0.58536847
v -0.41212266 -0.30335298 -0.67753112
v -0.39255497 -0.26992121 -0.23663168
v -0.37983612 -0.26110853 0.64330173
v -0.40767266 -0.18830901 0.55970767
v -0.40935625 -0.28452488 0.59071595
v -0.40558996 -0.19498021 -0.74150814
v -0.37861181 -0.20936775 0.64812284
v -0.41025494 -0.18816453 0.96295799
v -0.32735591 -0.11991248 -0.83701465
v -0.40884771 -0.13718692 -0.63540974
v -0.35641513 -0.12561319 -0.80308475
v -0.44033540 -0.07247234 -0.48115294
v -0.41934861 -0.10623978 -0.94935082
v -0.42718126 -0.08589731 0.96422098
v -0.40328218 0.01184997 -0.92629036
v -0.39511508 0.01883319 -0.25775243
v -0.39324905 0.06724851 0.70734183
v -0.39254313 0.06316941 0.75723401
v -0.39209367 0.08002321 0.52821148
v -0.39362677 0.11178222 0.12229700
v -0.39039125 0.11996325 -0.07887719
v -0.40175336 0.11924873 -0.36489173
v -0.37263919 0.15231901 -0.80053186
v -0.38706167 0.19514466 -0.61276787
v -0.38970430 0.18487174 -0.60158293
v -0.39957717 0.15743925 0.25382728
v -0.43849794 -0.28561902 0.41683180
v -0.35419603 -0.26873713 -0.46311369
v -0.31690548 -0.28463074 0.37102732
v -0.36267264 -0.27536657 -0.44230953
v -0.33796308 -0.27393053 -0.44692477
v -0.40544663 -0.24002963 -0.96633266
v -0.40939488 -0.25295705 -0.74011090
v -0.38389431 -0.24922241 0.66443871
v -0.39731126 -0.24525107 -0.60434262
v -0.39523466 -0.20836021 -0.68459249
v -0.38916014 -0.17968720 -0.63758947
v -0.38755099 -0.18355918 -0.98207427
v -0.41173498 -0.20277826 -0.54344657
v -0.36093426 -0.15865642 0.81017149
v -0.36118445 -0.12574184 0.79158638
v -0.40543083 -0.10447284 -0.94983099
v -0.38241005 -0.04564817 -0.78683753
v -0.39188913 0.07671749 0.58492649
v -0.39213841 0.09203607 0.38344800
v -0.38773759 0.12543857 0.25704827
v -0.38599740 0.11963098 -0.82087703
v -0.38821983 0.12465995 -0.19191585
v -0.37504033 0.18734376 -0.18946613
v -0.39259154 0.11558948 0.15270840
v -0.39140725 0.13082285 -0.38481189
v -0.37971773 0.17499503 -0.43714780
v -0.38104527 0.16676061 -0.26296566
v -0.39447390 0.14043476 -0.60736079
v -0.40441597 0.11857080 -0.25458577
v -0.36886419 -0.37191709 -0.73728668
v -0.35788652 -0.34584389 -0.52101409
v -0.35948490 -0.32623168 0.51077195
v -0.35829909 -0.30456365 -0.60208742
v -0.36991253 -0.26230126 -0.83461661
v -0.35696978 -0.27880999 0.83112932
v -0.36099881 -0.26401852 -0.96260761
v -0.35581256 -0.19108998 -0.74510265
v -0.35459256 -0.15866724 0.57817489
v -0.35342367 -0.13417439 -0.68312957
v -0.35556349 -0.16253539 -0.56482772
v -0.38481281 -0.15435681 0.48202746
v -0.47327710 -0.12742224 0.48638962
v -0.35623049 -0.09017475 0.54651176
v -0.32580286 -0.04225932 -0.50354798
v -0.36651216 -0.05681977 0.70218447
v -0.38777670 0.11695752 -0.82547698
v -0.37332199 0.19570227 -0.02811076
v -0.37697792 0.17951829 0.21671443
v -0.37354913 0.19527218 -0.25978765
v -0.38256106 0.15492570 -0.08187439
v -0.36921038 0.22741357 0.17862206
v -0.37258759 0.19907951 -0.08950674
v -0.36829276 0.21693760 0.12821855
v -0.37916985 0.16927246 0.09322256
v -0.37842858 0.17105853 0.19571510
v -0.37484795 0.19830180 -0.54206725
v -0.37303677 0.20004836 -0.40354018
v -0.37272300 0.21777743 -0.19023670
v -0.36275927 -0.38068512 0.59050840
v -0.36190681 -0.36841576 -0.54397012
v -0.35292691 -0.28447845 0.97060944
v -0.37157912 -0.27864878 0.71712476
v -0.37420014 -0.19519688 0.94853806
v -0.35638237 -0.23735656 -0.64445121
v -0.35970076 -0.17204489 0.82694068
v -0.33781050 -0.13862737 -0.45918842
v -0.33902987 -0.15790161 0.47320971
v -0.35902089 -0.11637419 0.51830295
v -0.36375549 -0.05510519 0.62398098
v -0.34569328 -0.04754356 0.68986915
v -0.32686252 -0.04008711 -0.76111279
v -0.41735803 -0.03769671 -0.60175260
v -0.32640276 0.05210490 -0.94064516
v -0.36887580 0.04954302 0.85255033
v -0.36167505 0.19503005 0.27236423
v -0.35894432 0.27454886 -0.53626451
v -0.36801797 0.22030482 -0.42475307
v -0.37818426 0.21932789 -0.57415134
v -0.35945965 0.30905900 -0.23733881
v -0.38009092 0.22023912 0.24821947
v -0.35795081 -0.36982469 0.71713584
v -0.34999969 -0.37828502 -0.71231080
v -0.35591975 -0.33147244 -0.50670284
v -0.35672319 -0.31308035 0.65511056
v -0.35167149 -0.30752767 0.78401248
v -0.35678864 -0.30595613 0.61438467
v -0.35381353 -0.21199285 -0.53981854
v -0.36476857 -0.17797510 0.98641250
v -0.34826695 -0.17588444 0.80494878
v -0.35232817 -0.15324313 -0.46893570
v -0.36791014 -0.14433318 -0.46672899
v -0.35357716 -0.12230322 0.65669505
v -0.35933802 -0.12653265 0.63802511
v -0.35599371 -0.11608753 -0.78907680
v -0.32683495 -0.07373660 -0.48163785
v -0.36474927 -0.07332970 -0.73409899
v -0.35729351 -0.08282889 -0.53366994
v -0.35870192 -0.07336113 0.73759842
v -0.35759212 -0.06670643 -0.58467020
v -0.41341905 -0.04423309 0.92979246
v -0.39139607 0.01671643 0.89329370
v -0.35945838 0.22685286 -0.69430172
v -0.34895377 0.29498763 -0.29286532
v -0.36119728 0.24844568 -0.00966017
v -0.34913493 0.29968959 0.07557233
v -0.35481319 0.27087146 0.13805347
v -0.35468646 0.27211254 -0.51975157
v -0.36387483 0.23638862 -0.43571837
v -0.35988808 0.25335172 -0.09918764
v -0.35245034 0.28222692 -0.05014218
v -0.34538294 0.31086380 -0.17519618
v -0.35777620 0.27022782 -0.25113349
v -0.36419071 0.30482950 0.13498956
v -0.36033993 0.28263760 0.19726366
v -0.34719149 0.31163423 -0.18491222
v -0.34738746 -0.35668972 0.55741246
v -0.34849129 -0.30922208 -0.80613200
v -0.35566907 -0.30111928 -0.69547785
v -0.35118515 -0.32051292 0.64793085
v -0.35893745 -0.28056561 0.18746869
v -0.34992498 -0.25314108 -0.74805570
v -0.35374592 -0.27818967 0.07937935
v -0.34299667 -0.29164322 0.51437698
v -0.34945073 -0.26078753 -0.74977617
v -0.34647276 -0.23002908 0.79032409
v -0.36147498 -0.24295818 0.97263487
v -0.34182473 -0.30703020 0.52484928
v -0.44072638 -0.21416073 -0.94161223
v -0.35034475 -0.22926767 -0.84052896
v -0.35179827 -0.23134671 0.55110238
v -0.33825251 -0.21983771 0.83039605
v -0.35311748 -0.19780459 0.47344301
v -0.35624798 -0.16700066 0.73074047
v -0.34961786 -0.14514061 -0.80342626
v -0.34307994 -0.11573304 0.57628854
v -0.34661225 -0.12788828 0.69059046
v -0.34313453 -0.12179285 -0.75515893
v -0.34942238 -0.10953385 0.75988859
v -0.35192839 -0.13397994 0.50791078
v -0.35560136 -0.07444061 -0.73250931
v -0.35025767 -0.08489138 -0.54967672
v -0.33985642 -0.13522069 -0.54191146
v -0.35315890 -0.08775681 -0.53127088
v -0.35554704 -0.06815116 0.70430740
v -0.34119616 -0.12201715 -0.72770285
v -0.35108518 -0.06501157 -0.62318731
v -0.35401415 -0.07342996 -0.56059660
v -0.35272041 -0.07562372 0.59506911
v -0.34951958 -0.07259078 0.66149776
v -0.37726329 -0.08438574 0.51408910
v -0.31440586 -0.04796193 0.54775198
v -0.32811534 -0.03657358 -0.51574183
v -0.38678811 0.00554016 0.89920798
v -0.34133195 0.23552106 -0.75319384
v -0.34672314 0.27045111 -0.65001086
v -0.36264336 0.23989753 -0.25681692
v -0.35355362 0.27902666 0.02380480
v -0.34595962 0.31023868 -0.14413578
v -0.34758253 0.29358248 -0.47983139
v -0.34666737 0.31114607 -0.02216560
v -0.34801109 0.32221179 -0.49986497
v -0.35123004 0.32031568 -0.00299131
v -0.35622002 0.31945154 0.10250856
v -0.35372579 0.32790248 -0.07050030
v -0.34942037 0.34822103 -0.22412179
v -0.34023188 0.34644798 -0.51889548
v -0.34277952 0.36003021 -0.02781816
v -0.34390795 -0.31416533 -0.50849262
v -0.34435620 -0.35000300 0.62925369
v -0.34201196 -0.34638554 -0.70581103
v -0.34940758 -0.31832683 0.60914397
v -0.35155602 -0.28413356 0.57719879
v -0.34198062 -0.30916727 -0.73905905
v -0.35443020 -0.30890667 -0.48222846
v -0.35213669 -0.25916389 -0.55063334
v -0.34867640 -0.25651677 0.76089567
v -0.34104053 -0.27431896 -0.77173220
v -0.34125333 -0.30894809 -0.54504803
v -0.32170204 -0.27989306 0.20201793
v -0.32128106 -0.28152956 0.27496368
v -0.32915593 -0.27362901 -0.08750754
v -0.29559345 -0.27476101 -0.43344212
v -0.36156137 -0.26471883 -0.87207151
v -0.33849889 -0.26141467 -0.50692698
v -0.35532114 -0.21740543 0.74851967
v -0.34757524 -0.21635249 -0.46288083
v -0.34986133 -0.21345694 0.81760350
v -0.34145656 -0.18693147 -0.78115766
v -0.34476753 -0.17505869 0.52550165
v -0.33476620 -0.17312459 -0.98803345
v -0.34665310 -0.15052945 -0.73281716
v -0.34330641 -0.13395507 0.76034239
v -0.34843118 -0.09167563 -0.73256220
v -0.34491927 -0.09787406 -0.62725102
v -0.34826253 -0.08997113 0.59816054
v -0.34547123 -0.09317743 0.68019061
v -0.35266194 -0.05934348 -0.65915511
v -0.23895717 -0.07980897 0.93195936
v -0.32349523 -0.05175451 -0.79503999
v -0.32735069 -0.04540323 -0.78396902
v -0.31855333 -0.04730068 0.76662936
v -0.32504554 -0.03997939 -0.75356193
v -0.34476789 0.05643865 0.81408064
v -0.31019792 0.09336105 0.40961664
v -0.32354098 0.15204774 -0.83274784
v -0.33629656 0.25683387 -0.73358732
v -0.34616643 0.26948807 -0.65469943
v -0.34451731 0.31360553 -0.35120570
v -0.34859448 0.32692494 -0.27638189
v -0.34615030 0.31259340 -0.04940777
v -0.34454881 0.31093733 -0.41409318
v -0.34549878 0.31478144 -0.18401713
v -0.34704038 0.30956935 0.01177351
v -0.34799442 0.32139344 -0.51252600
v -0.34542386 0.31459502 -0.09679696
v -0.34823990 0.30812775 0.05701779
v -0.34813710 0.32344177 -0.24973771
v -0.35444717 0.33343100 -0.19945131
v -0.34601230 0.31844778 -0.14379579
v -0.34854042 0.33508124 -0.35665736
v -0.33394522 0.36155193 -0.31309668
v -0.31311633 -0.27990392 0.83992154
v -0.35664512 -0.26332475 0.47165341
v -0.27714857 -0.24398646 0.98130814
v -0.33948674 -0.19037763 -0.49339746
v -0.34167317 -0.23186770 -0.78992218
v -0.34070630 -0.18089775 -0.50849317
v -0.33280052 -0.16442372 -0.84554651
v -0.32748568 -0.03356138 -0.67865045
v -0.35183448 -0.02021064 0.92193361
v -0.31824646 0.07197636 0.70531285
v -0.33551447 0.08280975 0.55095560
v -0.34627431 0.08960397 0.42065436
v -0.33648906 0.07535941 -0.92696773
v -0.34145861 0.10883012 -0.88360726
v -0.33680844 0.14591395 0.35580783
v -0.33373691 0.33453575 0.16369911
v -0.33228908 0.30731360 -0.64352066
v -0.33562275 0.31045951 -0.61687999
v -0.34615029 0.34826118 -0.60551848
v -0.33705335 0.34292888 -0.66445798
v -0.33873319 0.34321055 -0.50750916
v -0.32385483 0.36538845 -0.26868689
v -0.33598199 0.36298329 -0.08700963
v -0.34554053 0.35301792 0.00651052
v -0.33656884 0.36198187 -0.18719186
v -0.32241420 -0.26666789 -0.46086932
v -0.32737633 -0.28879416 0.46495284
v -0.32618678 -0.22400779 -0.96248692
v -0.33008092 -0.21784127 -0.45798170
v -0.32637330 -0.16678964 -0.84425803
v -0.32910121 -0.14072258 0.99218810
v -0.30961381 -0.13473048 0.48467219
v -0.32067727 -0.09113056 -0.47481644
v -0.31173755 -0.04850381 0.64166418
v -0.32647597 -0.03540824 -0.55503761
v -0.31622652 0.00443159 0.90586232
v -0.33133747 0.08235877 0.56648672
v -0.31932869 0.13722810 -0.85953770
v -0.35276048 0.18267768 -0.79126498
v -0.31732070 0.30587345 -0.70431195
v -0.31359603 0.31880342 -0.69907416
v -0.32849041 0.31384660 -0.65365479
v -0.31772570 0.36546149 -0.71206104
v -0.32125465 0.35797539 0.04949922
v -0.31025600 -0.27487198 -0.47081919
v -0.30757542 -0.27954015 0.82737590
v -0.32075066 -0.26256558 -0.60624306
v -0.32001735 -0.25623059 -0.74598365
v -0.32003694 -0.26396826 -0.63471401
v -0.32145097 -0.24720943 -0.83803765
v -0.32098894 -0.24645420 -0.70964456
v -0.31393575 -0.22407784 -0.96278676
v -0.32106015 -0.21036295 -0.66890840
v -0.32129662 -0.26808905 -0.49476233
v -0.32096886 -0.15219208 -0.74397070
v -0.31284377 -0.21489453 -0.95291641
v -0.32088018 -0.17486735 -0.55572169
v -0.32108857 -0.17594725 -0.77679334
v -0.32097508 -0.14496642 -0.83579481
v -0.32091692 -0.14634666 -0.65966292
v -0.32125430 -0.18532885 -0.49622441
v -0.32085308 -0.13261126 -0.60870244
v -0.32107956 -0.21399007 -0.59549947
v -0.32082166 -0.15448920 -0.53491449
v -0.32079316 -0.14982258 -0.69416999
v -0.32077720 -0.14870068 -0.57546673
v -0.32036224 -0.12955847 -0.46837098
v -0.32089508 -0.12593651 -0.70278653
v -0.32091077 -0.10981593 -0.63858927
v -0.31896536 -0.13064506 0.81299439
v -0.32105521 -0.12164618 -0.79375362
v -0.32056691 -0.05202993 -0.77606838
v -0.32083579 -0.12350869 -0.55266695
v -0.32041535 -0.12024075 -0.50272904
v -0.32108563 -0.09867767 -0.81370520
v -0.32088899 -0.10760745 -0.67753829
v -0.32068130 -0.09721270 -0.56636815
v -0.31558048 -0.11216305 0.49327674
v -0.37889892 -0.11374972 -0.98637159
v -0.32326144 -0.06353559 -0.80529927
v -0.32087979 -0.07195509 -0.63213578
v -0.32053957 -0.05106917 -0.74172454
v -0.32034868 -0.05569821 -0.50408947
v -0.32056550 -0.04358636 -0.69104627
v -0.32204190 -0.06680934 -0.49124512
v -0.32080944 -0.04051964 -0.66753954
v -0.32334243 -0.03508219 -0.59728103
v -0.32499650 -0.05108950 -0.49910507
v -0.32053298 -0.04185629 -0.57308930
v -0.30401251 0.08016026 0.62031954
v -0.31419479 0.24086803 -0.76029455
v -0.33826572 0.35640445 0.04373029
v -0.33166393 0.35361090 0.13536534
v -0.32544396 0.36533948 -0.10507098
v -0.32036552 -0.27104888 -0.51002209
v -0.30931118 -0.27065153 -0.53930112
v -0.17193375 -0.26429538 -0.96177749
v -0.30900198 -0.26952981 -0.24815242
v -0.29724538 -0.22410654 -0.96286198
v -0.35536522 -0.21389543 0.96940409
v -0.32272355 -0.21732890 0.46468853
v -0.31412881 -0.14906673 0.82073952
v -0.31288483 -0.09355003 0.79534572
v -0.31106515 -0.05679024 0.53771629
v -0.31000020 -0.05592095 0.54469815
v -0.31378086 -0.04862677 0.76669877
v -0.23792248 -0.04092859 0.93435524
v -0.27036768 0.01952717 0.89850228
v -0.25417707 0.08808495 0.58052706
v -0.27217723 0.12432881 0.36301162
v -0.30650794 0.15071119 -0.84917178
v -0.31147780 0.17310905 -0.82217504
v -0.28586690 0.19595546 -0.81749394
v -0.31046692 0.19256809 -0.80516815
v -0.32703044 0.31054294 0.18231722
v -0.30774795 0.35111396 -0.75350330
v -0.30853425 0.36182910 -0.42265497
v -0.26897029 0.35598402 0.10836864
v -0.30785527 0.36766910 -0.07262221
v -0.30797269 -0.28872452 0.47774807
v -0.30665114 -0.28956615 0.48810468
v -0.30780529 -0.27905277 0.66977832
v -0.32298199 -0.27773766 0.07699712
v -0.30791166 -0.26688133 0.62983299
v -0.30811691 -0.27059441 0.79820063
v -0.29809627 -0.26974425 -0.29447203
v -0.26779588 -0.27075295 0.98552902
v -0.30791622 -0.25230091 0.55711687
v -0.30788888 -0.24877404 0.62516110
v -0.30792357 -0.23908665 0.67646815
v -0.27218243 -0.23705560 0.96537903
v -0.30784878 -0.20582879 0.49669975
v -0.30778263 -0.19612171 0.81126679
v -0.30770070 -0.20305839 0.58108933
v -0.30785676 -0.23250995 0.72162940
v -0.30776370 -0.19400916 0.74500991
v -0.30778331 -0.20289410 0.48612045
v -0.30825324 -0.28737903 0.47301089
v -0.30771635 -0.14458371 0.55487058
v -0.30776955 -0.16882606 0.65441531
v -0.30776856 -0.17202655 0.68320963
v -0.30766857 -0.15814740 0.79131050
v -0.30918401 -0.16133356 0.82326618
v -0.25539773 -0.17517898 -0.99107123
v -0.30748431 -0.15448149 0.52508532
v -0.30758416 -0.15421930 0.58645437
v -0.30771566 -0.15740530 0.73846740
v -0.30742039 -0.09146863 0.78333388
v -0.30821721 -0.14530471 0.81036042
v -0.30809634 -0.15881841 0.47276891
v -0.30760518 -0.12019523 0.77162332
v -0.30772024 -0.11904865 0.67856390
v -0.30704358 -0.09659637 0.51224710
v -0.30741162 -0.09941238 0.58799698
v -0.30764814 -0.13262937 0.62398927
v -0.30754768 -0.07003607 0.64557253
v -0.30770300 -0.08619450 0.66709639
v -0.30716966 -0.05950737 0.54728574
v -0.30748711 -0.07330029 0.62863161
v -0.30731024 -0.05975443 0.73682451
v -0.30760666 -0.05918814 0.67675525
v -0.30741795 -0.05578438 0.76125306
v -0.31023710 -0.05109092 0.58546326
v -0.31006657 -0.05072121 0.71161083
v -0.28817268 0.09314307 0.42508149
v -0.27579323 0.09027695 0.48858077
v -0.34106403 0.08584800 0.47876618
v -0.31945710 0.10655327 -0.89654573
v -0.33832327 0.14773067 0.33307199
v -0.35528867 0.19901723 -0.77472739
v -0.31674046 0.21916238 0.27817694
v -0.28603682 0.32893131 -0.76204911
v -0.35363970 0.34715065 -0.55092896
v -0.34076222 0.35507395 -0.61190293
v -0.33043856 0.36412349 -0.03797607
v -0.31209703 0.36757441 -0.21476201
v -0.34919360 -0.23458280 -0.97019196
v -0.26549553 -0.20652389 -0.95712568
v -0.31521917 -0.17628399 0.99161519
v -0.28308703 -0.09207825 0.98835427
v -0.35776769 -0.10819265 -0.94778649
v -0.29539758 0.06176625 0.79551299
v -0.29448704 0.10057745 0.39165619
v -0.28945921 0.24834827 -0.76625528
v -0.29742788 0.33700369 -0.76425846
v -0.33219821 0.34862949 0.15487958
v -0.30781663 -0.28898830 0.45924501
v -0.26379853 -0.27937291 0.18126734
v -0.24602980 -0.26668563 -0.59363411
v -0.32464287 -0.25019095 -0.85178865
v -0.26077990 -0.18988003 0.97065933
v -0.31293827 0.32455884 0.17842779
v -0.28232491 0.35319442 -0.53408395
v -0.28013439 0.36377294 -0.76664290
v -0.33059250 0.36471463 -0.65944448
v -0.27697996 0.37014305 -0.28762273
v -0.28426189 0.37034796 -0.24333346
v -0.30681365 -0.28183312 0.73576761
v -0.27015777 -0.27971651 0.82877825
v -0.27118660 -0.27368861 -0.08236579
v -0.25157821 -0.10617386 -0.94780086
v -0.24344575 -0.03491544 0.93222340
v -0.31547575 0.08441366 -0.92075061
v -0.27346332 0.20427794 -0.81554947
v -0.27860947 0.23080566 -0.78850915
v -0.30994650 0.23231201 0.26894397
v -0.30823455 0.25571407 0.24678088
v -0.31171121 0.35479558 -0.50201808
v -0.25023345 -0.28900092 0.53185455
v -0.22074211 -0.27899224 0.82499398
v -0.21222834 -0.27454725 -0.45051291
v -0.25207318 -0.27481423 -0.42769410
v -0.31418345 -0.23209322 -0.96831600
v -0.24283180 -0.08182264 0.97939656
v -0.25827109 0.01681408 -0.92411071
v -0.27629061 0.13244710 -0.87662518
v -0.25895239 0.15372302 -0.85765058
v -0.24282693 0.35341602 0.14875931
v -0.28246656 -0.28091585 0.25047891
v -0.24836503 -0.28562106 0.63226230
v -0.22361965 -0.28298749 0.70859691
v -0.23188408 -0.28465011 0.94165400
v -0.27026380 -0.26401581 -0.88692700
v -0.28186128 -0.26152223 -0.68658365
v -0.30417446 -0.25126437 -0.85433549
v -0.29186584 0.05131403 0.85555217
v -0.27029107 0.15800203 0.33419389
v -0.29847350 0.15121577 -0.85361261
v -0.29486260 0.29496965 0.20877215
v -0.25861366 0.35201291 -0.57304808
v -0.20364311 0.36448438 -0.67288071
v -0.21280079 0.37356168 -0.07509314
v -0.25214429 0.09074467 0.51790384
v -0.19606653 0.08696497 0.65873823
v -0.26889950 0.11613285 -0.89229475
v -0.26283601 0.22757713 0.27210431
v -0.26340747 0.32784414 -0.70938944
v -0.19922071 0.35446672 -0.61686819
v -0.23236868 0.36456447 -0.74733512
v -0.26320000 0.36700986 -0.02501254
v -0.23997850 -0.27055753 -0.32483631
v -0.22186954 -0.18240511 0.98343614
v -0.23846816 0.02002797 -0.92507151
v -0.26093851 0.07248052 0.74653154
v -0.24614465 0.08002797 0.68525145
v -0.19990434 0.10355138 0.39583333
v -0.26673822 0.19691134 -0.82494049
v -0.23544262 0.24560593 -0.78234291
v -0.21597372 -0.26382025 -0.88912643
v -0.23378141 -0.25521022 -0.96848948
v -0.27019919 -0.25779473 -0.73892219
v -0.25227471 -0.23836174 0.93930404
v -0.24682462 -0.18573666 0.93934940
v -0.21283089 -0.10899723 -0.95262022
v -0.25091937 -0.08435257 0.98609772
v -0.19437180 0.04509403 -0.94105513
v -0.22829896 0.06329260 0.80644073
v -0.20965226 0.05415983 0.85724863
v -0.22132998 0.09412526 0.48731085
v -0.24271889 0.36642118 -0.40854213
v -0.23636895 0.37223165 -0.30948209
v -0.19213796 0.37220428 -0.04014008
v -0.19559047 -0.28836693 0.46957941
v -0.22029546 -0.28107943 0.25603450
v -0.23292007 -0.28298724 0.32244727
v -0.28361449 -0.27684507 0.03815376
v -0.06900992 -0.26401670 -0.96673715
v -0.17424975 -0.17860824 0.98869503
v -0.24694501 0.00010594 0.90636833
v -0.19741664 0.09327544 -0.91548593
v -0.24237193 0.08982853 0.56598473
v -0.22319735 0.14068964 -0.86991246
v -0.25612903 0.14455866 0.37449920
v -0.23249333 0.16604831 0.32598549
v -0.19811610 0.34197923 -0.77084247
v -0.19515509 0.35186386 -0.61213560
v -0.23839506 0.35754191 0.09910816
v -0.30220945 0.35936241 -0.45708625
v -0.22726630 0.37034328 -0.35720293
v -0.17502439 0.37989579 -0.26830423
v -0.22693243 0.37364583 -0.14116143
v -0.22910799 -0.28630436 0.97749385
v -0.17743673 -0.25520261 -0.77049281
v -0.22920963 -0.25529889 -0.76805186
v -0.25329127 -0.20655413 -0.95729808
v -0.22854829 -0.01532143 0.90755754
v -0.21766919 0.07837028 0.72575990
v -0.17604618 0.09184677 0.62529320
v -0.23741093 0.11646617 0.37312589
v -0.29838492 0.14572013 0.34753396
v -0.30144430 0.18768385 0.31057181
v -0.23396024 0.25019869 0.24857403
v -0.25630334 0.24277994 -0.78563405
v -0.26183314 0.32079312 -0.70815490
v -0.18581123 0.37036513 -0.41842198
v -0.23767817 -0.26979052 -0.22712023
v -0.18534333 -0.27570168 -0.00161455
v -0.22646854 -0.18363772 -0.98775905
v -0.22698875 -0.09274219 -0.94295636
v -0.22423597 -0.08121386 0.92739557
v -0.23970919 0.01411670 0.89324956
v -0.22500079 0.05823008 -0.94330415
v -0.23540214 0.14760192 0.34182973
v -0.23643547 0.31225218 -0.71914495
v -0.18032817 0.28347307 0.21661159
v -0.20895849 0.32538965 0.17747863
v -0.22787360 0.32576655 0.17734282
v -0.24652343 0.34436824 0.16444104
v -0.16154124 0.35296606 -0.61393295
v -0.17797443 0.35958153 -0.53040969
v -0.21322684 0.36556930 0.02474658
v -0.23848910 0.36433857 0.02308511
v -0.17748485 0.37827794 -0.17298984
v -0.18132371 0.37602723 -0.10473402
v -0.13757806 -0.28882430 0.52402767
v -0.20415342 -0.27892332 0.98596884
v -0.18765886 -0.27390414 -0.07079514
v -0.22984582 -0.13191481 0.97960402
v -0.24687349 0.01619459 -0.92408359
v -0.25566004 0.03290575 0.88219025
v -0.20139765 0.07174370 0.77541088
v -0.19542325 0.08894148 0.63794958
v -0.19712393 0.09380652 0.57030314
v -0.21483331 0.32625144 0.17688550
v -0.19951277 0.36077773 0.08062825
v -0.19258150 0.37402906 -0.34739923
v -0.19587440 0.37611756 -0.30755977
v -0.14837093 -0.27105050 -0.34081528
v -0.21382694 -0.25861575 -0.72512000
v -0.30425439 -0.25214918 -0.81178289
v -0.21819432 -0.23893720 0.94924762
v -0.21841316 -0.21179624 0.96020379
v -0.17956685 -0.11617269 0.98779625
v -0.19594520 0.07984815 0.72739102
v -0.17700681 0.10039499 0.41062715
v -0.19616383 0.12812873 -0.88245195
v -0.18637613 0.15870551 0.37520738
v -0.24247029 0.21026699 -0.81286219
v -0.20907402 0.20403023 0.28860549
v -0.16541469 0.32901378 -0.71709451
v -0.20109385 0.35604756 0.12531539
v -0.19615592 0.36513762 -0.47098267
v -0.21951566 0.36991476 -0.37693985
v -0.19244566 0.37656159 -0.15238067
v -0.18117504 0.37491927 -0.06734765
v -0.18963254 -0.28478007 0.38430441
v -0.19572568 -0.26987024 -0.53613924
v -0.20041659 -0.26944505 -0.27403693
v -0.18011015 -0.24514953 0.98767372
v -0.21904651 -0.22431349 -0.96283997
v -0.21829720 -0.21404900 -0.95250068
v -0.18105904 -0.10611202 -0.94760981
v -0.18421138 -0.06811432 -0.93853911
v -0.21002592 0.07007947 -0.93987294
v -0.17607150 0.09947312 0.43375886
v -0.16269749 0.12879201 0.36102273
v -0.18539637 0.25814235 -0.76800375
v -0.17486134 0.26872946 0.22962828
v -0.23346192 0.36373784 -0.64827384
v -0.21604313 -0.27921691 0.83520278
v -0.10874136 -0.27089537 -0.17948473
v -0.18568111 -0.11177612 -0.98903055
v -0.16489082 -0.10915871 -0.95488749
v -0.20380807 -0.08218490 0.97901565
v -0.14392364 0.06283500 0.82270187
v -0.18770541 0.08425261 0.69307645
v -0.18144013 0.36919345 0.00334082
v -0.16442233 0.38109019 -0.24753780
v -0.15182829 -0.28788169 0.56012461
v -0.14547257 -0.28271265 0.71700442
v -0.21192401 -0.27917053 0.81762867
v -0.16536047 -0.27479672 -0.42851387
v -0.13293396 -0.27744152 0.09248793
v -0.22017772 -0.26388875 -0.64081367
v -0.09335573 -0.27040000 -0.32507851
v -0.11810289 -0.08191681 0.97988453
v -0.17564930 0.04965960 0.87251229
v -0.17168942 0.09415117 -0.91536126
v -0.20415113 0.13878590 0.35070424
v -0.16804653 0.17416540 -0.83440137
v -0.21020945 0.33249910 0.17341972
v -0.20407187 0.35427882 0.14475864
v -0.16477487 0.36394618 -0.64737630
v -0.16668552 0.37401204 -0.05053918
v -0.16029137 0.37863291 -0.17208726
v -0.15247412 0.37563367 -0.06905928
v -0.18179321 -0.28810022 0.46520602
v -0.18565952 -0.25285571 -0.80179302
v -0.16932445 -0.12448255 -0.99510131
v -0.18567235 -0.10392938 -0.94532754
v -0.15376529 -0.04471275 0.91742685
v -0.13393415 -0.04022444 -0.93300631
v -0.19011988 0.07419651 0.76730839
v -0.17832781 0.09811884 0.47854084
v -0.17623448 0.32429579 0.17805424
v -0.12988873 0.35596923 -0.58601535
v -0.15083285 0.36918726 0.01132990
v -0.13301095 -0.28854586 0.48041354
v -0.15192285 -0.27130168 -0.16639239
v -0.15078856 -0.27593961 0.00998153
v -0.17218529 -0.24353139 0.96241360
v -0.08230561 -0.21640123 -0.95267660
v -0.11540342 -0.10618561 -0.94624393
v -0.15160209 -0.03651510 -0.93267316
v -0.09891248 0.06025081 0.86020371
v -0.13243161 0.06978027 0.77375377
v -0.13898286 0.10092205 0.50631671
v -0.10375794 0.13549261 0.36997080
v -0.13946495 0.19600163 0.29538982
v -0.15646159 0.27017580 -0.75415226
v -0.21034700 0.36398682 -0.76126996
v -0.11778955 0.36254527 -0.51654941
v -0.17013108 0.36733900 -0.46303038
v -0.13596446 0.36484931 0.05346324
v -0.15426902 0.37653132 -0.10648440
v -0.11355287 -0.28078198 0.24231029
v -0.12726654 -0.27868247 0.82858477
v -0.18074026 -0.26952880 -0.24408013
v -0.16448621 0.05399010 -0.94315488
v -0.14543790 0.07919414 0.73305888
v -0.14505465 0.09643247 0.59331086
v -0.13999132 0.10257846 0.41683489
v -0.10318688 0.32358116 0.17850096
v -0.17617839 0.36192883 0.07612923
v -0.18014542 -0.28584691 0.41621093
v -0.07264995 -0.28841219 0.53844431
v -0.13439191 -0.27076974 -0.51965142
v -0.19525191 -0.25073933 -0.85927283
v -0.11482790 -0.23979799 0.95433858
v -0.11837825 0.18282338 -0.82414645
v -0.19182624 0.21446400 0.27845052
v -0.10780444 0.36410623 -0.72552503
v -0.12595477 0.36425896 -0.66561948
v -0.17382832 0.37003965 -0.43722643
v -0.17132827 0.37662404 -0.32803903
v -0.15903566 0.38103988 -0.25257849
v -0.17857920 -0.26977200 -0.22545040
v -0.17802335 -0.26311140 -0.88691912
v -0.19884048 -0.22020882 0.95703952
v -0.16872247 -0.18137908 -0.99473443
v -0.16289141 -0.14752709 0.98130214
v -0.16530933 -0.06835123 0.92251495
v -0.14366591 0.07504624 0.75598825
v -0.14134613 0.08551013 0.67534790
v -0.12886321 0.08138846 0.65130657
v -0.14662611 0.09920220 0.54529012
v -0.13754693 0.13702672 0.35921515
v -0.14334072 0.20093487 -0.81058689
v -0.11254659 0.33713370 0.17176842
v -0.03472817 0.36397222 -0.74894651
v -0.14313816 0.35777729 0.11558957
v -0.14326281 0.36977299 -0.44698575
v -0.09977032 0.37213674 -0.42758976
v -0.10119570 0.38173274 -0.25833006
v -0.09974162 -0.28528706 0.39634775
v -0.10379429 -0.27508873 -0.02175938
v -0.12119610 -0.27842604 0.14541984
v -0.11068431 -0.27053916 -0.52491146
v -0.15515755 -0.11319341 -0.99317464
v -0.13068810 0.07848878 0.67005248
v -0.11083011 0.09889413 0.55159685
v -0.08491668 0.11965146 -0.89170270
v -0.16032759 0.14530580 0.34339037
v -0.20623819 0.15147541 -0.85810753
v -0.15030297 0.31632578 -0.71191406
v -0.13778628 0.28677591 0.21276815
v -0.11601516 0.32960998 -0.76551858
v -0.14552703 0.37403814 -0.38120535
v -0.09256925 0.37792271 -0.13885132
v -0.05615615 0.38315613 -0.24258884
v -0.09509797 -0.28201940 0.73870884
v -0.12504648 -0.28530329 0.98437451
v -0.17058114 -0.27936190 0.18782109
v -0.11789059 -0.25985731 -0.71001365
v -0.14739594 -0.19439686 0.96828085
v -0.17657323 0.01997385 -0.92526337
v -0.11644147 0.09506342 0.59818253
v -0.12434191 0.11307713 0.37978655
v -0.10576665 0.27975602 -0.74114572
v -0.12854422 0.25719792 0.23936280
v -0.09765133 -0.28816175 0.46032587
v -0.06617703 -0.28626064 0.60566273
v -0.09538092 -0.28236087 0.91292890
v -0.04600962 -0.22987211 -0.96810778
v -0.07334151 -0.19542399 0.96730828
v -0.11733890 0.16759180 -0.83883087
v -0.11396887 0.16898833 -0.83726656
v -0.11396887 0.16916510 -0.83708173
v -0.08735785 0.32887445 -0.71381031
v -0.02496012 0.36375706 -0.68993827
v -0.06498278 0.37960165 -0.17348342
v -0.08587206 -0.28387061 0.35113930
v -0.06394220 -0.27267413 -0.47182289
v -0.10288814 -0.27281874 -0.39084247
v -0.07098261 -0.27631197 0.02814931
v -0.11594041 -0.17850141 -0.99818107
v -0.18117415 -0.08143757 0.93227954
v -0.13031282 0.05854661 0.75604605
v -0.11508799 0.06003122 -0.94486633
v -0.10999197 0.10355673 0.41872175
v -0.10618103 0.16898833 -0.83708173
v -0.10610895 0.16898677 -0.83708173
v -0.10610895 0.16898833 -0.83708006
v -0.08494926 0.37146290 -0.00462085
v -0.06323738 -0.27966140 0.20086608
v -0.06263936 -0.26594800 -0.59981954
v -0.12330153 -0.25511417 -0.96879552
v -0.10957521 -0.25072339 -0.85239213
v -0.09192461 -0.25393592 -0.78706772
v -0.15439679 -0.08430874 0.98690190
v -0.05190409 -0.08378694 0.98866226
v -0.10763178 0.05003839 0.87266561
v -0.06413459 0.06625737 0.79239890
v -0.08425572 0.06268856 0.84832418
v -0.09824903 0.16872412 -0.83708173
v -0.11639473 0.24808410 -0.76766313
v -0.09005339 0.31831736 -0.71136303
v -0.06423394 0.35868895 0.11376212
v -0.13214434 0.37085396 -0.43869561
v -0.08201971 0.36477111 0.05928712
v -0.11459034 0.37317261 -0.40437823
v -0.06416885 -0.27473371 -0.43770529
v -0.03860236 -0.18147447 0.98773791
v -0.08779773 -0.14047731 0.97649404
v -0.06340214 -0.02195732 -0.93048911
v -0.09294448 0.30582136 0.19421431
v -0.03158229 0.36352143 -0.64254310
v -0.08343822 0.37941966 -0.29586231
v -0.07882729 0.38069949 -0.20166741
v -0.03102505 -0.27187657 -0.14300619
v -0.06634522 -0.26038223 -0.69852238
v -0.11946757 -0.20703146 -0.95789610
v -0.07124992 -0.15437605 0.98827818
v -0.08574023 -0.02724843 0.90982105
v -0.03293004 0.02245405 -0.92502169
v -0.11213319 0.04308498 -0.93980377
v -0.09748185 0.08277491 -0.92849255
v -0.06459999 0.13498200 0.36283372
v -0.09860683 0.16041388 -0.84666916
v -0.08681489 0.19925234 0.29218871
v -0.08423835 0.35329819 -0.61369360
v -0.04599246 0.37565007 -0.37081615
v -0.00628596 -0.25066773 -0.85988893
v -0.02967301 0.03816177 0.88218619
v -0.00236910 0.10395953 0.45365721
v -0.06716757 0.13862672 -0.87303634
v -0.09119694 0.11157731 0.39690989
v -0.07582045 0.12860914 0.37912667
v -0.11542820 0.13130079 0.39247274
v -0.05511021 0.17690871 -0.82683101
v -0.06819193 0.15530144 0.33440620
v -0.05644165 0.27217907 -0.74675418
v -0.07642886 0.30856886 -0.71699116
v -0.05908376 0.31832056 -0.71119834
v -0.06083695 0.37372844 -0.02738766
v -0.05507427 0.37592848 -0.05908539
v -0.01138308 0.38337439 -0.23682451
v -0.09590929 -0.28822893 0.47071372
v -0.08468415 -0.26367705 -0.64536046
v -0.08771001 -0.25177249 -0.83013649
v -0.04966411 -0.11260828 -0.99127595
v -0.04830507 -0.05358014 -0.93628129
v -0.06103320 -0.06514595 0.92078110
v -0.05643706 0.09773857 0.57821552
v -0.06680934 0.19256809 0.29871434
v -0.06964179 0.21019787 0.28194363
v -0.06932875 0.24303477 -0.77051982
v -0.05237000 0.32585701 -0.71289161
v -0.01181191 -0.28523815 0.63885412
v -0.03553662 -0.27918294 0.82951377
v -0.10386140 -0.26945658 -0.23719572
v -0.05862283 -0.24381324 0.98974934
v -0.13184648 0.02350582 0.88815396
v -0.00386954 0.06366850 0.85044122
v -0.03065432 0.16680063 -0.83644937
v -0.09486897 0.24202171 0.25257943
v -0.05894941 0.31832683 -0.71119779
v -0.02887016 0.32583665 -0.71293096
v -0.07378839 0.35455548 0.14823429
v -0.00124729 0.36379137 -0.65209253
v -0.06311260 0.37224817 -0.43345244
v 0.00737227 0.38291024 -0.25450373
v -0.05174829 -0.27925144 0.18056900
v -0.02641960 -0.28461492 0.98213924
v -0.05230277 -0.27486143 -0.42877326
v -0.05168577 -0.26481867 -0.96249577
v -0.04187212 -0.19594602 -0.97271561
v -0.05150108 0.05721374 0.86855121
v -0.07614090 0.08498418 0.63266155
v -0.04178672 0.15979950 0.33059277
v -0.00668219 0.19824217 0.29318660
v -0.05108950 0.31806779 -0.71132296
v -0.05108950 0.31832683 -0.71118963
v -0.03243819 0.32898111 -0.76395571
v -0.02841495 0.34935829 0.15898834
v -0.04872223 0.36373629 -0.51573270
v -0.01109814 0.37156217 -0.44589408
v -0.04915361 0.37517006 -0.37880053
v -0.00809380 -0.28206179 0.74284684
v 0.02068409 -0.27638239 0.02253761
v -0.05004153 -0.26968086 -0.28971093
v -0.01896785 -0.25944888 -0.71060027
v -0.05998533 -0.19293091 0.96975106
v -0.11124449 -0.11764855 -0.99295081
v -0.04726053 -0.01569280 0.90576194
v -0.05651779 0.05848340 0.75805929
v -0.04322957 0.31809944 -0.71132296
v -0.04322957 0.31832683 -0.71120685
v -0.08096546 0.35156052 -0.77155097
v 0.00579752 0.37792077 -0.13723630
v 0.03784413 -0.28809735 0.48891552
v -0.03057329 -0.28213219 0.29112083
v -0.03280230 -0.26364529 -0.88958195
v 0.00930433 -0.26310339 -0.88745405
v -0.01589063 -0.25851214 -0.72447726
v -0.04493017 -0.20236034 0.96488385
v -0.06887904 0.00754974 -0.92631336
v -0.04423278 0.00151463 0.89830741
v -0.09894221 0.09456581 0.59788545
v -0.04437914 0.15039199 0.36340874
v -0.04617495 0.22321223 0.26983703
v -0.06530235 0.23493725 -0.77714132
v -0.06733225 0.26357490 0.23200134
v -0.03536965 0.31811792 -0.71132296
v -0.03536965 0.31832683 -0.71121627
v -0.00022099 0.35410273 -0.61389571
v -0.02502957 0.38020585 -0.18312003
v 0.01737934 0.37633202 -0.09948698
v -0.02521098 0.37560877 -0.05590417
v -0.07456307 -0.28287103 0.98970200
v -0.06101116 -0.27422696 -0.05710505
v -0.02703703 -0.28003510 0.99048418
v -0.00047709 -0.26960138 -0.28333206
v 0.07937275 -0.24421075 0.99046521
v 0.03642491 -0.07019678 -0.93943950
v -0.05139724 0.10776664 0.39777851
v -0.04128586 0.27863399 0.21741819
v -0.02750973 0.31814587 -0.71132296
v -0.02651861 0.31830943 -0.71122849
v -0.03881165 0.32972842 -0.72084008
v -0.00087527 0.35723351 -0.59017027
v -0.00801365 0.36553854 0.05302183
v 0.00808068 0.37475832 -0.38640065
v 0.05616632 -0.28868249 0.53112367
v -0.00584000 -0.27159745 -0.35535722
v -0.01695881 -0.25305861 -0.79967598
v -0.06624197 -0.11338278 0.98846048
v -0.08145797 -0.08127738 0.93106623
v -0.00553673 -0.08199152 0.97998689
v -0.00911962 -0.01990660 -0.93023539
v 0.03907460 0.05840106 0.75672989
v -0.01236681 0.23186107 -0.77979998
v -0.00458082 0.31831694 -0.71113710
v 0.01108611 0.35554780 0.14455342
v -0.03987683 0.36390372 -0.75804366
v 0.00398363 0.37998310 -0.29239964
v -0.04539625 -0.28537055 0.40109086
v 0.01372223 -0.28142432 0.76110066
v 0.02838389 -0.26385350 -0.96444384
v 0.02445937 -0.10432565 -0.94564382
v 0.04380784 -0.06732712 0.92181093
v 0.01525091 0.06500275 0.80324371
v -0.07443155 0.06888299 0.77271892
v 0.01161668 0.09608613 -0.91206571
v 0.02021625 0.22378527 -0.78636673
v -0.02741062 0.25560572 0.23894637
v -0.08147288 0.32193509 0.17889052
v 0.03961704 0.36383283 -0.71554707
v 0.06240175 0.37574036 -0.06014969
v -0.01294553 0.37400836 -0.02955899
v 0.04276788 -0.28389542 0.94777812
v 0.03221450 -0.25428371 -0.78117291
v -0.00454311 -0.26192456 -0.66960420
v 0.18297168 -0.22967066 -0.96829635
v 0.04123084 -0.07854545 0.92979105
v 0.07689067 -0.08118475 0.93343455
v 0.01141442 -0.03255753 -0.93228617
v -0.08664387 0.07363068 0.70849427
v 0.00016714 0.10242293 0.50029885
v -0.05446946 0.14451762 -0.86595451
v 0.02452236 0.14559459 0.35018855
v 0.00555618 0.27392232 0.22163006
v -0.02008809 0.30686119 -0.71802865
v 0.01679237 0.31573120 0.18383580
v -0.08208182 -0.26412585 -0.93270554
v 0.00556968 -0.19274980 0.97125450
v 0.00803043 0.12755486 -0.88154079
v 0.04748775 0.14680553 -0.85901430
v 0.01188578 0.31831185 -0.71114707
v -0.00021299 0.31966848 -0.71133459
v -0.02462969 0.33600655 0.17337559
v 0.14510129 0.35044158 -0.77192855
v 0.02698538 0.36785143 -0.47610289
v -0.00669829 -0.27974518 0.19857991
v 0.01055939 -0.26981845 -0.22133625
v -0.00147762 -0.27431356 -0.05525511
v 0.06588360 -0.26927860 -0.25645167
v 0.00788824 -0.20847710 -0.95684763
v 0.02077690 0.05477536 0.87080772
v -0.00781213 0.09850865 0.57653611
v 0.04194721 0.30782516 -0.71706652
v 0.01178988 0.31832683 -0.71114522
v 0.01178988 0.37430301 -0.03536965
v 0.03270189 -0.27916980 0.16588878
v 0.02934301 -0.28555177 0.40745718
v 0.04815646 -0.27221706 -0.48143599
v -0.05339130 -0.23909644 0.95427714
v 0.03245906 -0.21664533 -0.95260378
v 0.04664529 -0.11239861 0.98758719
v 0.05647561 -0.08432003 0.98817793
v -0.00436125 0.01501657 0.89266387
v 0.05227172 0.09052987 0.61678996
v 0.04139987 0.10222001 0.49621934
v 0.01811058 0.17824004 -0.82495977
v 0.01657781 0.23988034 0.25414474
v 0.01964981 0.31804535 -0.71132296
v 0.01964981 0.31832683 -0.71118158
v 0.06800165 0.32229175 0.17872784
v -0.01363799 0.35379293 0.15202301
v -0.01720035 0.36359566 -0.52069984
v -0.00301310 0.35868841 0.11654038
v 0.09791567 0.37234866 -0.42760707
v 0.03232059 -0.28223699 0.29272506
v 0.03363571 -0.27482682 -0.43555157
v 0.04515071 -0.27661839 0.03269231
v 0.00374655 -0.26398873 -0.63537736
v 0.13034294 -0.25126703 -0.83106193
v 0.06204041 -0.19512293 0.96729366
v 0.04692011 -0.08190931 0.96077978
v 0.03595197 0.07290966 -0.93861339
v 0.04343620 0.09707896 0.58826103
v 0.02750973 0.31811014 -0.71132296
v 0.02750973 0.31832683 -0.71121454
v 0.01211565 0.36348615 -0.64067704
v 0.03072002 0.36411174 0.06544682
v -0.00708779 0.37238426 -0.43586804
v 0.06304973 0.36754113 0.03210979
v 0.04676790 0.37344102 -0.02718591
v 0.07192695 -0.28421091 0.98438272
v 0.04091746 -0.27056017 -0.19161857
v 0.09871223 -0.18050337 -0.99299339
v -0.04671989 -0.14776949 0.98085939
v 0.08394362 0.06571112 0.79862780
v 0.12304627 0.07940899 0.66853227
v 0.04096754 0.09301186 -0.91525395
v 0.05927486 0.10287703 0.47262670
v 0.04090032 0.10558431 0.40626089
v -0.02838346 0.14514274 0.37068905
v 0.10439354 0.13790168 0.35577608
v 0.04289806 0.23619142 -0.77574558
v 0.04063539 0.26109443 0.23421148
v 0.03536965 0.31818521 -0.71132296
v 0.03536965 0.31832683 -0.71125257
v 0.01140867 0.32813776 -0.71379896
v 0.12365497 0.35492672 -0.59679173
v 0.05130846 0.36392961 -0.73467228
v 0.07038086 0.35878942 -0.56129187
v 0.13486091 0.36184106 -0.52040019
v 0.07238567 0.36530174 -0.49412110
v 0.02614074 0.37694276 -0.34590825
v 0.05832892 0.38051536 -0.19250648
v 0.00627830 0.37957129 -0.17269505
v 0.14293554 -0.28914321 0.49537938
v 0.06672958 -0.28784503 0.55569495
v 0.09719045 -0.26582234 -0.60546389
v 0.01706214 -0.25484689 -0.96897427
v 0.01509187 -0.25682291 -0.74675972
v 0.04801796 -0.15695796 0.98778577
v 0.05068227 -0.11932730 0.98637883
v 0.05053150 -0.11138741 -0.98696105
v 0.00331509 0.06415458 0.73108622
v 0.09671794 0.07383550 0.70694876
v 0.04153010 0.10200380 0.50114530
v 0.06132747 0.29629209 0.20211966
v 0.04322957 0.31818438 -0.71132296
v 0.04322957 0.31832683 -0.71125227
v -0.00744324 0.36086512 -0.63015858
v 0.06006715 0.36407679 -0.65928792
v 0.06988476 0.36910474 0.01669808
v 0.06278311 0.37809257 -0.32339468
v 0.09253177 -0.28250419 0.72726579
v 0.04927771 -0.27907583 0.83325492
v -0.00185565 -0.18058997 -0.99155384
v 0.15084686 -0.11692490 -0.99432871
v -0.00216663 0.02533525 -0.92649956
v 0.04977274 0.06330774 0.85234915
v 0.05031530 0.16471896 -0.83748118
v 0.07577608 0.20604723 -0.80144933
v 0.04358560 0.23730864 0.25672105
v 0.10554383 0.30871757 0.19158879
v 0.05108950 0.31829351 -0.71132296
v 0.05110849 0.31832650 -0.71130663
v 0.05606909 0.32988269 -0.72150359
v 0.10023313 0.37545254 -0.37012388
v 0.03709984 0.38106557 -0.20129035
v 0.00720533 -0.28747290 0.45565173
v 0.10893155 -0.27992653 0.85833839
v 0.04873619 -0.09831837 -0.94398586
v 0.12819676 0.06382926 0.82043111
v 0.07852793 0.09666321 0.59058800
v 0.07694095 0.15705167 0.33273657
v 0.03749868 0.26718564 -0.75086714
v 0.05455567 0.31041206 -0.71558763
v 0.13799776 0.36926963 0.00856259
v 0.10564537 0.37417160 -0.39276566
v 0.06947759 0.38011327 -0.28748545
v 0.11049772 -0.27371284 -0.07525367
v 0.10354960 -0.26437804 -0.96213471
v 0.06487097 -0.27195087 -0.36840238
v 0.02775655 -0.20714555 -0.95780186
v 0.07126348 -0.15957853 0.98961024
v 0.04878594 0.02807841 -0.92857753
v 0.05275720 0.22045179 0.27274678
v 0.11002179 0.36173603 -0.63402896
v 0.10232510 0.36385010 0.06498165
v 0.12363015 0.37791649 -0.14702973
v 0.09256121 -0.27902484 0.81481201
v 0.07585832 -0.26009298 -0.70374161
v 0.09660241 -0.25523961 -0.76889134
v 0.06779064 0.06152396 0.86171767
v 0.02924289 0.08402103 0.63797240
v 0.04532460 0.15788626 0.38220194
v 0.15465300 0.37059343 -0.44424108
v 0.05287180 0.37387847 -0.40076701
v 0.16279742 0.38071866 -0.26184913
v 0.16305987 -0.27500994 -0.43097865
v 0.12654857 -0.27051531 -0.19279559
v 0.11012656 -0.27599838 0.00878730
v 0.15970195 -0.20828264 0.96170344
v 0.08868264 -0.09833726 -0.94402429
v 0.05302421 -0.02202398 0.90814274
v 0.07994281 0.01883776 0.89006122
v 0.02816619 0.04868990 -0.94321994
v 0.12703313 0.07949266 0.68959214
v 0.10861523 0.10352034 0.41969821
v 0.08249195 0.12865295 0.36788568
v 0.08772644 0.13360960 -0.87474265
v 0.10040951 0.13066540 0.37020384
v 0.08250210 0.14410903 0.36011900
v 0.16419827 0.34072192 0.16790320
v 0.03215028 0.35758980 0.12346315
v 0.08791059 -0.27944949 0.17653930
v 0.12721325 -0.28486904 0.38325967
v 0.04761468 -0.27992810 0.20099488
v 0.04241494 -0.26355847 -0.88905958
v 0.07172346 -0.08190082 0.97953174
v 0.05188413 -0.03045470 -0.93181765
v 0.08683862 -0.04431920 0.91753528
v 0.17480803 0.04472175 -0.94110188
v 0.04496582 0.06892683 0.77242239
v 0.11028795 0.10124655 -0.90743762
v 0.12230873 0.08577664 0.63146162
v 0.08180539 0.19010234 0.30125475
v 0.08892091 0.25828342 0.23773207
v 0.08521152 0.31835953 0.18224518
v 0.05911388 0.32938072 -0.76441667
v 0.11701929 0.36427733 -0.65670088
v 0.08882131 -0.28375624 0.34494632
v 0.06650124 -0.27288722 -0.46749297
v 0.08771427 -0.27505527 -0.43186914
v 0.07854335 -0.26451278 -0.96305478
v 0.07954849 -0.27168394 -0.36489161
v 0.06320892 -0.25063791 -0.85948486
v 0.13257350 -0.24447990 0.98775407
v 0.12242414 0.05923015 0.75714268
v 0.13015627 0.10162612 0.46167758
v 0.05075243 0.13376595 -0.87443866
v 0.12067059 0.15562954 -0.84790958
v 0.08260304 0.18823308 0.30312138
v 0.11744498 0.21091869 -0.79951837
v 0.18718239 0.33049038 -0.76564227
v 0.11111543 0.36408211 -0.76037863
v 0.13357677 0.37977489 -0.19956421
v 0.15007322 0.37807030 -0.16210979
v 0.10575477 0.37606878 -0.08393003
v 0.07632858 -0.28537061 0.98893646
v 0.11486830 -0.27043848 -0.52346359
v 0.18346454 -0.25780227 -0.96821089
v 0.11701379 -0.23573042 0.95341492
v 0.12327940 -0.17587480 0.98906386
v 0.09668701 -0.10796874 -0.94982616
v 0.11286012 -0.06250651 0.92082013
v 0.10816402 -0.09912268 -0.94448866
v 0.12623471 0.07131231 0.77443534
v 0.07392533 0.29909562 -0.72442099
v 0.10845964 0.32061459 0.18093943
v 0.08645933 0.36359580 -0.64586222
v 0.15443905 0.35894729 -0.54388832
v 0.15369651 0.36358113 0.06133301
v 0.16573861 0.37536220 -0.07917713
v 0.16849571 -0.27975927 0.17794683
v 0.12446924 -0.28614158 0.41948850
v 0.10830114 -0.27168250 -0.15039300
v 0.12670618 -0.27349272 -0.08355108
v 0.18133277 -0.27726458 0.05430821
v 0.13924557 -0.26962769 -0.28449127
v 0.15872249 -0.20958237 -0.95428982
v 0.08156323 -0.13764309 0.97600460
v 0.21519484 -0.05593077 0.92070216
v 0.12868607 0.09704204 0.58244041
v 0.12643131 0.13492074 0.35579257
v 0.11408634 0.32618260 0.17684462
v 0.12639253 0.36375888 -0.50348263
v 0.14336742 0.37614799 -0.34544843
v 0.07869360 -0.24201760 0.95730451
v 0.15773580 -0.21622931 -0.95306102
v 0.07667019 -0.18538385 0.98177203
v 0.10810736 0.15185717 0.38424784
v 0.11347179 0.27583879 0.22229324
v 0.15679885 0.38045922 -0.26421516
v 0.18254350 -0.28000830 0.19228407
v 0.13623141 -0.12342487 0.97973872
v 0.16714169 -0.07843304 0.92942842
v 0.13025646 0.05109404 -0.94279439
v 0.13586273 0.07431852 0.76301729
v 0.12512078 0.08954423 0.61867329
v 0.14080422 0.09998039 0.50949744
v 0.14566734 0.18594672 0.30536563
v 0.12759746 0.30626474 -0.72011164
v 0.19360703 0.32361927 -0.71322034
v 0.12111418 0.33354814 0.17331556
v 0.10402783 0.35592115 0.13205222
v 0.12910939 0.36426457 -0.69978524
v 0.13360740 0.36780072 0.02292874
v 0.17877555 -0.28514757 0.39064707
v 0.09443994 -0.28383418 0.98965013
v 0.12870798 -0.25058903 -0.85694243
v 0.13742270 -0.19245771 0.97055834
v 0.17517960 -0.12017284 0.98650419
v 0.22409305 -0.08128523 0.92849016
v 0.13776525 0.09074764 0.65742796
v 0.14465437 0.09571883 0.59855117
v 0.13880548 0.09825358 0.55562056
v 0.19598741 0.10905005 0.39518389
v 0.13984263 0.12970173 0.38766209
v 0.11848517 0.26858905 -0.75237150
v 0.21039838 0.36381159 -0.76253443
v 0.12359214 0.38193495 -0.23847157
v 0.14293987 0.37947975 -0.19780524
v 0.16196320 -0.27906617 0.83506643
v 0.20311827 -0.26944809 -0.24800356
v 0.15563287 -0.07408768 0.92568793
v 0.04267520 0.02066244 -0.92498509
v 0.18392957 0.08398824 0.69121847
v 0.15522296 0.09788602 0.53948955
v 0.14620452 0.13750521 0.35483599
v 0.13173274 0.19565613 -0.81300806
v 0.16621857 0.29877159 0.20199947
v 0.19664612 0.32970016 -0.72938733
v 0.13834065 0.35300150 -0.61362357
v 0.14596097 0.36491078 -0.49179026
v 0.17609989 0.35748697 0.11269549
v 0.14804304 0.37363181 -0.38931305
v 0.15646949 0.37283510 -0.03973956
v 0.15359662 0.38082719 -0.24426053
v 0.20158897 -0.28903991 0.50276064
v 0.18934414 -0.28551797 0.62954726
v 0.18998923 -0.28610842 0.97773306
v 0.22683767 -0.27008215 -0.31542626
v 0.23617465 -0.25686525 -0.87225932
v 0.23810037 -0.25833101 -0.72829388
v 0.13639006 0.00006402 0.89818965
v 0.12078030 0.05919918 0.85854997
v 0.17588991 0.13765917 -0.87078134
v 0.18474307 0.32531108 0.17711391
v 0.19099233 0.35556447 0.12915119
v 0.15155495 0.36422759 -0.75810819
v 0.17058594 0.36997405 -0.44048475
v 0.18914469 0.36808387 0.00571977
v 0.15641746 -0.28854301 0.47544420
v 0.12934303 -0.25955490 -0.71296705
v 0.13021735 -0.18465515 -1.00126703
v 0.15486900 -0.16529822 0.98928415
v 0.13738692 -0.03279248 -0.93203094
v 0.15588282 0.16835022 -0.83743113
v 0.12514773 0.17837870 -0.82591840
v 0.15583728 0.37966495 -0.27364444
v 0.19077396 0.37448292 -0.07696329
v 0.20488697 -0.27895522 0.83483714
v 0.19079870 -0.27459015 -0.04859310
v 0.22271859 -0.25256921 -0.80113717
v 0.16622122 -0.17873360 -0.99274279
v 0.15720274 -0.18303569 0.98547437
v 0.24640465 -0.10808441 -0.94893734
v 0.21355858 0.09079485 0.58008041
v 0.13380244 0.10334487 0.41278579
v 0.16520424 0.13609412 0.38467364
v 0.20440120 0.35284779 -0.59321710
v 0.19491066 0.35811647 -0.53635391
v 0.18553439 0.36440929 0.04476204
v 0.15676481 0.37493470 -0.06459209
v 0.18389336 0.37578004 -0.12041552
v 0.22811533 -0.28238495 0.73424479
v 0.29575191 -0.27219563 -0.13610178
v 0.14039921 -0.27164755 -0.49969499
v 0.12211252 -0.08373856 0.98782690
v 0.19252753 -0.03018776 0.91139148
v 0.14100881 0.02710114 0.88614608
v 0.18968284 0.07462068 0.76099388
v 0.17322369 0.09428160 -0.91388779
v 0.16705929 0.20245883 0.28986979
v 0.17412396 0.26062624 -0.76501305
v 0.14768037 0.22598397 0.26826299
v 0.18685824 0.37214479 -0.37615188
v 0.30816275 -0.27444529 -0.46372522
v 0.18055185 -0.26388689 -0.96283530
v 0.19144599 -0.26832111 -0.55771804
v 0.20991263 -0.23846274 0.94886784
v 0.21071760 -0.10408421 -0.94567499
v 0.21165294 0.07931389 0.71852203
v 0.22410041 0.09251211 0.50800145
v 0.17603608 0.15416802 -0.85170509
v 0.23601372 0.25215577 -0.77735004
v 0.17603212 0.25646297 0.24091949
v 0.19447925 0.35403520 -0.61698826
v 0.16957580 0.36435294 -0.66136445
v 0.22689093 0.36335008 -0.64237219
v 0.19759731 0.37619594 -0.18025895
v 0.29409797 -0.28896828 0.53539749
v 0.29456385 -0.28341102 0.71344541
v 0.20391527 -0.26330870 -0.96360809
v 0.16094135 -0.26363029 -0.89266176
v 0.21685100 -0.25656784 -0.75131556
v 0.17109359 -0.14158842 0.98603731
v 0.19129389 -0.08413087 0.98579702
v 0.20948666 0.03104626 0.88430613
v 0.13371613 0.06410215 0.81757546
v 0.15431063 0.07351782 -0.93747349
v 0.17519472 0.18038388 -0.82845796
v 0.24026710 0.25123585 -0.77815981
v 0.19652922 0.36369250 -0.48411711
v 0.19707203 0.36531664 -0.46843265
v 0.19825147 0.37545724 -0.14068912
v 0.24406865 -0.28265426 0.29701042
v 0.20773993 -0.26383089 -0.96285163
v 0.19599638 -0.26442519 -0.95240097
v 0.21765535 -0.24428519 0.98347258
v 0.20835550 -0.25067657 -0.85314916
v 0.18223962 0.09866013 0.43250991
v 0.25963542 0.13631270 0.35494018
v 0.20930840 0.15099509 -0.85751428
v 0.23544905 0.19524777 0.29926565
v 0.19102577 0.36449626 -0.68576199
v 0.24840192 0.36160770 0.04289260
v 0.19008541 0.37455441 -0.33126698
v 0.20023078 0.37702717 -0.27220694
v 0.24494660 -0.27473154 -0.42101968
v 0.25815258 -0.27851191 0.10229123
v 0.23889255 -0.26223300 -0.88319094
v 0.27792809 -0.22869475 -0.96790910
v 0.19503803 -0.09117305 -0.94252738
v 0.22275849 -0.01681337 0.90635349
v 0.18354213 0.08824118 0.64790731
v 0.22192222 0.09408163 0.47262823
v 0.21347456 0.14928192 0.34280572
v 0.20313203 0.26473212 0.23435601
v 0.21293328 0.27214975 -0.75717930
v 0.24898466 -0.28626102 0.97517067
v 0.22564838 -0.27201937 -0.50229918
v 0.23344161 -0.27059095 -0.32674988
v 0.24409011 -0.25844480 -0.72725798
v 0.21863221 -0.19138475 0.94060283
v 0.26527449 -0.11489673 -0.99221125
v 0.22471584 0.32541493 0.17696005
v 0.28993278 0.34705239 0.16126164
v 0.14371299 0.34920960 0.15689507
v 0.26460727 0.36472616 -0.69273422
v 0.20426474 0.36444422 0.03627551
v 0.32851104 -0.28324426 0.31569065
v 0.21454864 -0.28684561 0.43347266
v 0.24630761 -0.26415007 -0.63714864
v 0.20884049 -0.19011757 0.97435141
v 0.23389767 -0.03833784 0.93385727
v 0.15555897 0.05355688 0.86662113
v 0.22400779 0.05422934 0.85280156
v 0.25571889 0.08720014 0.57854621
v 0.21017190 0.12326089 0.36761555
v 0.27575829 0.16012738 -0.85162801
v 0.27979015 0.25674855 0.24563623
v 0.24121779 0.35919702 0.07539246
v 0.25463817 0.36389205 -0.43897152
v 0.23455947 0.37116134 -0.32115848
v 0.28995478 0.36913600 -0.28175226
v 0.25990333 -0.25112014 -0.85518388
v 0.26098262 -0.18350493 -0.98746980
v 0.23016858 -0.17814821 0.98659191
v 0.25234588 -0.10466081 0.98896763
v 0.21831215 0.06550644 -0.94238592
v 0.28238524 0.07668409 0.68047494
v 0.20261468 0.31304826 -0.71860449
v 0.28331489 0.33057450 -0.76233256
v 0.26486772 0.37041055 -0.12847545
v 0.20542206 0.37377879 -0.08152883
v 0.30014236 -0.27930303 0.82490574
v 0.26550699 -0.26983993 -0.23039029
v 0.21422725 -0.26994970 -0.21867289
v 0.22374047 -0.26268550 -0.65866845
v 0.24355866 -0.18782080 0.94195527
v 0.23725331 -0.10083131 -0.94382429
v 0.25301828 -0.08002511 0.93330747
v 0.24281290 0.01934710 -0.92444050
v 0.23791100 0.05671878 0.83246456
v 0.24696720 0.35761031 -0.62452320
v 0.22781022 0.35129723 -0.60747900
v 0.28438224 0.36194840 -0.63484482
v 0.32049731 0.35930975 0.02470436
v 0.29853726 0.36850874 -0.25638251
v 0.27316819 -0.28010109 0.19018840
v 0.30869881 -0.28008518 0.83900298
v 0.24200478 -0.27514606 -0.02859499
v 0.26531902 -0.21416328 -0.95331867
v 0.24378147 -0.23804090 0.93798418
v 0.28642101 -0.20008990 -0.96470722
v 0.24239763 -0.08737070 0.98645942
v 0.33610051 0.01757931 -0.92413210
v 0.27748078 0.06043899 0.80484444
v 0.32311260 0.06841606 0.73393925
v 0.27791311 0.07937172 0.65332208
v 0.27937374 0.21400762 0.28473146
v 0.30863166 0.35398020 -0.51325805
v 0.22477443 0.35357721 0.14674938
v 0.23574021 0.37316097 -0.19700392
v 0.22655376 0.37282826 -0.10757246
v 0.27690574 -0.28524267 0.38442384
v 0.22754466 -0.27128000 0.98580209
v 0.31116181 -0.27394130 -0.07220308
v 0.28044959 -0.26396472 -0.88418609
v 0.30479922 -0.26522872 -0.62849355
v 0.27183222 -0.25567501 -0.77059892
v 0.25728198 -0.26002346 -0.70355423
v 0.25266922 -0.19001905 0.97218646
v 0.23232500 0.07497714 0.74097886
v 0.33290030 0.08297222 0.53539731
v 0.23727642 0.08756813 0.59716026
v 0.26074508 0.12509562 -0.88414110
v 0.25559611 0.20289231 -0.81847962
v 0.21428640 0.29369528 0.20795045
v 0.24709065 0.35661304 0.10525437
v 0.31013604 0.36527606 -0.70611661
v 0.27016880 0.36363008 -0.64906325
v 0.24845748 0.36659135 -0.39309298
v 0.28163276 -0.28548919 0.97182023
v 0.26058365 -0.24568035 0.98116672
v 0.25401275 -0.23891572 0.96307920
v 0.29065044 -0.18322364 0.98408966
v 0.31570182 -0.10456004 -0.94738996
v 0.22794745 0.09554282 0.43947244
v 0.26938048 0.18649411 0.31011095
v 0.25944246 0.32532358 -0.70545926
v 0.26795419 0.30699794 0.19605828
v 0.29360900 0.36336781 -0.76023911
v 0.30102133 0.36268781 -0.40548371
v 0.28154567 0.36743810 -0.34181104
v 0.24411387 0.37271845 -0.22403713
v 0.32285512 0.36555132 -0.05907254
v 0.30041061 -0.28846131 0.46797704
v 0.25424440 -0.28710341 0.59015180
v 0.29871500 -0.27946683 0.81933582
v 0.33918977 -0.09058927 0.98288855
v 0.28756865 0.04858321 0.85866719
v 0.24397547 0.06853743 -0.93954513
v 0.27784730 0.12785870 -0.88059589
v 0.30224430 0.35168775 -0.60769740
v 0.30921052 -0.28062509 0.21378298
v 0.30223514 -0.28491103 0.37653604
v 0.28668151 -0.28679046 0.60037700
v 0.31125131 -0.24994808 -0.84895502
v 0.30103176 -0.19156520 0.97555910
v 0.24570034 0.01595212 0.89752771
v 0.32777295 0.07481548 0.65853380
v 0.29811453 0.09496103 0.40581583
v 0.28103962 0.35367823 -0.76974506
v 0.32469787 0.35079389 -0.52250224
v 0.28519237 0.35488885 0.13999608
v 0.32192613 0.35627458 0.07009731
v 0.27055774 0.36559868 -0.02079804
v 0.28751427 -0.27915699 0.13556263
v 0.21327645 -0.26319941 -0.96677146
v 0.31163497 -0.26407475 -0.62803429
v 0.24753808 -0.08140183 0.97877749
v 0.33336512 0.05987392 0.79230699
v 0.31709986 0.36465351 -0.64528315
v 0.31615970 -0.27294517 -0.37720552
v 0.30245121 -0.25748213 -0.74833453
v 0.24675826 -0.02263302 -0.93180965
v 0.28254721 0.05501282 -0.94199587
v 0.33884979 0.22348153 -0.75902719
v 0.29390805 0.22952125 0.27216642
v 0.28469463 0.31185921 -0.70774261
v 0.27187814 0.26547043 0.23690571
v 0.31338906 0.32262534 0.17804110
v 0.29757414 0.36828493 -0.14486802
v 0.29968786 -0.27921936 0.73583962
v 0.29983603 -0.28756818 0.50576186
v 0.30010489 -0.27180857 0.74624488
v 0.30010637 -0.27891867 0.58619350
v 0.30006670 -0.20066636 0.47506138
v 0.30029677 -0.10885770 0.68287278
v 0.30162126 -0.15359482 0.99191501
v 0.30004161 -0.15620823 0.58340735
v 0.30036433 -0.17421762 0.82614752
v 0.30006491 -0.06709656 0.53012411
v 0.30042334 -0.13336304 0.81089324
v 0.30040169 -0.06807280 0.77791572
v 0.30458812 -0.04950473 0.54875117
v 0.30007790 -0.05611619 0.64337120
v 0.30252290 -0.05099753 0.66956714
v 0.30024065 -0.05630056 0.69606398
v 0.30256082 -0.05103093 0.65445681
v 0.30789557 -0.04756265 0.65936677
v 0.30612980 -0.04711654 0.73776616
v 0.30273035 -0.04803616 0.76274379
v 0.24343389 0.02643840 0.88762377
v 0.30984393 0.09719214 -0.90621957
v 0.30161014 0.36664251 -0.72005387
v 0.36685916 -0.27535426 -0.45735630
v 0.32065794 -0.27748593 0.05484957
v 0.31039965 -0.26989340 -0.29325799
v 0.34844779 -0.26962024 -0.25177238
v 0.31393169 -0.14732084 0.82022000
v 0.31227840 -0.13483065 0.48095113
v 0.35027224 0.08407030 0.49071670
v 0.30328110 0.12917136 -0.87353913
v 0.30466737 0.27119067 0.23025957
v 0.32661466 0.29864389 0.19052432
v 0.31973576 0.34267681 0.16204806
v 0.30729452 0.31620689 -0.69869883
v 0.34629817 0.34337276 -0.53172707
v 0.30241758 0.35715007 -0.48235364
v 0.31135101 0.36399084 -0.34648945
v 0.32509006 0.36311734 -0.21075541
v 0.30008227 0.36823919 -0.20703786
v 0.31742677 0.36558897 -0.14805516
v 0.35423441 -0.26556955 -0.87851649
v 0.31174280 -0.27322443 -0.46153796
v 0.31146461 -0.25404092 -0.75072734
v 0.31129530 -0.26850248 -0.54311914
v 0.33653449 -0.18755190 -0.97985040
v 0.31380780 -0.13587095 -0.46170718
v 0.30120832 -0.17245042 0.46873340
v 0.31204238 -0.17776293 -0.73180811
v 0.31270306 -0.13119288 -0.46305676
v 0.31213976 -0.22149663 -0.54024503
v 0.31225480 -0.17432002 -0.84239869
v 0.31271642 -0.12414700 -0.83679490
v 0.31226125 -0.17685764 -0.63965590
v 0.31228707 -0.12668650 -0.59414295
v 0.31301988 -0.04560105 -0.78616534
v 0.31262964 -0.08995214 -0.47608431
v 0.31269204 -0.03908429 -0.64722656
v 0.32063740 -0.03218780 -0.66149512
v 0.33888151 -0.00749933 0.91402748
v 0.29284645 0.08570044 -0.91993409
v 0.34330449 0.08785137 0.44311954
v 0.33286747 0.09304958 0.39827599
v 0.30993157 0.10727798 0.37814064
v 0.30713824 0.17648994 0.31768965
v 0.27566535 0.17024086 -0.84221913
v 0.31370321 0.18560612 -0.80582327
v 0.30684911 0.19840003 0.29685239
v 0.31051100 0.25479797 0.24433153
v 0.31754998 0.33649434 -0.70257670
v 0.31009710 0.33393173 -0.72035564
v 0.31594738 0.31389646 -0.68443637
v 0.31853069 0.35342393 0.13880770
v 0.32243582 0.35153986 -0.48400216
v 0.32704487 0.35194556 -0.45044814
v 0.31792200 0.36424482 -0.27041805
v 0.33189384 0.35988190 -0.22990715
v 0.32750656 0.36345972 -0.03495517
v 0.33523071 0.36150560 -0.03961508
v 0.31064284 -0.27816676 0.08529259
v 0.34470488 -0.28904036 0.46756984
v 0.35136506 -0.23904501 0.96992915
v 0.33403495 -0.24930691 -0.85726080
v 0.31434704 -0.22630288 -0.46180859
v 0.34802875 -0.17651005 0.46883812
v 0.35917843 -0.10916713 -0.94876566
v 0.32818283 -0.06078472 -0.93872367
v 0.31749492 -0.05557265 -0.49236259
v 0.31329496 -0.03623437 -0.51332607
v 0.23727975 0.05357036 0.85248328
v 0.32643402 0.08220698 0.56574872
v 0.31391063 0.09130929 0.42021833
v 0.37351449 0.12670790 -0.81949962
v 0.26851857 0.23991244 -0.78056511
v 0.34580701 0.20641813 -0.77048183
v 0.29097538 0.27820585 -0.73399136
v 0.32417534 0.26559279 -0.72980537
v 0.31311399 0.30959217 -0.69175463
v 0.33394312 0.36002920 -0.64405739
v 0.33678501 0.35215326 -0.61047911
v 0.33434673 0.35101890 -0.59341681
v 0.33662020 0.35317704 0.03682909
v 0.32749489 0.35690306 0.04591002
v 0.35441638 -0.28754735 0.45257592
v 0.42865239 -0.27979216 0.10841117
v 0.36027166 -0.27692989 0.01573747
v 0.33064810 -0.25429486 -0.49824132
v 0.34265644 -0.19062746 -0.46094682
v 0.33475189 -0.09456046 0.50444916
v 0.30060263 -0.06903068 0.78151095
v 0.31477134 -0.05136029 -0.79430209
v 0.34684061 -0.05070207 0.54476552
v 0.33716390 0.06670747 0.74212654
v 0.33598046 0.08204480 0.55545067
v 0.33067969 0.07848773 0.60724446
v 0.30877778 0.14792633 0.34733441
v 0.31313270 0.19913309 0.29415279
v 0.33803647 0.25183179 0.22874708
v 0.33345402 0.24341107 -0.74492714
v 0.31835128 0.28587494 -0.71608750
v 0.33346799 0.28202213 -0.65612105
v 0.33281062 0.30943678 -0.58094472
v 0.33312617 0.34057308 -0.51397757
v 0.33124937 0.34778307 0.14813042
v 0.34157204 0.34790032 -0.56673775
v 0.33024643 0.35640645 -0.33595979
v 0.33393010 0.35762647 -0.20042801
v 0.33399250 0.35756929 -0.20117036
v 0.33404669 0.35762647 -0.19310053
v 0.33404669 0.35763282 -0.19256809
v 0.33404669 0.35773537 -0.18470816
v 0.33559365 -0.35236771 -0.65157994
v 0.34974529 -0.37449057 0.57422533
v 0.33393421 -0.32323644 -0.55173424
v 0.33854127 -0.34379884 0.55923665
v 0.34272566 -0.35523098 0.70843244
v 0.33443407 -0.31946572 -0.74034984
v 0.34680825 -0.31336745 0.63850727
v 0.33896116 -0.32383047 -0.68249983
v 0.33493593 -0.29275168 0.52862560
v 0.33642790 -0.34565438 0.64319932
v 0.34711992 -0.31235327 -0.80686722
v 0.33339930 -0.29297001 -0.51390404
v 0.33619832 -0.28554373 -0.77809455
v 0.34546673 -0.25999456 -0.54989995
v 0.34849028 -0.27284520 -0.46854582
v 0.34085430 -0.27438043 0.72344744
v 0.34411092 -0.25775919 0.81683994
v 0.34097954 -0.29112076 -0.72903733
v 0.34845343 -0.27125434 -0.18179959
v 0.33708448 -0.24286412 0.50016519
v 0.34216803 -0.20046273 0.81774690
v 0.34094518 -0.24265994 -0.46740978
v 0.34797729 -0.27455802 -0.45584887
v 0.35493062 -0.23943016 0.96817733
v 0.31396559 -0.26914128 0.83341016
v 0.34094390 -0.19185616 -0.75221225
v 0.34006746 -0.13852190 0.78316532
v 0.34107539 -0.21140665 -0.82343894
v 0.33439255 -0.17534205 -0.51086246
v 0.34694538 -0.14552607 0.49529372
v 0.34016720 -0.09550534 -0.75458430
v 0.35865366 -0.18710153 0.97411040
v 0.34550778 -0.16231736 -0.46352996
v 0.33741633 -0.20533124 0.53052140
v 0.33449440 -0.12732264 0.57483095
v 0.34183021 -0.12747527 -0.46115051
v 0.34297439 -0.13679962 0.50832601
v 0.33679481 -0.09726181 0.67242483
v 0.33634145 -0.11413202 -0.61467923
v 0.34586576 -0.08488080 -0.53217989
v 0.33558343 -0.10910850 -0.72782596
v 0.34608143 -0.07717577 -0.54389741
v 0.33490543 -0.12358674 0.74239116
v 0.33624535 -0.09932702 0.62676782
v 0.31998030 -0.08098759 -0.81685475
v 0.34588545 -0.07484758 -0.73115728
v 0.34131535 -0.04027356 0.93427636
v 0.33499666 0.02345550 0.89073158
v 0.38637403 0.08497749 0.45676251
v 0.37172069 0.07646198 -0.91529985
v 0.34619827 0.20896594 0.26139825
v 0.34928135 0.26557848 -0.60911399
v 0.33717975 0.31457820 -0.39815053
v 0.33491904 0.32403727 -0.48795654
v 0.34262895 0.32461675 -0.18938478
v 0.33913616 0.31495052 -0.07952249
v 0.33966095 0.32887479 -0.51557849
v 0.33655598 0.33407014 -0.44866040
v 0.33953222 0.32747860 -0.43342238
v 0.34245721 0.33024576 -0.33969687
v 0.34314740 0.33746534 -0.25658029
v 0.34747665 0.33093074 0.12149289
v 0.33197613 0.34983636 -0.40713051
v 0.33690590 0.34976652 -0.27902722
v 0.33964214 0.34973656 -0.19627301
v 0.34643363 0.33125869 -0.14815267
v 0.34086270 0.34950686 -0.02665078
v 0.33405316 0.35762647 -0.19256809
v 0.33056589 0.36146696 -0.14347443
v 0.33641360 0.35632815 0.00248512
v 0.34385099 -0.38578455 -0.65470814
v 0.34936929 -0.38730736 0.65141497
v 0.35331434 -0.37031926 0.71580286
v 0.34747535 -0.37395522 -0.55890403
v 0.33717144 -0.29749321 0.75330114
v 0.34759302 -0.30862423 -0.48278798
v 0.34670887 -0.31153586 -0.66611722
v 0.34801736 -0.29413196 -0.58507174
v 0.34869946 -0.29030007 0.70115877
v 0.34918618 -0.28633293 -0.71526587
v 0.38094579 -0.28358617 0.30955682
v 0.39124755 -0.28239693 0.96615196
v 0.33363451 -0.23659062 -0.79624145
v 0.34837447 -0.21472594 0.74757552
v 0.34746517 -0.26563701 0.47752997
v 0.34404242 -0.21722304 -0.84289817
v 0.34666345 -0.21260626 0.82166696
v 0.34811771 -0.23816048 0.55411208
v 0.35047593 -0.17777996 -0.83753711
v 0.33904979 -0.15290595 -0.56292509
v 0.33728521 -0.17205033 0.99202005
v 0.31549089 -0.13276607 -0.84049304
v 0.35052000 -0.15893178 0.57765038
v 0.35688724 -0.12411661 -0.80091265
v 0.35366559 -0.12789277 0.63812825
v 0.33834813 -0.12673156 -0.68185921
v 0.33948063 -0.12789516 -0.49076801
v 0.34751377 -0.07811233 0.57033740
v 0.34668300 -0.07233159 0.72170196
v 0.35936394 -0.07931407 0.93271246
v 0.34671513 -0.05944113 -0.61482009
v 0.34985233 -0.05889882 0.67727473
v 0.35643095 -0.04899403 0.76755181
v 0.34609252 -0.04968912 0.62511981
v 0.36050645 0.11534970 -0.84758829
v 0.36904162 0.12205177 0.34755253
v 0.35534566 0.17002767 -0.79622630
v 0.34627236 0.25674941 -0.65608636
v 0.35363210 0.28733275 0.19493426
v 0.34924011 0.26506224 -0.51132416
v 0.34500416 0.28524351 -0.18558647
v 0.34988862 0.26895084 -0.05465373
v 0.35012929 0.26858003 -0.00967792
v 0.35003398 0.27236555 -0.57982331
v 0.34569375 0.28406814 -0.06458891
v 0.34660119 0.28016060 -0.41075206
v 0.33810058 0.31557310 -0.24977367
v 0.34781368 0.29276384 -0.51889908
v 0.34449332 0.29172646 0.11648218
v 0.34223027 0.30349497 0.11133202
v 0.34648729 0.30003950 -0.51669259
v 0.34670189 0.31244633 0.17075503
v 0.35549879 0.31026629 0.13153731
v 0.34422452 0.33876177 -0.24167126
v 0.34834084 0.32687922 0.03096464
v 0.34912726 0.32695310 -0.23920797
v 0.34347973 0.34312644 -0.19404975
v 0.34802948 0.32607276 -0.00461736
v 0.35100125 -0.39178181 -0.64366427
v 0.35582594 -0.33649076 0.77307964
v 0.34619580 -0.28956883 0.58761002
v 0.35892984 -0.27563147 0.81551717
v 0.40581621 -0.23649076 -0.96743786
v 0.37481141 -0.17761268 -0.98535736
v 0.38243150 -0.15206936 0.48336137
v 0.34853254 -0.13165871 -0.65320567
v 0.36168609 -0.09507884 -0.47184595
v 0.35045024 -0.07863432 0.74585485
v 0.39245470 -0.03756283 -0.60951077
v 0.38144762 -0.03809521 -0.51832806
v 0.38093786 0.04929900 0.85083891
v 0.37710347 0.03054659 0.87665320
v 0.38006191 0.08089166 0.52340254
v 0.38320990 0.07932543 0.55759924
v 0.38039883 0.07749147 0.58523324
v 0.34702620 0.23584729 -0.69997780
v 0.35428096 0.25296965 -0.08715947
v 0.35390007 0.25428031 0.06489087
v 0.35160738 0.24678911 -0.65207828
v 0.35808615 0.24577226 -0.60483743
v 0.35762647 0.24758755 -0.54051107
v 0.35777265 0.23640673 -0.54065063
v 0.35762647 0.25528893 -0.53840464
v 0.35762647 0.25544748 -0.53836566
v 0.35293168 0.25544748 -0.53054476
v 0.36393369 0.21360175 -0.55596805
v 0.35466327 0.24611769 -0.31994619
v 0.35056720 0.26066832 -0.26122943
v 0.35763492 0.23914108 -0.02778295
v 0.35362599 0.25498434 0.15196818
v 0.35983799 0.25795817 -0.54583116
v 0.35747233 0.26330739 -0.53840464
v 0.35762647 0.25645995 -0.53840464
v 0.34993167 0.26270278 -0.52266647
v 0.35004427 0.26762444 -0.40261311
v 0.35518317 0.24883179 -0.39945909
v 0.35093607 0.26341960 -0.37104232
v 0.35489937 0.24405880 -0.25496730
v 0.35163534 0.26330739 -0.10610895
v 0.35168558 0.26285503 0.05128457
v 0.35783237 0.28872544 -0.20064496
v 0.36261755 0.27117169 -0.23900688
v 0.35111230 0.32173562 0.10923395
v 0.35362755 -0.38903211 0.65325852
v 0.35186113 -0.30476965 0.79535199
v 0.36213878 -0.25708592 -0.84222685
v 0.39733186 -0.25818525 -0.73607307
v 0.34624918 -0.21939152 -0.53959173
v 0.36826591 -0.23566191 0.94196510
v 0.35564876 -0.21149732 -0.64020451
v 0.37036165 -0.21526495 -0.95015273
v 0.39984455 -0.20367737 0.55720384
v 0.34913223 -0.21381264 -0.75403045
v 0.34785822 -0.14347886 -0.59202948
v 0.34810033 -0.11346408 -0.98644517
v 0.35283719 -0.13580998 0.79872423
v 0.35349012 -0.10926250 0.77781106
v 0.30466017 -0.10980803 0.80437418
v 0.37011938 -0.08403204 0.97737025
v 0.41264050 -0.05404273 -0.65878574
v 0.36108496 -0.04375442 0.93291227
v 0.31721636 -0.03866373 -0.75646819
v 0.38210672 0.07226147 0.64785924
v 0.38085855 0.06952235 0.68820454
v 0.33973360 0.10601814 -0.88092582
v 0.37502945 0.17141264 0.29120129
v 0.38019969 0.16019785 -0.70550275
v 0.35371788 0.18452243 0.28013153
v 0.36459801 0.19752255 -0.69846926
v 0.37417326 0.17225782 -0.42849179
v 0.35852416 0.23507498 -0.18681373
v 0.36794353 0.19451085 -0.06314194
v 0.35908425 0.23406870 0.03503978
v 0.36868532 0.19115587 0.06018182
v 0.36732326 0.19842999 0.13200428
v 0.37326451 0.20259040 0.26435346
v 0.36293861 0.21851529 -0.40384843
v 0.36384118 0.21100644 -0.35039588
v 0.36035277 0.22851150 0.05947083
v 0.36412632 0.22955240 -0.61010444
v 0.36578112 0.23819737 -0.55955626
v 0.36422819 0.21152015 -0.49367757
v 0.36347681 0.22659607 -0.25316800
v 0.37229428 0.22505030 -0.20101825
v 0.35958154 0.23200460 -0.15605802
v 0.36848387 0.19197389 -0.19034626
v 0.36113343 0.22491667 0.09356469
v 0.37153660 0.22881398 0.23917246
v 0.35765019 0.25544748 -0.53840464
v 0.36227130 0.25682380 0.21633004
v 0.35397228 -0.27945345 0.48026726
v 0.40276263 -0.30712147 -0.63621400
v 0.39435028 -0.28583056 -0.57213062
v 0.43247300 -0.26769192 0.81792078
v 0.39652361 -0.24385117 0.56417063
v 0.36628295 -0.21973613 0.64265452
v 0.34056029 -0.14899576 -0.71390795
v 0.39804927 -0.14813298 -0.58802937
v 0.35698908 -0.14738193 -0.46698801
v 0.34954050 -0.15052819 0.71435585
v 0.39521115 -0.13620171 -0.64419786
v 0.34521348 -0.17066277 0.99194384
v 0.34704495 -0.09099579 0.54524246
v 0.35113533 -0.10249836 -0.51006532
v 0.36495716 -0.08575626 0.79402690
v 0.44398413 -0.05910617 0.60004372
v 0.39858754 -0.05665254 0.60026514
v 0.37960255 -0.04402668 0.92946206
v 0.35217104 -0.03588692 0.93243786
v 0.37319213 0.02217353 0.88996202
v 0.37164939 0.13554152 0.32205165
v 0.34852893 0.19701976 -0.77671837
v 0.39490729 0.11821903 -0.71933083
v 0.38188729 0.12739619 -0.26939771
v 0.37977836 0.14026326 -0.06616280
v 0.37043371 0.18283632 -0.04452874
v 0.37257837 0.17734234 0.21773738
v 0.37211463 0.18473077 -0.56763991
v 0.36878290 0.19462069 -0.48869177
v 0.37363708 0.20816766 -0.57790549
v 0.37979969 0.16198010 -0.59455282
v 0.37049254 0.18398747 -0.36443707
v 0.37189624 0.18121764 -0.26030964
v 0.35886387 0.23235980 0.16910097
v 0.37362460 0.19121929 -0.66535844
v 0.36761747 0.20038600 -0.53357467
v 0.36252556 0.22038280 -0.65454645
v 0.37308563 0.20347003 -0.62612519
v 0.37347759 0.21229755 -0.57750032
v 0.37804273 0.20994053 -0.20773382
v 0.37145044 0.25010762 0.17821236
v 0.40857026 -0.38008394 0.57509561
v 0.35136715 -0.32578273 0.50866797
v 0.39452941 -0.28176188 0.58762331
v 0.42645916 -0.28369613 0.27556684
v 0.40964716 -0.27322148 -0.10947918
v 0.38487452 -0.26950672 -0.26938044
v 0.40040079 -0.23383944 -0.74380997
v 0.39539893 -0.23495617 -0.54475013
v 0.37452654 -0.19361403 0.94049488
v 0.37861474 -0.20942597 0.66869725
v 0.39299652 -0.17929207 -0.61772490
v 0.36334991 -0.19075717 -0.62539814
v 0.39208345 -0.17940518 0.56480658
v 0.39707966 -0.14365288 -0.69277566
v 0.45854796 -0.07203318 -0.72782764
v 0.43328599 -0.08194128 0.79311199
v 0.39306692 -0.05360111 -0.66280395
v 0.34506632 -0.05939555 -0.65243621
v 0.39553913 -0.05515676 -0.61453908
v 0.40989899 -0.00232685 0.89207155
v 0.38579627 0.05495387 0.81498049
v 0.38513249 0.05867154 0.78660980
v 0.38192312 0.06403014 0.75111905
v 0.38697528 0.07319111 0.62432278
v 0.40228502 0.09746797 -0.84510413
v 0.38327701 0.09071110 0.39220662
v 0.37860409 0.12103397 -0.81748353
v 0.38068377 0.12830433 -0.19263332
v 0.38123183 0.13301197 0.02487504
v 0.38181006 0.13198593 0.11067578
v 0.37585838 0.15985929 -0.33282003
v 0.38933286 0.11875309 -0.74819098
v 0.38283558 0.14559326 -0.54349531
v 0.37558197 0.15887435 -0.01161696
v 0.37445814 0.16526490 0.22385462
v 0.36359662 0.15624804 0.30333561
v 0.38132004 0.14876824 -0.51185812
v 0.37141133 0.17598079 -0.29658422
v 0.37330855 0.16936489 -0.13540467
v 0.37498521 0.16182603 -0.12610435
v 0.37426092 0.16560091 -0.02966733
v 0.37875233 0.14349198 0.06130304
v 0.37830576 0.14618961 0.24305947
v 0.37653977 0.18200096 -0.67188896
v 0.38646819 0.16903369 -0.24580109
v 0.38098053 0.20481164 0.21164575
v 0.37462856 0.23292844 0.19808399
v 0.34697033 -0.37108529 -0.73529781
v 0.36886535 -0.32943964 0.78007828
v 0.38281041 -0.32457001 -0.49723154
v 0.40091823 -0.28328974 0.95735963
v 0.40053913 -0.29839715 0.62117569
v 0.37996813 -0.24845116 -0.65155983
v 0.35578018 -0.23979124 0.74089667
v 0.39127391 -0.17714634 0.65709521
v 0.39960526 -0.19948450 -0.96012975
v 0.40820371 -0.18057078 -0.97744541
v 0.40093965 -0.18334702 -0.55328742
v 0.34060877 -0.17464265 0.82565552
v 0.39700155 -0.14582609 0.81843237
v 0.35905795 -0.13307642 0.68522546
v 0.40075667 -0.11370716 -0.98199528
v 0.35228141 -0.08009785 -0.74137926
v 0.39274812 -0.08521216 0.97165343
v 0.39324124 -0.07900349 0.55570460
v 0.35268205 -0.05704920 0.62860918
v 0.40696028 -0.05199757 0.55407758
v 0.39786163 -0.05272265 -0.79623297
v 0.38387184 0.02913886 -0.25686724
v 0.38443938 0.06757426 0.70703898
v 0.37804802 0.10636385 0.36822734
v 0.39666118 0.10907420 -0.03814480
v 0.38804184 0.10960339 0.15441307
v 0.38825758 0.11238893 -0.78772891
v 0.39121716 0.12318008 -0.40815062
v 0.38708421 0.12183794 -0.29284300
v 0.38908556 0.12234211 0.33059970
v 0.38462755 0.12955859 -0.39694160
v 0.38184050 0.12957122 -0.10184526
v 0.38621296 0.11652160 -0.01741062
v 0.38655436 0.11397989 0.10010236
v 0.38712704 0.11219970 0.12963239
v 0.38650652 0.13601050 -0.53530535
v 0.38273756 0.13851737 -0.43303687
v 0.38141980 0.13801807 -0.36511830
v 0.39279070 0.13748319 -0.62440434
v 0.39198552 0.16186773 0.24752402
v 0.38846573 0.15947506 0.29595467
v 0.38806944 0.16190118 -0.61980237
v 0.38812857 0.15982146 -0.20876001
v 0.40691991 0.10858731 0.29016487
v 0.38696228 0.17779625 0.26466657
v 0.35517235 -0.30808029 -0.48148568
v 0.39503180 -0.26669051 -0.66441566
v 0.34251303 -0.27962483 0.14335789
v 0.39596352 -0.26836260 0.61973599
v 0.44720622 -0.26595147 -0.89770525
v 0.39630813 -0.26132645 -0.68313092
v 0.39418957 -0.26874250 -0.62708480
v 0.37449679 -0.26349562 -0.96502730
v 0.39760435 -0.25235206 0.60074996
v 0.39844767 -0.24324605 -0.58322068
v 0.36329248 -0.25442279 0.64483992
v 0.44845877 -0.21325383 -0.93347783
v 0.40147250 -0.23431326 0.73040415
v 0.39152540 -0.23476395 0.68940706
v 0.39698876 -0.19139758 -0.74195976
v 0.39653453 -0.16921493 0.57265675
v 0.40294765 -0.15076366 0.96900717
v 0.34703879 -0.16076685 -0.82178190
v 0.39383547 -0.13891434 0.61063870
v 0.39731433 -0.13693961 0.65072847
v 0.38531979 -0.10658768 -0.94922173
v 0.43766286 -0.09165253 -0.75969867
v 0.45951005 -0.09108099 0.50501090
v 0.39347014 -0.10140288 -0.94935087
v 0.39357295 -0.08221757 0.96479194
v 0.38701452 -0.06145806 -0.80424513
v 0.38965915 -0.06013215 0.70973961
v 0.39314577 -0.03820995 -0.65898542
v 0.38173893 0.01626630 -0.92565217
v 0.39937531 -0.02397177 -0.27513131
v 0.40176917 0.07505679 0.43956619
v 0.40486081 0.06373708 0.59127600
v 0.38906072 0.08145536 0.48135169
v 0.38633908 0.10735789 0.26022318
v 0.39094417 0.11224280 -0.76641881
v 0.39618599 0.11385614 -0.31579007
v 0.39602918 0.11932562 -0.25365506
v 0.39772758 0.10836070 -0.14045286
v 0.39717106 0.11054163 -0.12343662
v 0.38606217 0.11838036 -0.08694527
v 0.39919959 0.10424442 0.05158866
v 0.39690709 0.10634705 0.05706301
v 0.39599114 0.12883589 -0.56857256
v 0.40179518 0.10944662 -0.70178117
v 0.40141757 0.11371332 -0.67253981
v 0.38953720 0.14809009 -0.20383464
v 0.39260305 0.14647644 -0.63811217
v 0.40304712 -0.38303821 -0.70211932
v 0.44495466 -0.28588770 0.48231647
v 0.40070833 -0.29921234 -0.68873954
v 0.39825837 -0.27993125 0.71102726
v 0.40240387 -0.29058082 -0.59495413
v 0.34500940 -0.28112394 -0.82048670
v 0.42048404 -0.27468788 -0.44415565
v 0.42856160 -0.27616656 -0.02655579
v 0.42839166 -0.27786399 0.03127542
v 0.39955310 -0.30803690 0.65706758
v 0.39987548 -0.24518385 0.96356299
v 0.39321197 -0.19025919 -0.68768451
v 0.39882104 -0.23775269 0.58356578
v 0.39699117 -0.17927837 0.73586142
v 0.40031736 -0.19899946 0.73130772
v 0.40182753 -0.18613720 -0.72905281
v 0.39574646 -0.20547108 -0.58722314
v 0.40323694 -0.20284282 -0.25648000
v 0.39899225 -0.17406686 -0.59265172
v 0.39821809 -0.16128348 0.58585150
v 0.40174070 -0.14663131 -0.62116866
v 0.39986414 -0.15118718 -0.60190287
v 0.40025445 -0.17176541 -0.57754021
v 0.39816065 -0.14240306 -0.25895974
v 0.38475746 -0.18011854 0.97531589
v 0.39598349 -0.18820936 0.60430033
v 0.39961769 -0.14849048 0.69869047
v 0.40360315 -0.15138487 -0.70271585
v 0.39923935 -0.13346772 0.67265035
v 0.45793514 -0.08624379 0.54713357
v 0.47378298 -0.07094845 -0.56672585
v 0.36061550 -0.06420223 -0.57486408
v 0.39767549 -0.05267976 -0.64006963
v 0.48582178 -0.04540653 -0.51285863
v 0.39989798 -0.04125707 0.92644613
v 0.40313033 -0.00532273 -0.30031991
v 0.39175755 0.00935191 -0.25456239
v 0.41613667 0.01122833 -0.32474084
v 0.41018693 0.03193876 0.82948265
v 0.39571134 0.05714215 0.74587251
v 0.40839598 0.05308983 0.67587296
v 0.41701402 0.06045563 -0.91282446
v 0.40478599 0.05942891 0.62486380
v 0.39524719 0.08675590 0.25675235
v 0.40352044 0.08928534 -0.35052196
v 0.39908066 0.10655557 -0.03475007
v 0.40646693 0.08542429 0.01793273
v 0.40100232 0.09725884 0.11456355
v 0.40310490 0.09864704 -0.44912215
v 0.40940514 0.06846689 -0.21913679
v 0.39390360 0.11279328 -0.19586522
v 0.39804509 0.10122459 0.13776829
v 0.39994749 0.11018016 0.32932894
v 0.40119877 0.10781750 -0.55493991
v 0.39703947 0.11292086 -0.20580440
v 0.40158129 0.08322503 -0.23913374
v 0.40723576 0.07529967 -0.17151556
v 0.39155611 0.12732121 -0.46014978
v 0.39655801 0.12196335 -0.47743931
v 0.40930845 -0.37002561 0.72653664
v 0.41096440 -0.26722734 -0.83454872
v 0.42854082 -0.27435092 -0.08502858
v 0.43108855 -0.26258648 -0.95203767
v 0.40965128 -0.19761498 0.95425026
v 0.34824808 -0.17700725 0.81687770
v 0.42602485 -0.13196059 -0.32820155
v 0.44526145 -0.14321202 0.49070660
v 0.39991444 -0.10922544 -0.29678992
v 0.40193634 -0.10717981 -0.94808641
v 0.42285418 -0.07697352 0.92517713
v 0.41528613 -0.03678078 -0.67169980
v 0.41895412 0.01144947 0.85294016
v 0.41280030 0.04328905 0.68712534
v 0.40582467 0.05119814 0.71586206
v 0.41181527 0.06000659 0.47989116
v 0.41725337 0.05679855 0.14810490
v 0.41124991 0.06956821 0.16786589
v 0.40516808 0.07712914 0.37506207
v 0.40931836 0.07061579 0.32379440
v 0.40113295 0.08200381 -0.27180924
v 0.41260163 0.06625280 -0.19410912
v 0.41358976 0.06617294 0.00201908
v 0.41225320 0.07021484 0.02062010
v 0.41587579 0.06085695 0.05152728
v 0.40952926 0.07581551 0.10957246
v 0.40050609 0.09142816 0.17395904
v 0.40281033 0.07290109 0.26630556
v 0.40840523 0.08902940 -0.38939076
v 0.40496722 0.09038910 0.33404669
v 0.40465534 0.09070137 0.34221025
v 0.42111029 0.09271655 -0.60692124
v 0.40807528 0.09665465 -0.48210984
v 0.40312215 0.10668569 0.31251185
v 0.45611622 -0.30459147 0.79582157
v 0.36630824 -0.27572646 -0.46561104
v 0.42497885 -0.29226045 0.67234292
v 0.43302729 -0.28148010 0.23795122
v 0.42484931 -0.28479256 0.41165443
v 0.46992640 -0.27761358 -0.46939513
v 0.43474093 -0.27110983 -0.21441563
v 0.42844646 -0.27666553 0.94601976
v 0.42630651 -0.24601791 0.73091170
v 0.41628916 -0.21603914 0.27087152
v 0.41630104 -0.21478873 0.73142472
v 0.41667557 -0.19932783 -0.31403079
v 0.41671377 -0.21566316 0.15721294
v 0.42467566 -0.17002196 0.94883703
v 0.42221565 -0.16299693 0.62259194
v 0.40101609 -0.12133302 -0.25899482
v 0.38066389 -0.12383891 -0.48591564
v 0.43649655 -0.12738484 -0.36919640
v 0.45138137 -0.07904354 -0.81680553
v 0.41891172 -0.10886307 -0.36349113
v 0.43952811 -0.07819947 0.74757771
v 0.41210416 -0.10019552 0.49850431
v 0.41558891 -0.05357585 -0.62470334
v 0.41664901 -0.04800781 -0.32521172
v 0.37728046 -0.04927978 0.72024868
v 0.48570104 -0.04395269 -0.77912224
v 0.41828079 -0.03923805 -0.61827532
v 0.43437006 -0.03184373 0.88478590
v 0.41305287 -0.00578471 0.88827216
v 0.38033324 0.04617417 -0.93065820
v 0.42521122 0.00380590 -0.34266958
v 0.41320231 0.02419579 -0.38515984
v 0.42790880 0.01120954 -0.37093804
v 0.41519520 0.04778886 0.34326642
v 0.42670674 0.00600216 0.32383514
v 0.41051569 0.04461556 0.73236050
v 0.44769937 0.02530202 -0.39443818
v 0.41474528 0.05347346 0.28579017
v 0.42108257 0.02943024 0.28467701
v 0.41859910 0.02931351 0.44847930
v 0.41480705 0.04929038 0.53720444
v 0.41526449 0.03569775 0.68276420
v 0.41326596 0.02940856 0.78848395
v 0.42074752 0.01753980 0.49695229
v 0.41094230 0.05330397 0.61456388
v 0.41113559 0.07021498 -0.10526639
v 0.41774690 0.05320491 0.18430299
v 0.41400700 0.04901642 0.57698671
v 0.41706203 0.05712135 0.12076614
v 0.40963243 0.07809980 -0.06786974
v 0.40842578 0.07731863 -0.29993643
v 0.42553597 0.08656810 -0.83327148
v 0.41121653 0.09707286 -0.52349824
v 0.40941950 0.10095381 -0.67834626
v 0.41334210 0.09835597 -0.63309534
v 0.42902233 0.10620654 0.27946024
v 0.42460253 -0.39582928 -0.64937449
v 0.44115334 -0.37124327 0.55739000
v 0.45427464 -0.35728458 0.74531259
v 0.35053118 -0.33487655 -0.78040851
v 0.41263863 -0.31299571 -0.48432480
v 0.41904630 -0.30576765 0.63425400
v 0.42307510 -0.29937115 -0.61777002
v 0.41911643 -0.29339588 -0.63350242
v 0.43036376 -0.28337621 0.41268255
v 0.43495248 -0.27201443 -0.11619552
v 0.41843244 -0.27972534 0.83138317
v 0.42920303 -0.25446252 -0.73185098
v 0.42756162 -0.21574140 0.56131132
v 0.42863207 -0.25567264 0.57934345
v 0.40405405 -0.23441562 0.94791570
v 0.42358158 -0.25210850 -0.55966563
v 0.42780479 -0.22807092 0.59928066
v 0.42078009 -0.22394946 0.29304067
v 0.42048175 -0.22396476 0.30226907
v 0.43616633 -0.22794099 0.29168842
v 0.44020208 -0.23444157 0.43422722
v 0.42806034 -0.20230978 -0.73963079
v 0.44915259 -0.21371345 -0.30486840
v 0.41902697 -0.20823334 -0.08709494
v 0.41639865 -0.22199409 0.42125641
v 0.43125814 -0.20641503 -0.54994312
v 0.41918438 -0.21147919 0.00632675
v 0.42365772 -0.19935987 0.25060369
v 0.41839509 -0.21487142 0.09428988
v 0.41754167 -0.21846581 0.39575914
v 0.42847302 -0.18410183 -0.09687419
v 0.44307679 -0.17636654 0.82149064
v 0.41234969 -0.14410440 0.66982163
v 0.43114810 -0.14504905 0.61832026
v 0.42530175 -0.15790389 -0.32876964
v 0.46521029 -0.07788430 0.79235235
v 0.40176298 -0.09466501 -0.26088088
v 0.39020333 -0.05085139 -0.25999099
v 0.42462092 -0.07491124 -0.31500524
v 0.42074723 -0.08435384 0.95657336
v 0.43794324 -0.07573592 -0.35319707
v 0.43490386 -0.03572579 -0.37025218
v 0.43348968 -0.02975759 0.87596979
v 0.42665988 -0.01416829 0.86800954
v 0.42547380 -0.00726250 0.48796114
v 0.42051488 0.00574554 0.73431340
v 0.42772470 -0.01143454 0.82885241
v 0.43366044 -0.01928988 0.29708559
v 0.43055970 -0.01044254 0.35497688
v 0.42759782 0.00293484 0.69236658
v 0.42655231 0.01713327 -0.01323609
v 0.42820757 0.00663353 0.18485572
v 0.42404882 0.00398941 0.51240156
v 0.42975424 0.00646171 0.60207757
v 0.42801846 0.01753333 -0.10395134
v 0.42111433 0.03676930 -0.04678167
v 0.42684539 0.01394486 0.00833059
v 0.42570955 0.01205085 0.27221388
v 0.42296862 0.01176313 0.44547157
v 0.42282995 0.03370909 -0.21081752
v 0.41254984 0.06735058 -0.10434695
v 0.42758892 0.00911962 0.13817838
v 0.42174833 0.03366752 0.20938604
v 0.43026449 0.05404170 -0.14955525
v 0.43821393 0.04734764 -0.30113253
v 0.43190334 0.04205218 -0.24850700
v 0.40685087 0.09863479 -0.83922229
v 0.42774621 0.08314387 -0.47946453
v 0.42356544 0.07806918 -0.39236140
v 0.42896505 0.08611848 -0.68097902
v 0.42973436 0.08539124 0.28002009
v 0.43732330 -0.25803074 -0.60804135
v 0.42765371 -0.27591932 0.59539309
v 0.44382061 -0.29251474 0.67277005
v 0.44301142 -0.27904457 0.84086890
v 0.44959191 -0.25800425 -0.67469034
v 0.43624226 -0.27117935 -0.07487014
v 0.43622568 -0.27119166 -0.07466926
v 0.43622568 -0.27119812 -0.06680934
v 0.43622568 -0.27123839 -0.05894941
v 0.43622568 -0.27126086 -0.05108950
v 0.43622568 -0.27129990 -0.04322957
v 0.43622568 -0.27132064 -0.03536965
v 0.43622568 -0.27130860 -0.02750973
v 0.43622568 -0.27127934 -0.01964981
v 0.43622568 -0.27123395 -0.01178988
v 0.43622568 -0.27117074 -0.00392996
v 0.43620110 -0.27116731 0.00392996
v 0.43622568 -0.27116731 -0.00312497
v 0.42384088 -0.27595973 0.71344823
v 0.43620130 -0.26919094 -0.16387264
v 0.43576397 -0.27162560 0.07357452
v 0.44175668 -0.23212103 0.19637473
v 0.43272376 -0.24690005 -0.71725575
v 0.44060194 -0.24113176 0.90390465
v 0.43605898 -0.22561760 0.23039523
v 0.43829392 -0.23177341 0.37445206
v 0.43622568 -0.23052643 0.39692608
v 0.43069557 -0.21602835 -0.01100884
v 0.43389875 -0.22069426 0.08744868
v 0.43102836 -0.20623403 -0.36273734
v 0.43831171 -0.21118054 -0.15630935
v 0.43061678 -0.17676765 -0.58108357
v 0.43050126 -0.20714934 -0.69065292
v 0.44196958 -0.18664016 0.91104158
v 0.43575354 -0.18910458 0.66088032
v 0.41811760 -0.20029102 -0.24145958
v 0.43983804 -0.16138343 0.42595813
v 0.42694676 -0.19047324 0.57182962
v 0.43572853 -0.18143211 0.59709979
v 0.42472147 -0.14079219 -0.66660492
v 0.42733004 -0.16373696 -0.60090298
v 0.43985054 -0.15313461 -0.23750291
v 0.42035293 -0.20487014 -0.15217276
v 0.43883817 -0.15899044 -0.07433296
v 0.43664219 -0.16748876 0.08621633
v 0.43336699 -0.15617530 0.94099064
v 0.43669410 -0.13103835 -0.35128329
v 0.45627709 -0.12101402 0.51521645
v 0.44137985 -0.01679792 -0.23648964
v 0.43975272 -0.07991053 0.89827410
v 0.44360777 -0.06948791 -0.48440921
v 0.48077635 -0.06240626 -0.60745182
v 0.47225967 -0.04618683 0.76182210
v 0.42208986 -0.06759425 -0.34784309
v 0.41981203 -0.05045817 0.76242994
v 0.43226724 -0.00807817 0.09292943
v 0.44314457 -0.04860084 0.09612241
v 0.43373286 -0.01789140 0.22335271
v 0.43555681 -0.02915002 0.35975891
v 0.43418374 -0.02623412 0.43094308
v 0.43716207 -0.02223750 0.83494749
v 0.43524765 -0.01508731 0.02121463
v 0.43258503 -0.01072952 0.16504207
v 0.42924938 0.01620555 -0.17176072
v 0.43653117 -0.02910418 0.24426035
v 0.43388942 -0.00008734 -0.14056164
v 0.43370882 0.00698673 -0.22324557
v 0.42305450 0.02819407 -0.23720717
v 0.42766879 0.05579485 -0.25577452
v 0.44089253 0.06269940 -0.36169357
v 0.43410058 0.08379789 -0.57547751
v 0.45637735 0.07017864 -0.58281344
v 0.41988552 -0.37070700 -0.54526803
v 0.42089607 -0.37253388 -0.73821177
v 0.44890663 -0.33850178 0.52199046
v 0.42782050 -0.29881997 -0.68705375
v 0.45904445 -0.26439396 -0.83198372
v 0.43307921 -0.27097220 -0.68653423
v 0.43077535 -0.28080681 -0.57792313
v 0.44858282 -0.26846667 0.61379433
v 0.44255024 -0.28288165 -0.70773741
v 0.47425672 -0.27241266 -0.43890868
v 0.43625075 -0.27116731 -0.06680934
v 0.43628204 -0.27116731 -0.05894941
v 0.43629786 -0.27116731 -0.05108950
v 0.43632486 -0.27116731 -0.04322957
v 0.43633685 -0.27116731 -0.03536965
v 0.43632498 -0.27116731 -0.02750973
v 0.43630195 -0.27116731 -0.01964981
v 0.43626970 -0.27116731 -0.01178988
v 0.43622783 -0.27116731 -0.00392996
v 0.44500431 -0.22705365 -0.07241710
v 0.43836968 -0.26100163 -0.00230987
v 0.42815137 -0.27012450 0.64130319
v 0.44471927 -0.25428510 0.82119342
v 0.43915410 -0.27084529 -0.27033436
v 0.43353366 -0.23189154 -0.59250597
v 0.44237652 -0.27787379 0.44220252
v 0.45032956 -0.23289957 0.55644700
v 0.44357943 -0.22570270 0.09387281
v 0.44444243 -0.21182633 -0.26709554
v 0.44430090 -0.22437253 -0.12779059
v 0.43950191 -0.26197845 -0.11354561
v 0.44363493 -0.22507397 0.03882194
v 0.44601002 -0.23104438 0.83176878
v 0.44374869 -0.21616994 -0.13627143
v 0.44383679 -0.21741286 -0.09792393
v 0.43303566 -0.23227345 0.92349355
v 0.45612194 -0.18388265 -0.95610355
v 0.44262459 -0.19304229 0.66292904
v 0.43127268 -0.16701420 -0.70462845
v 0.43669839 -0.18423979 -0.67267968
v 0.43639104 -0.17307065 0.42130169
v 0.43404350 -0.17264109 -0.12885737
v 0.43568933 -0.16984820 0.00128773
v 0.44850367 -0.17633124 -0.59983299
v 0.43948046 -0.15595942 0.06419754
v 0.43484193 -0.16749163 0.70269429
v 0.42942756 -0.13941765 -0.61896365
v 0.44071258 -0.14435043 0.41942998
v 0.44104259 -0.13316617 0.25953985
v 0.44203462 -0.14113834 -0.23363417
v 0.43798551 -0.16327161 0.21028550
v 0.43976147 -0.15425076 0.12129246
v 0.44344483 -0.08585261 0.38001349
v 0.44724487 -0.08619836 0.92421115
v 0.44442153 -0.06811021 0.16238274
v 0.44421213 -0.08192170 -0.14817739
v 0.44552451 -0.05168682 -0.02483142
v 0.44473215 -0.06701649 0.00567809
v 0.44010056 -0.15130968 0.01477281
v 0.44429574 -0.06782992 0.24738705
v 0.44345551 -0.05324724 0.18772714
v 0.44146912 -0.05365186 0.44248521
v 0.44389192 -0.05814507 0.21959780
v 0.44391511 -0.06245091 0.32865669
v 0.44078084 -0.01407038 -0.38284832
v 0.44305518 -0.03342872 -0.08368516
v 0.44286308 -0.03574948 -0.03105596
v 0.44367954 -0.04503286 0.02903254
v 0.44284738 -0.02879092 -0.16092410
v 0.45443618 -0.00904463 0.67967779
v 0.44926029 -0.00805316 0.74010833
v 0.46919921 -0.01779758 0.76923267
v 0.42381942 0.05662926 -0.91092790
v 0.44155381 0.06434845 -0.87231879
v 0.45085935 0.06782295 -0.47638024
v 0.42130468 0.09040009 -0.70274150
v 0.45096643 0.07266416 -0.68221808
v 0.43830652 0.08115306 -0.64241087
v 0.43951406 0.08063856 -0.63158754
v 0.44848003 0.09023679 0.26753393
v 0.47782520 -0.39060640 -0.64431760
v 0.44547588 -0.39164994 0.64760841
v 0.46218642 -0.34385612 0.75639556
v 0.45620225 -0.31479168 0.50233644
v 0.44835874 -0.29287900 0.60705394
v 0.44819763 -0.29059916 -0.60536408
v 0.44768959 -0.28054143 0.68836909
v 0.45223176 -0.27212379 -0.33939663
v 0.44407989 -0.27382519 0.67025243
v 0.44862234 -0.24538309 0.69815412
v 0.44873662 -0.23006120 -0.93620841
v 0.45966163 -0.19361945 -0.72808568
v 0.45557715 -0.24596491 -0.60438674
v 0.45146439 -0.21827648 -0.91957393
v 0.44444984 -0.21582803 -0.17339403
v 0.44400102 -0.20016745 0.73322860
v 0.45895149 -0.21656479 -0.35442553
v 0.44627979 -0.21738826 0.59749450
v 0.44631701 -0.23513506 0.68697815
v 0.45166783 -0.19870931 -0.68540876
v 0.44977540 -0.18286380 -0.57656980
v 0.44700865 -0.19014303 0.57452650
v 0.46160877 -0.15064445 -0.67936881
v 0.45032880 -0.18995539 0.82223277
v 0.45833558 -0.16459007 -0.82797759
v 0.45934174 -0.11579738 -0.96040482
v 0.44464119 -0.18662087 -0.38519771
v 0.45192345 -0.13212525 0.63676449
v 0.44874232 -0.13897030 0.68150800
v 0.48143283 -0.11742775 -0.83499828
v 0.46898168 -0.12111479 -0.80126266
v 0.45599230 -0.10352306 -0.91724304
v 0.44275063 -0.09518416 0.93760954
v 0.46071432 -0.08724565 0.89824701
v 0.44532806 -0.07541692 -0.23169453
v 0.44439980 -0.06956246 0.19520941
v 0.44519989 -0.05788198 0.01393855
v 0.44279470 -0.07035248 0.44208393
v 0.44495543 -0.05832730 0.06193578
v 0.44428466 -0.05898873 0.12798846
v 0.44239118 -0.07266151 -0.37205968
v 0.44586517 -0.04919242 -0.16312527
v 0.44422603 -0.05108950 0.05108950
v 0.46744902 -0.05392888 0.55038827
v 0.44490596 -0.04027653 -0.15820359
v 0.44577220 -0.05189922 -0.07272526
v 0.46282771 -0.02924224 0.81007567
v 0.48769195 -0.03999958 -0.61811016
v 0.44355290 -0.02716533 -0.19895300
v 0.44667705 -0.04274730 -0.22775358
v 0.45897262 -0.00883413 0.59115007
v 0.46465813 -0.01625868 0.68641168
v 0.46634217 -0.01778943 0.70840722
v 0.45534197 -0.00713485 -0.39785106
v 0.45191305 0.03583277 -0.38037037
v 0.45234372 0.04909155 -0.39238170
v 0.45201770 0.06686850 -0.83005223
v 0.45667812 0.06628107 -0.77629757
v 0.45106656 0.07075054 -0.76544822
v 0.45601108 0.06825178 -0.70618239
v 0.43286124 0.15500004 0.30142328
v 0.45415116 -0.39449050 -0.63875767
v 0.45847274 -0.38868699 0.65718959
v 0.47255527 -0.37125789 -0.73820677
v 0.47621491 -0.36674932 -0.74534404
v 0.45494536 -0.28762927 -0.69008154
v 0.46819645 -0.25515048 0.79935196
v 0.46481486 -0.27328983 0.49364875
v 0.45456590 -0.27514485 0.57378585
v 0.47765664 -0.26405738 -0.46071186
v 0.46091393 -0.26131354 0.81281494
v 0.45790822 -0.22810632 -0.68353217
v 0.44830320 -0.24331403 0.59952703
v 0.44836021 -0.25894173 -0.63607269
v 0.46158691 -0.22488932 0.65286710
v 0.45648876 -0.14747514 0.80714928
v 0.45591575 -0.15131205 0.48494557
v 0.45574087 -0.17145930 0.82867585
v 0.45917646 -0.13723074 -0.63625233
v 0.45937633 -0.12617321 0.44202832
v 0.45820120 -0.16062843 0.82272234
v 0.47271279 -0.12860691 -0.48060009
v 0.44456472 -0.10732534 -0.37485222
v 0.46316304 -0.12728129 0.51650480
v 0.46750779 -0.08701144 0.64421151
v 0.44724776 -0.15587120 0.91176794
v 0.47225377 -0.11945521 -0.79477186
v 0.46486278 -0.10089209 -0.51170212
v 0.46662083 -0.08320405 0.45583899
v 0.45838046 -0.12413969 0.78905419
v 0.46864260 -0.10363282 0.80492751
v 0.43922485 -0.10496018 -0.83047622
v 0.46622647 -0.09762286 -0.76632843
v 0.46370391 -0.13040572 0.48662908
v 0.46483589 -0.09434704 0.74777595
v 0.45919642 -0.08042951 0.74533055
v 0.46224179 -0.08523782 0.83558899
v 0.45913050 -0.06925054 0.59262272
v 0.45238960 -0.06023148 0.70157819
v 0.46577002 -0.05236186 0.82065422
v 0.46000244 -0.05719817 0.68419055
v 0.46984518 -0.05745443 -0.65596567
v 0.49682353 -0.05139055 -0.50404608
v 0.46389772 -0.04940509 -0.39563300
v 0.46579424 -0.02094618 -0.90544647
v 0.42980716 0.00734636 0.54328987
v 0.45089370 0.06608678 -0.85394551
v 0.44868405 0.06227387 -0.40192490
v 0.45815286 0.06062247 -0.48956351
v 0.46001042 0.03140503 -0.44769187
v 0.46044673 0.06400591 -0.68914730
v 0.45991466 0.06597122 -0.60486668
v 0.43212735 0.08012585 0.31114448
v 0.44070879 0.10473338 0.32132277
v 0.46876215 -0.35510017 0.63159961
v 0.45690571 -0.31677525 0.64147994
v 0.46795883 -0.32126703 0.72149931
v 0.46911151 -0.32810711 0.57296846
v 0.46297478 -0.30980526 0.78750932
v 0.46984391 -0.30446308 0.54181437
v 0.46086922 -0.29697772 -0.69195831
v 0.48214039 -0.33653908 -0.61417773
v 0.47314298 -0.31444950 -0.48749612
v 0.46594038 -0.27334325 0.53140629
v 0.46251614 -0.24412721 -0.73521146
v 0.48333869 -0.30727032 -0.55005954
v 0.46624141 -0.26262769 -0.39527731
v 0.46833360 -0.24517652 0.51618527
v 0.46678034 -0.25772016 0.75573235
v 0.46046579 -0.22400779 -0.63272375
v 0.49477336 -0.15521859 -0.42043603
v 0.46815951 -0.17834734 0.50708714
v 0.47021774 -0.12359976 0.75078392
v 0.47098196 -0.21940300 0.78035368
v 0.46804217 -0.16639486 0.79713713
v 0.46735846 -0.13546920 0.55788999
v 0.46264654 -0.14313678 -0.46408509
v 0.46400094 -0.12816069 0.78403106
v 0.46653482 -0.11103738 0.54016842
v 0.47870498 -0.12056666 -0.49108350
v 0.46761678 -0.11899317 0.72750335
v 0.45736960 -0.20923509 0.44900530
v 0.48081755 -0.11394906 -0.83431063
v 0.46850065 -0.10046841 0.71860504
v 0.46816855 -0.08647291 -0.53057047
v 0.46930620 -0.09373890 0.49514090
v 0.47881758 -0.07942895 -0.72702626
v 0.46331213 -0.05794759 0.63183919
v 0.44899218 -0.06585720 -0.92528411
v 0.46623626 -0.03717487 0.49300309
v 0.46700701 -0.02423132 0.51633087
v 0.46748416 -0.01810861 0.54294721
v 0.46840164 0.01539848 -0.87328211
v 0.47008060 0.03726563 -0.52444490
v 0.45491563 0.06434348 -0.81623007
v 0.46241229 0.05731638 -0.76282075
v 0.46462461 0.05688491 -0.65581772
v 0.46025962 0.06269686 -0.72607947
v 0.46384422 0.05946395 -0.57673960
v 0.45864434 0.06577581 -0.53267310
v 0.46447554 0.15482159 0.27589455
v 0.47219366 -0.36972751 -0.54754874
v 0.46315465 -0.36765442 0.56519839
v 0.46526740 -0.37203279 0.69036544
v 0.47296425 -0.31459675 -0.80466333
v 0.48315707 -0.34214296 -0.67970016
v 0.45708279 -0.30543877 -0.62376433
v 0.46839767 -0.31758121 0.74721183
v 0.47373371 -0.28897146 -0.81630739
v 0.48364544 -0.31016372 -0.73721615
v 0.47533127 -0.27926609 -0.73898101
v 0.46815402 -0.24093531 0.49095782
v 0.46106551 -0.21467130 -0.84665531
v 0.45971010 -0.23540483 -0.55084612
v 0.48224913 -0.21024029 -0.77990599
v 0.47366511 -0.21329051 -0.40658500
v 0.46818146 -0.17188813 -0.83699361
v 0.47419121 -0.15532318 -0.84128459
v 0.47542419 -0.11523662 -0.92417599
v 0.47095748 -0.12351394 -0.39301972
v 0.47781072 -0.09393244 -0.52278304
v 0.49847678 -0.06817906 -0.42246305
v 0.46903546 -0.07013124 0.52614058
v 0.48134153 -0.06997692 -0.68465497
v 0.47090613 -0.05935219 -0.61388077
v 0.46776787 -0.04932203 0.70679962
v 0.46863809 -0.02746029 0.58451024
v 0.46865818 -0.04805168 0.58501629
v 0.47839920 -0.01710553 -0.42695305
v 0.46684505 -0.01952198 0.77910247
v 0.46598524 0.03736472 -0.85441896
v 0.47545879 0.03169682 -0.67580484
v 0.48022902 0.02289989 -0.67436527
v 0.47601994 0.02760415 -0.78713688
v 0.47591497 0.03104200 -0.62431816
v 0.47780295 0.02699291 -0.58505921
v 0.47413090 -0.32296270 -0.62509350
v 0.48311791 -0.34055236 -0.59888502
v 0.48053133 -0.36693533 -0.56074460
v 0.47825540 -0.31112275 -0.48957763
v 0.48372931 -0.28809667 -0.76383138
v 0.48372992 -0.29609663 -0.53327977
v 0.48322540 -0.26628269 -0.77496388
v 0.48011686 -0.18781663 -0.46058526
v 0.48238284 -0.18171881 -0.82222796
v 0.48496144 -0.18249887 -0.48882339
v 0.49015894 -0.15547849 -0.41187852
v 0.48146598 -0.17707704 -0.81588872
v 0.48196871 -0.13071257 -0.87539597
v 0.47900023 -0.13584263 -0.84115266
v 0.48567814 -0.11455977 -0.57540382
v 0.47679023 -0.12357282 -0.79491836
v 0.48462983 -0.14730220 -0.75732141
v 0.48488189 -0.09160717 -0.82687205
v 0.48228942 -0.08489346 -0.56034784
v 0.48302016 -0.04255794 -0.75728337
v 0.47612914 -0.03536965 -0.41264591
v 0.48813031 -0.03500530 -0.42690305
v 0.48162816 -0.00482418 -0.44908545
v 0.49041068 -0.00380343 -0.85739267
v 0.47742089 0.02302061 -0.52619530
v 0.47192164 0.02192281 -0.48295928
v 0.48429972 -0.24876497 -0.51322034
v 0.48478730 -0.22198925 -0.50055916
v 0.48112452 -0.18661401 -0.51729538
v 0.47899749 -0.17379529 -0.46115633
v 0.49242441 -0.13480764 -0.41238034
v 0.48669633 -0.14616611 -0.50982133
v 0.48913022 -0.11423301 -0.46338543
v 0.48399720 -0.09766042 -0.72580075
v 0.48409103 -0.10217693 -0.59971755
v 0.48460506 -0.08791949 -0.67902473
v 0.48551910 -0.09312004 -0.64609729
v 0.49619923 -0.02696349 -0.87417004
v 0.49171575 -0.03855934 -0.75725692
v 0.49328222 -0.01047358 -0.46481026
v 0.49887174 -0.01549008 -0.85344195
v 0.50008271 -0.00398421 -0.54315850
v 0.49153079 0.00460569 -0.81098060
v 0.49026051 0.00618218 -0.74383281
v 0.49557077 0.00335582 -0.58770758
v 0.48949846 0.01092092 -0.57756673
v 0.44873251 0.14280137 0.32221616
v 0.49435856 -0.11487651 -0.45468060
v 0.49794339 -0.09737479 -0.41783593
v 0.49745941 -0.03766532 -0.44014252
v 0.48927896 -0.04951516 -0.79658956
v 0.49951073 -0.01007770 -0.48954280
v 0.49771672 -0.00570582 -0.79531161
v 0.49534466 -0.04179796 -0.51868353
v 0.50065672 -0.00649938 -0.62207616
v 0.49847867 -0.00669472 -0.50698646
v 0.49704338 -0.00216348 -0.69702730
v 0.49360830 0.00396227 -0.66707255
v 0.54315133 0.14946282 0.30148467
v 0.49683057 -0.06332339 -0.48992187
v 0.53980417 0.09188525 0.29948789
v 0.45934659 0.07750643 0.27772992
v 0.54412630 0.08364123 0.26430042
v 0.53909144 0.11693469 0.26400355
v 0.54412273 0.15316503 0.26969447
v 0.54656284 0.14131746 0.29658306
f 57 1 2
f 17 1 57
f 1 17 37
f 2 1 16
f 17 57 193
f 2 138 57
f 4 3 108
f 3 14 106
f 135 3 4
f 106 8 6
f 14 8 106
f 14 3 15
f 82 3 135
f 82 15 3
f 8 56 7
f 16 1 37
f 4 108 23
f 46 49 4
f 191 5 28
f 4 35 135
f 28 5 12
f 5 191 7
f 7 191 8
f 8 191 6
f 6 13 106
f 12 5 81
f 56 8 36
f 8 14 36
f 39 18 19
f 39 20 18
f 19 42 39
f 279 42 19
f 62 42 279
f 43 24 20
f 62 22 42
f 24 84 20
f 24 21 84
f 22 9 42
f 9 22 25
f 23 25 22
f 23 46 4
f 98 21 24
f 23 108 25
f 9 25 26
f 21 11 68
f 32 11 21
f 98 32 21
f 26 10 9
f 26 25 27
f 26 29 10
f 27 374 26
f 102 30 50
f 28 12 31
f 32 33 11
f 26 321 29
f 30 33 32
f 181 321 26
f 3 106 108
f 12 53 31
f 34 33 30
f 321 34 30
f 29 321 30
f 5 7 56
f 15 36 14
f 36 277 56
f 18 38 19
f 20 58 18
f 58 20 84
f 43 20 39
f 39 42 40
f 89 117 43
f 39 89 43
f 46 23 44
f 21 45 84
f 21 68 45
f 68 31 47
f 48 98 24
f 9 10 65
f 31 68 28
f 31 219 47
f 32 98 30
f 50 30 98
f 10 29 102
f 29 30 102
f 4 49 52
f 11 33 105
f 4 52 35
f 79 74 77
f 13 482 106
f 76 55 109
f 109 55 54
f 12 81 111
f 81 5 56
f 235 36 15
f 82 235 15
f 16 138 2
f 87 59 139
f 41 87 139
f 60 41 139
f 40 144 39
f 59 114 85
f 61 41 368
f 92 63 59
f 43 117 24
f 62 23 22
f 118 41 61
f 59 63 114
f 24 117 48
f 65 40 42
f 44 88 46
f 42 9 65
f 122 46 88
f 118 61 67
f 68 47 95
f 45 68 95
f 47 219 162
f 61 70 67
f 71 61 218
f 71 70 61
f 69 169 66
f 25 108 27
f 70 103 67
f 69 129 169
f 219 31 75
f 49 35 52
f 452 173 72
f 104 129 69
f 223 103 73
f 70 73 103
f 53 75 31
f 80 173 452
f 452 74 80
f 51 107 187
f 104 222 129
f 187 78 51
f 103 223 104
f 51 110 76
f 78 110 51
f 76 110 55
f 79 77 222
f 223 54 79
f 109 54 223
f 322 106 482
f 135 35 270
f 74 79 80
f 12 111 53
f 56 277 81
f 83 36 235
f 36 137 277
f 83 137 36
f 38 18 383
f 38 383 19
f 383 18 58
f 139 59 85
f 41 60 140
f 41 140 368
f 87 41 86
f 86 41 116
f 144 196 39
f 333 238 84
f 41 118 116
f 89 91 117
f 144 40 94
f 59 93 92
f 61 368 90
f 126 61 90
f 143 84 45
f 40 65 123
f 63 92 66
f 99 66 92
f 97 209 94
f 126 124 61
f 118 67 155
f 45 96 142
f 95 47 45
f 209 262 91
f 94 209 91
f 47 96 45
f 100 98 48
f 96 162 121
f 96 47 162
f 66 72 148
f 209 97 102
f 65 10 97
f 49 46 256
f 218 61 217
f 164 66 99
f 10 102 97
f 66 164 69
f 169 452 66
f 452 72 66
f 70 71 218
f 125 51 101
f 27 501 374
f 104 69 164
f 130 107 125
f 264 35 220
f 107 51 125
f 347 35 264
f 104 223 222
f 223 79 222
f 78 187 110
f 6 191 13
f 54 55 227
f 227 55 110
f 79 134 80
f 54 134 79
f 113 82 135
f 111 81 112
f 82 113 235
f 277 112 81
f 113 331 235
f 37 17 236
f 441 279 19
f 39 196 89
f 59 87 93
f 143 45 142
f 89 240 91
f 94 91 144
f 64 93 116
f 94 40 249
f 120 122 88
f 64 116 154
f 117 119 48
f 118 154 116
f 155 252 118
f 121 538 142
f 142 96 121
f 256 46 122
f 208 161 99
f 154 127 64
f 66 148 63
f 126 125 124
f 156 91 100
f 98 100 91
f 91 262 98
f 97 123 65
f 155 127 154
f 124 125 61
f 99 161 164
f 217 61 125
f 11 105 68
f 148 72 173
f 103 128 127
f 67 103 127
f 125 101 217
f 125 126 130
f 163 130 126
f 102 50 221
f 476 27 108
f 217 101 51
f 49 220 35
f 103 104 128
f 318 105 33
f 188 187 107
f 74 560 77
f 73 455 223
f 427 191 711
f 324 110 187
f 53 111 397
f 265 270 35
f 54 276 134
f 227 276 54
f 112 133 111
f 135 192 136
f 113 135 136
f 113 136 232
f 232 331 113
f 83 234 137
f 17 193 236
f 85 237 139
f 470 441 19
f 114 280 85
f 144 194 196
f 86 242 87
f 195 145 141
f 242 197 87
f 86 116 245
f 197 93 87
f 203 116 198
f 142 333 143
f 240 89 200
f 23 62 115
f 114 63 411
f 144 91 240
f 116 93 197
f 368 126 90
f 205 126 246
f 40 123 249
f 152 159 146
f 93 151 92
f 117 91 119
f 146 157 120
f 150 149 147
f 205 158 126
f 157 122 120
f 149 250 152
f 150 250 149
f 282 250 150
f 153 282 150
f 159 157 146
f 152 253 159
f 208 99 251
f 93 208 251
f 94 249 160
f 97 94 160
f 159 253 157
f 119 156 48
f 155 67 127
f 93 64 208
f 158 163 126
f 100 48 156
f 160 123 97
f 161 215 164
f 262 221 98
f 210 213 166
f 214 167 165
f 50 98 221
f 213 174 166
f 168 171 214
f 128 104 164
f 170 131 166
f 167 174 213
f 175 174 167
f 171 167 214
f 285 172 171
f 171 176 167
f 174 170 166
f 176 175 167
f 173 172 285
f 219 75 397
f 174 184 190
f 175 184 174
f 171 178 176
f 174 131 170
f 190 183 174
f 177 184 175
f 185 178 171
f 171 180 185
f 172 182 171
f 131 179 166
f 176 178 175
f 173 182 172
f 347 264 294
f 166 179 132
f 711 191 28
f 131 132 179
f 174 183 131
f 186 177 175
f 171 182 180
f 175 178 186
f 185 180 178
f 188 324 187
f 35 347 265
f 269 186 178
f 131 183 190
f 173 300 182
f 190 132 131
f 180 269 178
f 182 300 180
f 173 80 225
f 184 224 190
f 177 224 184
f 186 224 177
f 190 228 132
f 324 266 110
f 190 274 228
f 298 110 266
f 111 133 397
f 277 380 112
f 137 233 277
f 235 360 83
f 138 16 278
f 138 193 57
f 139 237 364
f 280 237 85
f 58 84 238
f 86 245 242
f 584 115 62
f 203 198 116
f 89 196 200
f 199 147 243
f 248 205 246
f 333 84 143
f 141 195 241
f 141 145 195
f 202 120 201
f 146 120 202
f 152 146 202
f 204 152 202
f 149 152 204
f 147 204 243
f 334 246 126
f 147 149 204
f 368 334 126
f 150 147 199
f 153 150 199
f 153 199 244
f 411 153 244
f 284 153 411
f 148 284 411
f 63 148 411
f 92 251 99
f 92 151 251
f 252 154 118
f 153 259 282
f 153 284 259
f 207 156 119
f 152 254 253
f 154 255 155
f 91 207 119
f 91 156 207
f 337 256 122
f 157 337 122
f 157 289 288
f 208 215 161
f 208 64 215
f 49 256 260
f 212 213 211
f 285 148 173
f 216 64 127
f 219 314 162
f 68 315 28
f 315 638 28
f 315 68 105
f 260 319 49
f 166 261 210
f 213 210 211
f 212 167 213
f 165 167 212
f 214 165 212
f 168 214 258
f 171 168 259
f 285 171 259
f 64 263 215
f 127 128 216
f 209 102 221
f 261 166 289
f 130 163 398
f 319 220 49
f 128 164 263
f 217 51 475
f 501 27 476
f 289 166 296
f 164 215 263
f 296 166 132
f 560 74 452
f 397 75 53
f 28 317 711
f 106 396 108
f 33 34 348
f 321 349 34
f 106 322 396
f 190 224 302
f 173 225 300
f 354 132 228
f 300 226 180
f 299 268 225
f 225 80 272
f 296 132 230
f 354 273 132
f 302 274 190
f 180 275 269
f 275 180 226
f 298 227 110
f 134 276 80
f 133 267 397
f 135 229 192
f 270 229 135
f 136 231 230
f 136 230 232
f 310 232 230
f 234 83 360
f 37 309 16
f 331 360 235
f 278 16 301
f 278 236 193
f 278 193 138
f 60 139 364
f 280 114 281
f 279 584 62
f 195 141 241
f 194 240 196
f 194 144 240
f 245 197 242
f 200 196 240
f 202 247 204
f 245 116 197
f 158 205 372
f 416 142 538
f 154 252 255
f 148 206 284
f 151 93 251
f 152 250 254
f 123 160 249
f 157 288 337
f 155 255 252
f 253 289 157
f 286 211 257
f 285 283 284
f 206 148 285
f 211 210 292
f 286 212 211
f 250 212 286
f 287 212 250
f 214 212 287
f 258 214 287
f 285 259 283
f 261 289 253
f 290 210 261
f 210 290 291
f 292 210 291
f 64 216 263
f 217 424 218
f 209 221 262
f 216 128 263
f 425 295 218
f 344 181 26
f 344 26 374
f 129 376 169
f 295 70 218
f 506 318 33
f 188 107 130
f 189 349 321
f 188 510 324
f 323 270 265
f 268 300 225
f 351 296 230
f 272 299 225
f 272 80 276
f 230 132 273
f 302 228 274
f 186 303 224
f 269 271 186
f 271 303 186
f 275 305 269
f 226 305 275
f 267 133 112
f 354 357 273
f 310 358 232
f 331 232 358
f 16 309 301
f 23 115 414
f 44 23 414
f 88 44 414
f 202 201 247
f 248 536 205
f 287 250 282
f 283 259 284
f 206 285 284
f 253 254 292
f 292 254 211
f 211 254 257
f 250 257 254
f 292 291 253
f 286 257 250
f 258 287 282
f 259 258 282
f 168 258 259
f 372 392 158
f 256 337 260
f 290 261 253
f 291 290 253
f 158 392 163
f 121 162 314
f 163 293 398
f 293 163 392
f 289 296 316
f 220 345 264
f 319 345 220
f 638 317 28
f 476 108 396
f 295 73 70
f 320 347 294
f 129 222 376
f 34 349 348
f 109 223 455
f 349 13 348
f 482 13 349
f 297 265 347
f 323 400 270
f 298 266 324
f 400 229 270
f 276 227 326
f 230 231 351
f 300 268 304
f 276 299 272
f 298 325 227
f 231 136 192
f 304 226 300
f 268 301 304
f 299 306 268
f 325 326 227
f 303 302 224
f 305 271 269
f 268 306 301
f 326 379 276
f 276 307 299
f 303 228 302
f 327 307 276
f 308 267 112
f 230 356 310
f 273 356 230
f 303 328 228
f 310 356 358
f 37 353 309
f 431 380 277
f 277 233 431
f 234 233 137
f 383 58 366
f 19 383 312
f 60 364 140
f 442 237 280
f 279 441 239
f 246 445 248
f 372 205 536
f 538 121 422
f 288 289 337
f 422 121 314
f 289 316 337
f 293 392 398
f 397 710 219
f 294 264 345
f 51 76 611
f 322 454 396
f 297 323 265
f 324 510 563
f 229 400 192
f 324 352 377
f 325 298 377
f 377 298 324
f 301 306 299
f 379 327 276
f 356 273 357
f 228 328 354
f 271 305 330
f 304 309 226
f 309 304 301
f 327 379 307
f 308 112 380
f 309 353 226
f 307 355 299
f 271 330 303
f 329 362 303
f 330 329 303
f 37 236 353
f 301 236 278
f 366 440 383
f 366 58 238
f 114 658 281
f 120 88 414
f 418 332 387
f 423 335 419
f 341 371 332
f 390 338 417
f 420 417 338
f 339 388 342
f 341 336 340
f 314 219 422
f 260 337 316
f 316 296 319
f 260 316 319
f 392 343 398
f 318 395 105
f 375 475 51
f 319 296 345
f 507 181 344
f 320 294 345
f 296 320 345
f 130 346 188
f 398 346 130
f 560 735 77
f 455 73 508
f 320 296 351
f 349 348 350
f 348 13 350
f 324 563 352
f 323 297 400
f 399 397 267
f 325 377 378
f 325 402 326
f 326 402 379
f 305 226 353
f 379 355 307
f 355 301 299
f 328 303 362
f 354 361 357
f 361 356 357
f 328 361 354
f 305 353 330
f 356 406 358
f 329 330 362
f 360 331 359
f 358 381 331
f 406 438 358
f 301 363 236
f 233 234 359
f 236 363 353
f 363 382 353
f 19 312 365
f 365 470 19
f 140 364 491
f 367 368 140
f 442 280 281
f 335 443 385
f 371 472 332
f 332 472 494
f 199 243 244
f 120 414 415
f 243 204 247
f 333 142 593
f 335 385 369
f 389 387 332
f 420 385 417
f 540 388 389
f 332 336 341
f 388 339 389
f 419 370 423
f 421 420 338
f 423 370 373
f 447 338 390
f 391 339 340
f 336 391 340
f 394 421 338
f 340 339 342
f 373 421 394
f 423 373 450
f 315 105 395
f 543 341 340
f 169 376 453
f 375 51 611
f 349 189 348
f 297 347 320
f 320 351 297
f 109 480 76
f 191 427 481
f 351 231 400
f 400 297 351
f 231 192 400
f 402 325 378
f 355 379 403
f 403 379 428
f 379 401 428
f 402 401 379
f 429 301 355
f 353 404 330
f 439 406 356
f 361 328 405
f 362 405 328
f 330 404 362
f 301 429 363
f 431 233 359
f 381 358 438
f 361 439 356
f 353 382 410
f 234 360 359
f 359 331 381
f 408 359 438
f 382 490 410
f 492 311 383
f 364 237 384
f 238 333 527
f 389 332 496
f 114 411 658
f 244 243 247
f 527 333 444
f 247 201 386
f 247 386 313
f 333 593 444
f 120 415 201
f 335 369 419
f 369 385 420
f 332 418 336
f 808 416 538
f 336 418 391
f 389 339 391
f 370 421 373
f 392 498 343
f 169 451 452
f 318 504 395
f 321 181 507
f 348 506 33
f 479 222 77
f 109 455 480
f 352 563 511
f 352 511 377
f 308 380 267
f 353 434 404
f 353 410 430
f 431 456 380
f 432 361 405
f 404 405 362
f 438 406 435
f 438 359 381
f 458 430 410
f 409 408 438
f 361 468 439
f 383 311 312
f 383 440 492
f 384 237 469
f 469 364 384
f 279 239 584
f 584 412 115
f 528 417 385
f 246 334 445
f 115 412 414
f 201 415 386
f 387 389 391
f 371 341 595
f 531 390 417
f 372 473 392
f 392 473 498
f 543 595 341
f 448 342 388
f 450 373 394
f 451 477 452
f 344 374 507
f 506 504 318
f 191 481 13
f 349 350 482
f 397 399 426
f 431 359 407
f 458 434 353
f 435 406 437
f 439 437 406
f 430 458 353
f 433 432 405
f 464 405 404
f 435 436 438
f 460 433 405
f 465 434 458
f 436 466 438
f 434 464 404
f 359 408 801
f 466 486 438
f 437 459 435
f 361 432 468
f 490 461 410
f 526 237 442
f 140 491 367
f 334 368 367
f 332 494 496
f 582 389 496
f 244 530 411
f 540 389 582
f 142 416 446
f 419 369 474
f 335 423 585
f 474 369 420
f 371 595 472
f 372 536 473
f 391 418 387
f 497 423 450
f 219 710 422
f 447 449 338
f 549 451 169
f 218 424 425
f 478 549 169
f 503 342 448
f 342 546 543
f 543 340 342
f 478 169 453
f 638 393 317
f 343 346 398
f 709 560 452
f 73 425 508
f 557 321 507
f 189 321 557
f 506 348 607
f 348 189 607
f 739 377 511
f 403 643 355
f 457 460 405
f 464 434 461
f 464 463 405
f 486 488 438
f 460 462 433
f 463 457 405
f 465 461 434
f 382 485 490
f 435 467 436
f 459 467 435
f 487 467 459
f 457 462 460
f 408 409 488
f 409 438 488
f 439 459 437
f 468 432 433
f 410 461 458
f 628 439 468
f 490 523 461
f 469 237 526
f 440 366 238
f 443 528 385
f 445 471 248
f 335 585 443
f 244 247 532
f 530 244 532
f 539 444 593
f 248 471 536
f 419 474 370
f 370 474 421
f 474 420 421
f 498 473 731
f 451 542 477
f 546 342 503
f 425 73 295
f 550 504 506
f 396 454 505
f 607 550 506
f 222 479 376
f 479 77 561
f 483 399 267
f 377 484 378
f 428 401 641
f 380 456 645
f 461 465 458
f 436 467 487
f 463 464 461
f 801 408 512
f 463 515 457
f 436 487 466
f 566 513 459
f 515 514 457
f 433 519 468
f 462 519 433
f 516 463 461
f 466 517 486
f 459 513 487
f 459 439 566
f 488 486 408
f 516 461 523
f 489 439 628
f 489 522 439
f 490 524 523
f 441 470 365
f 527 492 440
f 493 441 578
f 527 440 238
f 441 493 239
f 367 495 334
f 585 423 497
f 536 731 473
f 531 447 390
f 315 539 638
f 710 600 422
f 424 217 499
f 499 217 475
f 549 542 451
f 499 425 424
f 394 338 449
f 397 812 710
f 374 501 507
f 397 426 812
f 709 452 477
f 711 317 393
f 189 557 509
f 812 426 399
f 735 561 77
f 480 455 479
f 640 511 563
f 403 798 643
f 407 456 431
f 363 800 382
f 382 800 485
f 407 359 801
f 408 616 512
f 462 457 514
f 518 466 487
f 520 519 462
f 466 569 517
f 518 569 466
f 514 520 462
f 486 565 408
f 468 525 628
f 522 566 439
f 525 468 521
f 469 526 364
f 491 364 367
f 441 365 578
f 494 529 496
f 527 444 539
f 442 533 537
f 586 494 472
f 585 588 443
f 411 590 413
f 281 658 633
f 417 528 531
f 412 415 414
f 313 591 247
f 442 281 533
f 535 586 472
f 142 446 593
f 281 633 533
f 595 535 472
f 471 634 536
f 582 537 540
f 497 594 585
f 597 541 334
f 388 540 448
f 395 539 315
f 475 597 499
f 597 475 541
f 501 476 500
f 447 601 449
f 394 552 450
f 394 449 552
f 499 548 425
f 504 544 395
f 502 546 503
f 500 507 501
f 503 545 606
f 500 553 507
f 549 478 453
f 453 545 549
f 425 548 508
f 507 551 557
f 553 551 507
f 545 453 376
f 558 545 376
f 508 554 455
f 509 557 556
f 479 558 376
f 559 558 479
f 509 556 189
f 559 479 455
f 554 559 455
f 189 556 607
f 479 561 480
f 76 480 611
f 427 610 481
f 481 612 13
f 322 482 562
f 484 377 739
f 378 613 402
f 483 267 644
f 799 644 380
f 380 644 267
f 355 614 429
f 363 646 800
f 407 801 670
f 564 801 616
f 801 512 616
f 408 671 616
f 617 408 565
f 490 485 524
f 617 671 408
f 567 514 515
f 516 515 463
f 566 522 513
f 518 621 569
f 487 621 518
f 468 568 521
f 567 520 514
f 513 621 487
f 519 568 468
f 520 568 519
f 567 570 520
f 623 572 567
f 571 486 517
f 618 621 513
f 515 623 567
f 570 620 520
f 572 570 567
f 817 523 524
f 489 628 627
f 574 577 628
f 572 655 574
f 573 655 572
f 312 311 365
f 365 311 492
f 526 579 364
f 578 492 580
f 492 578 365
f 367 364 579
f 367 579 494
f 494 579 529
f 583 580 492
f 528 443 580
f 588 580 443
f 578 580 588
f 493 578 239
f 537 526 442
f 526 582 496
f 581 526 496
f 529 579 581
f 579 526 581
f 367 494 586
f 583 492 527
f 528 580 583
f 239 578 584
f 581 496 529
f 578 588 584
f 526 537 582
f 495 367 586
f 334 495 586
f 528 583 527
f 539 587 527
f 528 527 587
f 584 588 412
f 411 530 590
f 411 413 658
f 334 586 597
f 445 632 471
f 412 588 594
f 530 532 754
f 528 534 531
f 528 587 534
f 415 412 657
f 415 592 386
f 334 541 445
f 597 586 535
f 534 587 531
f 539 593 821
f 412 594 635
f 633 732 542
f 596 412 635
f 540 633 542
f 533 633 540
f 537 533 540
f 660 412 596
f 447 531 598
f 497 635 594
f 540 542 599
f 661 638 539
f 476 660 596
f 732 477 542
f 540 599 448
f 447 598 601
f 637 635 497
f 500 596 635
f 476 596 500
f 535 595 499
f 597 535 499
f 598 539 544
f 497 450 637
f 595 543 499
f 731 810 498
f 544 539 395
f 599 542 545
f 602 499 543
f 810 662 498
f 544 547 598
f 450 552 637
f 500 635 637
f 448 599 545
f 555 598 547
f 545 542 549
f 504 547 544
f 637 552 500
f 601 598 555
f 602 543 546
f 555 449 601
f 448 545 503
f 499 602 548
f 602 546 548
f 550 547 504
f 604 552 449
f 500 552 553
f 502 503 606
f 546 502 606
f 604 449 555
f 553 552 551
f 664 396 505
f 606 545 559
f 548 546 508
f 603 547 550
f 604 555 607
f 605 545 558
f 559 545 605
f 546 606 508
f 734 475 375
f 607 603 550
f 547 603 607
f 555 547 607
f 551 604 557
f 552 604 551
f 559 605 558
f 508 606 554
f 556 557 604
f 554 606 559
f 375 737 734
f 556 604 607
f 188 608 510
f 610 427 609
f 612 639 13
f 562 454 322
f 350 13 639
f 350 718 482
f 484 613 378
f 429 614 741
f 643 614 355
f 645 799 380
f 429 741 363
f 670 456 407
f 746 524 485
f 513 522 489
f 565 649 648
f 649 565 624
f 486 624 565
f 520 625 568
f 523 573 516
f 486 571 624
f 569 571 517
f 621 571 569
f 489 619 513
f 525 521 622
f 620 625 520
f 626 623 515
f 573 626 515
f 516 573 515
f 621 652 571
f 513 619 618
f 489 627 619
f 521 628 622
f 629 628 521
f 568 629 521
f 625 629 568
f 573 572 623
f 626 573 623
f 630 652 621
f 619 630 621
f 618 619 621
f 627 575 619
f 628 525 622
f 574 628 629
f 625 574 629
f 620 574 625
f 570 574 620
f 572 574 570
f 576 804 624
f 652 624 571
f 628 575 627
f 655 573 723
f 723 573 523
f 724 523 817
f 630 619 631
f 575 631 619
f 574 655 577
f 523 724 723
f 654 656 628
f 577 654 628
f 590 530 589
f 818 658 413
f 588 585 594
f 386 591 313
f 593 446 728
f 446 416 808
f 539 531 587
f 657 412 660
f 634 731 536
f 539 636 531
f 636 598 531
f 539 598 636
f 821 661 539
f 733 774 475
f 476 396 664
f 701 475 734
f 498 662 343
f 560 709 735
f 711 609 427
f 608 738 510
f 737 375 611
f 482 718 666
f 563 510 640
f 402 613 401
f 403 668 642
f 741 646 363
f 645 456 669
f 670 615 456
f 672 671 565
f 671 617 565
f 647 524 746
f 804 650 649
f 624 804 649
f 524 647 817
f 652 576 624
f 805 651 650
f 630 631 652
f 575 628 656
f 653 631 575
f 655 806 577
f 532 247 754
f 729 591 386
f 633 658 732
f 808 687 659
f 538 687 808
f 657 660 476
f 541 475 774
f 343 886 346
f 738 833 510
f 350 639 718
f 562 482 666
f 739 511 667
f 667 511 640
f 613 484 857
f 613 813 401
f 428 668 403
f 668 740 642
f 669 859 645
f 742 669 456
f 615 742 456
f 485 802 837
f 722 801 564
f 616 671 564
f 672 565 673
f 648 673 565
f 648 650 673
f 649 650 648
f 650 651 673
f 748 576 652
f 651 826 674
f 651 805 826
f 652 631 748
f 575 807 653
f 656 807 575
f 577 725 654
f 655 675 806
f 723 675 655
f 754 589 530
f 676 415 657
f 386 592 757
f 445 541 677
f 680 682 679
f 726 694 678
f 808 683 844
f 683 808 659
f 682 686 679
f 678 684 680
f 659 687 683
f 679 690 681
f 684 682 680
f 685 688 726
f 657 692 685
f 681 661 821
f 686 689 679
f 726 688 694
f 694 693 678
f 681 690 661
f 679 689 690
f 691 696 684
f 731 822 810
f 693 691 684
f 678 693 684
f 685 695 688
f 692 695 685
f 684 686 682
f 697 694 688
f 657 698 692
f 696 686 684
f 697 693 694
f 695 697 688
f 692 698 695
f 657 476 698
f 661 690 638
f 477 781 663
f 689 702 690
f 686 702 689
f 695 704 697
f 696 699 686
f 691 699 696
f 693 700 691
f 697 704 693
f 709 477 663
f 701 733 475
f 686 703 702
f 705 704 695
f 698 705 695
f 393 638 690
f 702 706 690
f 713 686 699
f 691 707 699
f 700 707 691
f 662 811 343
f 711 393 690
f 706 711 690
f 713 703 686
f 664 708 704
f 705 664 704
f 698 664 705
f 476 664 698
f 702 711 706
f 699 707 713
f 703 711 702
f 700 712 707
f 693 712 700
f 720 712 693
f 704 708 693
f 712 717 707
f 708 720 693
f 715 713 707
f 664 714 708
f 714 720 708
f 664 716 714
f 664 505 716
f 703 609 711
f 717 715 707
f 718 717 712
f 720 718 712
f 505 714 716
f 505 454 719
f 714 505 719
f 610 609 703
f 481 610 703
f 713 481 703
f 612 481 713
f 715 612 713
f 454 720 714
f 719 454 714
f 480 561 665
f 611 480 737
f 639 612 715
f 717 639 715
f 562 666 720
f 454 562 720
f 718 639 717
f 666 718 720
f 483 846 399
f 739 951 857
f 857 484 739
f 721 668 428
f 876 721 428
f 615 670 743
f 922 485 800
f 922 802 485
f 485 838 746
f 672 673 651
f 672 651 747
f 651 674 747
f 656 654 807
f 577 750 725
f 806 750 577
f 471 632 841
f 685 726 676
f 677 632 445
f 678 680 727
f 678 727 726
f 657 685 676
f 386 757 729
f 681 856 961
f 681 961 679
f 774 677 541
f 769 732 658
f 683 730 844
f 809 538 422
f 477 732 781
f 701 734 733
f 832 812 399
f 735 709 784
f 735 736 561
f 480 665 795
f 737 480 795
f 510 833 640
f 643 796 614
f 847 799 645
f 615 743 742
f 670 744 743
f 745 744 670
f 670 801 745
f 722 815 801
f 837 838 485
f 746 823 647
f 752 829 753
f 415 676 592
f 247 591 831
f 753 755 752
f 677 756 829
f 759 751 752
f 760 759 752
f 755 760 752
f 829 755 753
f 471 758 634
f 761 760 755
f 829 761 755
f 677 774 756
f 756 767 829
f 634 762 731
f 763 768 751
f 760 765 759
f 829 772 761
f 766 772 829
f 767 766 829
f 756 764 767
f 774 764 756
f 687 730 683
f 768 769 751
f 751 765 763
f 759 765 751
f 761 772 760
f 777 765 760
f 783 760 772
f 767 772 766
f 809 687 538
f 760 786 777
f 783 771 760
f 760 771 786
f 774 773 764
f 768 781 769
f 765 770 763
f 765 777 770
f 773 767 764
f 732 769 781
f 763 781 768
f 767 778 772
f 773 778 767
f 770 776 763
f 776 781 763
f 779 782 773
f 780 779 773
f 774 780 773
f 774 733 780
f 778 783 772
f 783 786 771
f 773 783 778
f 770 781 776
f 780 734 779
f 780 733 734
f 770 784 781
f 785 784 770
f 777 785 770
f 783 788 786
f 779 788 783
f 773 782 783
f 662 810 811
f 709 663 784
f 784 663 781
f 786 785 777
f 787 790 786
f 788 787 786
f 782 779 783
f 786 790 785
f 793 791 779
f 789 735 784
f 785 789 784
f 792 787 788
f 886 343 811
f 785 790 789
f 779 791 788
f 779 734 737
f 736 735 789
f 790 665 789
f 787 665 790
f 792 665 787
f 791 792 788
f 737 793 779
f 561 736 789
f 794 561 789
f 665 794 789
f 795 665 792
f 791 795 792
f 793 795 791
f 665 561 794
f 793 737 795
f 641 876 428
f 643 798 797
f 741 904 646
f 859 669 742
f 743 744 878
f 801 744 745
f 860 746 838
f 816 803 747
f 747 803 672
f 576 824 804
f 576 748 909
f 653 807 828
f 725 807 654
f 725 750 807
f 769 658 818
f 726 727 676
f 589 754 819
f 819 590 589
f 854 593 728
f 821 593 854
f 680 855 727
f 855 680 882
f 687 982 730
f 422 600 775
f 886 188 346
f 667 640 739
f 739 640 833
f 613 889 813
f 933 483 644
f 797 796 643
f 403 642 798
f 814 741 614
f 814 877 741
f 847 645 859
f 800 646 921
f 922 800 858
f 858 800 921
f 743 878 742
f 801 815 835
f 722 564 815
f 860 823 746
f 939 817 647
f 804 824 650
f 576 909 839
f 748 631 827
f 675 908 806
f 747 674 825
f 653 827 631
f 471 913 758
f 754 247 897
f 680 679 882
f 681 821 856
f 982 687 809
f 731 762 822
f 873 810 822
f 600 710 775
f 857 889 613
f 834 933 644
f 401 875 641
f 401 813 875
f 799 866 644
f 866 799 847
f 801 835 744
f 922 837 802
f 836 835 815
f 925 564 671
f 672 803 868
f 939 647 823
f 650 824 805
f 723 749 675
f 747 825 816
f 806 893 750
f 769 818 752
f 751 769 752
f 590 819 850
f 590 850 413
f 632 677 830
f 632 830 841
f 841 853 471
f 676 727 820
f 679 961 882
f 188 886 845
f 832 399 846
f 614 796 814
f 848 847 859
f 859 742 878
f 815 924 836
f 564 935 815
f 839 824 576
f 894 818 413
f 752 840 829
f 677 841 830
f 757 592 843
f 727 855 820
f 729 757 979
f 927 591 729
f 821 854 856
f 929 809 422
f 810 873 811
f 832 846 950
f 950 846 483
f 933 834 985
f 642 902 798
f 796 877 814
f 835 878 744
f 836 924 835
f 923 837 867
f 923 838 837
f 935 924 815
f 564 925 935
f 824 861 805
f 723 724 749
f 817 849 724
f 827 891 748
f 806 871 893
f 818 894 752
f 752 894 840
f 413 850 894
f 829 851 677
f 913 471 853
f 591 927 831
f 247 831 897
f 819 754 897
f 808 844 881
f 981 844 730
f 730 982 981
f 873 886 811
f 832 710 812
f 833 900 739
f 483 933 950
f 876 865 721
f 902 864 798
f 904 921 646
f 923 860 838
f 925 671 868
f 672 868 671
f 816 825 803
f 825 674 870
f 891 909 748
f 908 943 806
f 943 871 806
f 829 840 851
f 677 851 852
f 677 852 841
f 446 808 881
f 634 883 762
f 822 883 884
f 762 883 822
f 422 775 929
f 873 949 886
f 845 608 188
f 951 889 857
f 641 875 876
f 721 740 668
f 797 890 796
f 864 797 798
f 905 922 858
f 848 859 878
f 835 924 879
f 805 907 869
f 805 861 907
f 839 941 824
f 749 908 675
f 724 849 749
f 826 805 990
f 909 1065 839
f 750 863 807
f 592 842 843
f 757 843 872
f 728 898 854
f 979 757 872
f 854 880 856
f 855 960 1005
f 980 634 758
f 832 885 710
f 900 833 917
f 950 933 874
f 888 875 813
f 642 740 902
f 797 864 890
f 644 866 834
f 904 968 921
f 835 969 878
f 867 837 922
f 989 860 923
f 826 990 674
f 828 999 653
f 863 912 807
f 592 676 842
f 854 898 880
f 729 979 927
f 916 982 809
f 822 884 873
f 710 993 1020
f 710 885 993
f 900 932 739
f 951 739 932
f 887 874 933
f 721 865 740
f 903 834 866
f 866 847 903
f 847 848 903
f 969 835 879
f 860 938 823
f 823 938 939
f 803 825 906
f 939 849 817
f 749 849 908
f 674 862 870
f 805 869 990
f 827 892 891
f 911 827 653
f 912 828 807
f 850 896 894
f 947 758 913
f 831 948 897
f 819 897 1004
f 850 819 1004
f 676 820 978
f 856 880 1059
f 882 961 915
f 915 855 882
f 634 980 883
f 873 899 949
f 845 995 608
f 930 832 950
f 833 738 917
f 813 889 888
f 875 888 952
f 901 985 834
f 796 966 877
f 890 966 796
f 741 877 920
f 905 858 921
f 970 922 905
f 909 891 926
f 892 910 891
f 891 910 974
f 827 911 892
f 894 896 977
f 841 991 853
f 897 948 928
f 855 1005 820
f 446 881 728
f 960 855 914
f 961 856 1059
f 883 980 962
f 883 962 884
f 775 710 1020
f 886 995 845
f 608 917 738
f 900 917 932
f 951 932 1008
f 875 918 876
f 965 918 875
f 875 1024 965
f 864 954 890
f 902 954 864
f 934 905 921
f 922 970 867
f 938 860 937
f 861 824 907
f 849 939 1013
f 974 957 891
f 893 976 750
f 750 976 863
f 871 998 893
f 943 942 871
f 653 999 911
f 1018 946 894
f 850 895 896
f 841 1002 991
f 831 927 948
f 914 855 915
f 961 914 915
f 916 809 929
f 962 963 884
f 873 884 963
f 1021 885 832
f 995 1141 608
f 608 931 917
f 875 952 1024
f 997 865 876
f 740 919 902
f 920 877 987
f 987 741 920
f 867 970 923
f 924 935 879
f 937 860 936
f 935 925 971
f 971 925 868
f 955 939 938
f 908 849 972
f 990 862 674
f 869 907 940
f 839 1065 973
f 957 1066 891
f 942 998 871
f 828 944 999
f 912 944 828
f 840 894 946
f 851 840 852
f 1018 894 977
f 897 928 1031
f 963 1070 873
f 929 775 1020
f 949 964 886
f 886 1141 995
f 930 950 984
f 1008 889 951
f 889 1036 888
f 876 965 997
f 918 965 876
f 740 953 919
f 865 953 740
f 919 954 902
f 834 967 901
f 934 921 1010
f 968 1010 921
f 1010 905 934
f 878 969 848
f 868 803 971
f 939 955 1012
f 1012 1080 939
f 825 1042 1240
f 825 870 1042
f 908 956 943
f 891 1066 926
f 892 958 957
f 912 863 945
f 850 1104 895
f 872 843 959
f 872 959 979
f 844 981 1115
f 873 1070 1106
f 1021 832 930
f 954 1077 890
f 877 1109 987
f 903 967 834
f 989 923 1062
f 936 860 989
f 938 937 955
f 937 1012 955
f 906 825 1240
f 824 941 907
f 839 973 941
f 943 1055 942
f 909 926 1065
f 892 974 910
f 892 957 974
f 945 975 912
f 841 852 1002
f 850 1004 1104
f 728 881 1138
f 947 980 758
f 881 844 1138
f 982 916 929
f 873 1106 899
f 899 964 949
f 983 885 1021
f 608 1141 931
f 933 985 1130
f 996 952 888
f 890 1025 966
f 919 1052 954
f 877 966 1109
f 966 986 1053
f 741 987 904
f 848 1095 903
f 970 905 1010
f 1062 923 970
f 803 906 1098
f 849 1013 972
f 973 1044 941
f 956 1055 943
f 892 911 958
f 863 976 945
f 895 1104 896
f 959 843 1003
f 842 676 978
f 948 927 1068
f 962 980 1032
f 844 1115 1138
f 963 962 1070
f 929 1020 982
f 885 994 993
f 994 885 983
f 930 984 1021
f 931 1022 917
f 932 917 1022
f 953 865 919
f 966 1053 1109
f 901 967 1009
f 1180 904 987
f 848 1011 1095
f 1011 848 969
f 879 988 969
f 879 1041 988
f 1041 879 935
f 1226 939 1080
f 990 1014 862
f 908 1055 956
f 1055 998 942
f 975 944 912
f 840 946 1000
f 896 1104 977
f 1002 852 1001
f 843 842 1003
f 897 1031 1004
f 979 959 1006
f 927 979 1068
f 1059 880 1069
f 931 1073 1022
f 932 1204 1008
f 887 933 1050
f 933 1130 1050
f 901 1009 985
f 986 966 1025
f 1062 970 1040
f 1040 970 1010
f 803 1098 971
f 1026 1012 937
f 907 1027 940
f 908 972 1055
f 973 1065 1044
f 976 893 1015
f 957 911 1066
f 958 911 957
f 944 1016 999
f 975 945 944
f 1018 977 1056
f 840 1000 852
f 853 991 913
f 928 948 1031
f 1068 979 1049
f 1068 1030 948
f 960 914 1005
f 961 1059 1019
f 1060 1070 962
f 982 1020 1071
f 964 1141 886
f 1141 1007 931
f 984 950 1035
f 1023 874 1107
f 965 1074 997
f 865 997 1075
f 1077 1025 890
f 903 1095 967
f 1180 968 904
f 969 1079 1011
f 1079 969 988
f 1097 936 989
f 1026 937 936
f 1014 1158 862
f 990 869 1014
f 941 1044 1083
f 893 1028 1015
f 893 998 1028
f 945 1046 944
f 945 976 1017
f 1018 1029 946
f 913 991 1048
f 1005 1058 820
f 842 978 1058
f 982 1033 981
f 1163 1033 982
f 1072 964 899
f 1071 1020 1090
f 1090 1020 993
f 1034 994 983
f 983 1021 1034
f 1034 1021 1035
f 984 1035 1021
f 1128 1073 931
f 889 1008 1036
f 1037 952 996
f 1168 985 1009
f 865 1075 919
f 1025 1053 986
f 1077 1038 1025
f 1079 988 1041
f 1062 1207 989
f 1012 1026 1080
f 870 1063 1042
f 907 941 1027
f 1066 1099 926
f 1055 1045 998
f 999 1067 911
f 1018 1056 1029
f 977 1104 1047
f 1001 1102 1002
f 913 1048 1103
f 947 913 1103
f 948 1030 992
f 948 992 1031
f 1104 1004 1088
f 820 1058 978
f 1005 914 1105
f 962 1032 1060
f 1154 899 1106
f 1278 1141 964
f 1022 1165 932
f 1204 932 1165
f 1107 874 887
f 888 1036 996
f 1024 1037 1074
f 1074 965 1024
f 1075 1052 919
f 954 1052 1077
f 1093 1009 967
f 1111 1097 989
f 1157 1026 936
f 935 1096 1041
f 1026 1054 1080
f 862 1158 1064
f 1082 1055 972
f 1065 1150 1044
f 926 1099 1065
f 977 1047 1056
f 1000 1057 852
f 1031 1087 1004
f 979 1006 1232
f 979 1232 1049
f 1115 981 1033
f 950 874 1023
f 887 1050 1130
f 952 1037 1024
f 1075 997 1051
f 997 1074 1051
f 1053 1131 1109
f 1025 1038 1053
f 1093 967 1095
f 1109 1180 987
f 1010 1078 1094
f 1010 968 1078
f 1061 1095 1011
f 1111 989 1207
f 1157 936 1097
f 1027 941 1043
f 998 1045 1151
f 1002 1102 1048
f 1002 1048 991
f 1003 1125 959
f 947 1103 980
f 961 1019 914
f 1163 982 1071
f 1071 1090 1127
f 1072 1278 964
f 994 1034 993
f 1166 1107 887
f 1143 1008 1204
f 1074 1075 1051
f 1075 1076 1052
f 1078 968 1039
f 1197 1062 1040
f 1041 1147 1079
f 1054 1026 1157
f 935 971 1096
f 906 1240 1098
f 1063 1081 1042
f 869 1158 1014
f 1055 1082 1045
f 1150 1083 1044
f 1152 1084 1065
f 998 1151 1028
f 1067 1101 911
f 1016 1100 999
f 1000 946 1057
f 992 1087 1031
f 898 1316 880
f 914 1140 1105
f 1070 1060 1106
f 993 1034 1090
f 1278 1142 1141
f 931 1007 1128
f 950 1023 1035
f 1037 1129 1074
f 1129 1075 1074
f 1075 1091 1076
f 1168 1009 1093
f 1052 1108 1077
f 1053 1038 1131
f 1079 1061 1011
f 1197 1207 1062
f 869 940 1172
f 940 1027 1172
f 972 1210 1082
f 1013 1210 972
f 1013 939 1210
f 869 1172 1158
f 1027 1043 1227
f 1065 1084 1150
f 1101 1085 911
f 999 1101 1067
f 1046 1100 944
f 1017 976 1015
f 1056 1112 1029
f 852 1057 1001
f 992 1030 1068
f 1069 1244 1059
f 1019 1059 1139
f 914 1019 1139
f 1163 1071 1127
f 899 1154 1072
f 1035 1023 1034
f 1167 1166 887
f 887 1130 1167
f 1168 1130 985
f 1076 1108 1052
f 1180 1109 1178
f 1177 1093 1095
f 1039 968 1180
f 1095 1061 1117
f 1110 1147 1041
f 1110 1041 1096
f 1120 1096 971
f 971 1098 1120
f 1042 1081 1286
f 862 1121 870
f 1065 1099 1152
f 1015 1028 1017
f 911 1159 1066
f 1085 1159 911
f 944 1100 1016
f 945 1017 1046
f 1048 1114 1103
f 1058 1089 1124
f 959 1125 1006
f 1004 1087 1126
f 1104 1088 1136
f 1136 1047 1104
f 880 1316 1069
f 1058 1190 1089
f 1049 1232 1068
f 1190 1005 1105
f 914 1139 1140
f 1032 980 1060
f 1116 1106 1060
f 1106 1116 1154
f 1127 1090 1235
f 1077 1092 1038
f 1094 1078 1039
f 1169 1094 1039
f 1182 1094 1169
f 1117 1119 1118
f 1061 1119 1117
f 1094 1040 1010
f 862 1064 1121
f 1100 1122 999
f 1029 1112 946
f 1056 1243 1123
f 1056 1086 1112
f 1102 1001 1113
f 842 1058 1124
f 1003 842 1216
f 1003 1216 1125
f 1103 1261 980
f 1005 1190 1058
f 728 1138 898
f 980 1203 1060
f 1163 1127 1218
f 1278 1072 1155
f 1279 1073 1128
f 1073 1194 1022
f 1204 1165 1236
f 1143 1204 1175
f 1036 1008 1143
f 1076 1220 1108
f 1177 1168 1093
f 1108 1195 1077
f 1109 1131 1178
f 1179 1039 1180
f 1177 1095 1170
f 1117 1170 1095
f 1118 1132 1133
f 1118 1133 1117
f 1117 1133 1170
f 1133 1132 1134
f 1118 1119 1132
f 1119 1061 1134
f 1119 1134 1132
f 1111 1254 1097
f 1157 1097 1254
f 1096 1184 1110
f 1226 1210 939
f 1042 1286 1240
f 1028 1135 1017
f 1101 999 1160
f 999 1122 1160
f 946 1112 1189
f 1056 1047 1136
f 1056 1136 1243
f 1056 1123 1086
f 1112 1086 1189
f 1087 992 1161
f 1088 1004 1136
f 1138 1115 898
f 1072 1154 1164
f 1164 1155 1072
f 1141 1142 1007
f 1037 1145 1144
f 996 1145 1037
f 1036 1145 996
f 1075 1129 1309
f 1091 1075 1309
f 1133 1146 1170
f 1146 1133 1134
f 1181 1146 1134
f 1134 1061 1181
f 1040 1094 1182
f 1096 1120 1148
f 1158 1172 1408
f 1083 1043 941
f 1066 1173 1099
f 1186 1017 1135
f 946 1189 1057
f 842 1124 1153
f 842 1153 1216
f 1261 1203 980
f 1059 1174 1139
f 1116 1060 1338
f 1294 1129 1037
f 1219 1036 1143
f 1091 1309 1076
f 1092 1077 1195
f 1146 1181 1170
f 1171 1040 1182
f 1061 1079 1147
f 1207 1254 1111
f 1096 1148 1184
f 1226 1080 1322
f 1082 1151 1045
f 1149 1151 1082
f 1150 1084 1083
f 1151 1135 1028
f 1159 1173 1066
f 1085 1213 1159
f 1048 1201 1114
f 1004 1126 1136
f 1190 1105 1162
f 898 1115 1397
f 1116 1234 1154
f 1218 1127 1414
f 1127 1235 1414
f 1291 1090 1034
f 1291 1034 1023
f 1073 1279 1194
f 1156 1023 1107
f 1147 1253 1061
f 1147 1110 1183
f 1268 1157 1254
f 1120 1098 1225
f 1027 1272 1172
f 1121 1063 870
f 1227 1351 1027
f 1086 1123 1189
f 1048 1102 1230
f 1161 992 1202
f 1087 1161 1262
f 1137 1124 1089
f 1068 1232 1202
f 992 1068 1202
f 1140 1139 1191
f 1155 1164 1278
f 1219 1143 1175
f 1309 1129 1402
f 1038 1310 1131
f 1131 1310 1176
f 1267 1180 1178
f 1179 1180 1267
f 1181 1061 1253
f 1040 1171 1197
f 1197 1171 1182
f 1207 1197 1252
f 1184 1148 1185
f 1148 1120 1199
f 1185 1148 1199
f 1172 1257 1408
f 1099 1173 1152
f 1017 1187 1046
f 1057 1113 1001
f 1048 1230 1201
f 1136 1126 1214
f 1069 1316 1244
f 1137 1089 1190
f 1246 1105 1140
f 1116 1338 1247
f 1247 1234 1116
f 1090 1192 1235
f 1193 1023 1156
f 1130 1166 1167
f 1129 1294 1237
f 1361 1130 1168
f 1092 1195 1038
f 1267 1178 1131
f 1039 1179 1169
f 1169 1251 1182
f 1177 1170 1206
f 1206 1170 1181
f 1196 1197 1182
f 1253 1147 1198
f 1110 1184 1183
f 1199 1120 1271
f 1158 1408 1211
f 1084 1212 1083
f 1152 1173 1084
f 1101 1160 1122
f 1017 1186 1187
f 1101 1188 1085
f 1189 1123 1243
f 1189 1243 1288
f 1006 1125 1276
f 1232 1006 1276
f 898 1217 1316
f 1244 1245 1059
f 1059 1245 1174
f 1060 1203 1338
f 1115 1033 1305
f 1163 1218 1033
f 1154 1373 1164
f 1156 1107 1248
f 1204 1236 1249
f 1107 1166 1248
f 1145 1205 1144
f 1294 1037 1144
f 1169 1179 1267
f 1196 1182 1222
f 1222 1182 1221
f 1222 1197 1196
f 1298 1054 1157
f 1208 1185 1199
f 1209 1208 1199
f 1120 1225 1271
f 1298 1080 1054
f 1098 1240 1225
f 1082 1210 1149
f 1064 1211 1121
f 1158 1211 1064
f 1083 1227 1043
f 1136 1214 1243
f 1189 1288 1427
f 1102 1113 1200
f 1230 1102 1200
f 1103 1215 1261
f 1125 1216 1276
f 1137 1190 1162
f 1191 1277 1140
f 1246 1140 1277
f 1373 1278 1164
f 1023 1193 1291
f 1007 1142 1128
f 1464 1166 1130
f 1129 1237 1402
f 1145 1036 1205
f 1131 1176 1267
f 1311 1177 1206
f 1252 1197 1222
f 1198 1147 1183
f 1207 1297 1254
f 1185 1223 1184
f 1223 1185 1208
f 1224 1223 1208
f 1224 1208 1209
f 1209 1199 1271
f 1121 1081 1063
f 1408 1365 1211
f 1083 1228 1227
f 1229 1212 1084
f 1084 1173 1229
f 1173 1159 1287
f 1122 1258 1101
f 1100 1241 1122
f 1046 1260 1100
f 1202 1232 1326
f 1233 1137 1162
f 1261 1265 1203
f 1156 1281 1193
f 1330 1036 1219
f 1195 1331 1038
f 1177 1295 1168
f 1283 1181 1253
f 1198 1183 1253
f 1184 1314 1183
f 1268 1298 1157
f 1184 1238 1314
f 1223 1238 1184
f 1238 1223 1224
f 1239 1238 1224
f 1239 1224 1209
f 1271 1225 1385
f 1210 1285 1149
f 1212 1228 1083
f 1085 1188 1213
f 1189 1427 1242
f 1189 1242 1057
f 1137 1337 1124
f 1105 1233 1162
f 1203 1265 1338
f 1033 1218 1329
f 1373 1340 1278
f 1278 1340 1142
f 1142 1279 1128
f 1248 1281 1156
f 1237 1282 1402
f 1294 1144 1293
f 1220 1250 1108
f 1038 1331 1310
f 1177 1311 1318
f 1238 1255 1314
f 1255 1238 1239
f 1256 1255 1239
f 1256 1239 1209
f 1298 1322 1080
f 1172 1272 1257
f 1151 1149 1273
f 1135 1273 1186
f 1151 1273 1135
f 1188 1101 1393
f 1101 1258 1393
f 1100 1259 1241
f 1186 1260 1187
f 1262 1161 1326
f 1087 1262 1126
f 1137 1357 1337
f 1105 1246 1233
f 1263 1265 1261
f 1194 1292 1022
f 1342 1175 1204
f 1416 1166 1464
f 1330 1219 1175
f 1036 1451 1205
f 1451 1036 1330
f 1076 1452 1220
f 1195 1108 1250
f 1177 1318 1295
f 1221 1182 1251
f 1268 1254 1313
f 1255 1269 1314
f 1269 1255 1256
f 1270 1269 1256
f 1270 1256 1209
f 1226 1350 1210
f 1240 1286 1323
f 1212 1367 1228
f 1186 1273 1301
f 1229 1173 1212
f 1213 1287 1159
f 1100 1260 1259
f 1187 1260 1046
f 1113 1057 1275
f 1201 1413 1114
f 1261 1215 1263
f 1202 1326 1161
f 1233 1246 1304
f 1397 1115 1305
f 1414 1235 1192
f 1142 1280 1279
f 1291 1193 1266
f 1194 1279 1292
f 1266 1193 1308
f 1165 1462 1236
f 1281 1248 1166
f 1236 1342 1249
f 1282 1237 1294
f 1295 1361 1168
f 1206 1319 1311
f 1312 1221 1251
f 1297 1207 1346
f 1346 1207 1252
f 1253 1183 1433
f 1269 1270 1314
f 1284 1270 1209
f 1385 1284 1209
f 1385 1209 1271
f 1225 1240 1323
f 1210 1350 1285
f 1149 1352 1273
f 1352 1149 1285
f 1367 1212 1274
f 1212 1173 1274
f 1287 1437 1173
f 1243 1214 1325
f 1243 1325 1354
f 1126 1262 1327
f 898 1290 1217
f 1217 1290 1316
f 1232 1276 1264
f 1232 1264 1326
f 1137 1233 1304
f 1139 1174 1191
f 1399 1373 1154
f 1090 1512 1192
f 1193 1281 1308
f 1342 1204 1249
f 1294 1481 1282
f 1144 1205 1293
f 1076 1403 1452
f 1250 1220 1452
f 1331 1195 1250
f 1181 1296 1345
f 1283 1296 1181
f 1346 1252 1222
f 1433 1283 1253
f 1254 1297 1313
f 1298 1268 1315
f 1315 1268 1313
f 1314 1284 1332
f 1270 1284 1314
f 1081 1299 1286
f 1211 1365 1121
f 1027 1351 1272
f 1122 1241 1258
f 1057 1242 1275
f 1114 1413 1302
f 1103 1114 1302
f 1103 1302 1215
f 1316 1476 1244
f 1277 1303 1246
f 1277 1191 1174
f 1234 1317 1154
f 1512 1090 1291
f 1291 1266 1429
f 1279 1307 1306
f 1292 1513 1022
f 1479 1462 1165
f 1281 1166 1308
f 1462 1342 1236
f 1130 1361 1719
f 1374 1294 1293
f 1403 1076 1309
f 1169 1267 1467
f 1467 1379 1169
f 1251 1169 1379
f 1312 1251 1453
f 1222 1221 1312
f 1183 1314 1433
f 1321 1284 1385
f 1260 1300 1259
f 1186 1301 1260
f 1113 1275 1200
f 1201 1230 1289
f 1153 1124 1216
f 1262 1326 1327
f 1214 1126 1231
f 1290 1492 1316
f 1244 1476 1245
f 1276 1440 1264
f 1476 1174 1245
f 1357 1137 1304
f 1338 1265 1536
f 1033 1339 1305
f 1234 1247 1317
f 1142 1341 1280
f 1341 1142 1340
f 1165 1513 1479
f 1513 1165 1022
f 1311 1319 1318
f 1181 1345 1206
f 1320 1332 1284
f 1320 1284 1321
f 1315 1322 1298
f 1471 1226 1322
f 1227 1324 1351
f 1227 1228 1324
f 1367 1353 1228
f 1214 1335 1325
f 1336 1427 1288
f 1216 1355 1491
f 1216 1491 1276
f 1126 1327 1231
f 1214 1231 1335
f 1326 1264 1328
f 1290 898 1397
f 1246 1303 1398
f 1218 1414 1441
f 1306 1292 1279
f 1166 1478 1308
f 1130 1719 1464
f 1453 1251 1379
f 1206 1345 1319
f 1380 1222 1312
f 1405 1315 1313
f 1333 1320 1321
f 1385 1333 1321
f 1385 1225 1424
f 1408 1257 1581
f 1351 1324 1390
f 1273 1368 1301
f 1258 1241 1393
f 1301 1334 1260
f 1288 1243 1354
f 1288 1354 1336
f 1201 1289 1413
f 1215 1302 1370
f 1263 1215 1370
f 1216 1124 1355
f 1494 1174 1476
f 1246 1398 1449
f 1338 1359 1247
f 1339 1033 1329
f 1441 1329 1218
f 1512 1291 1429
f 1280 1341 1279
f 1294 1374 1481
f 1250 1343 1331
f 1176 1377 1267
f 1404 1344 1176
f 1176 1310 1404
f 1346 1222 1420
f 1381 1283 1433
f 1313 1297 1346
f 1314 1332 1433
f 1320 1347 1332
f 1347 1320 1333
f 1348 1347 1333
f 1348 1333 1385
f 1315 1349 1322
f 1257 1272 1386
f 1352 1285 1472
f 1471 1350 1226
f 1121 1299 1081
f 1173 1391 1274
f 1334 1369 1260
f 1334 1301 1369
f 1335 1231 1356
f 1371 1326 1328
f 1277 1174 1358
f 1277 1358 1303
f 1247 1359 1317
f 1317 1359 1154
f 1341 1477 1279
f 1279 1477 1360
f 1574 1166 1416
f 1443 1416 1464
f 1319 1295 1318
f 1345 1381 1419
f 1345 1296 1381
f 1347 1363 1332
f 1363 1347 1348
f 1364 1363 1348
f 1364 1348 1385
f 1121 1365 1299
f 1390 1389 1351
f 1274 1455 1367
f 1437 1411 1173
f 1173 1411 1391
f 1260 1369 1300
f 1393 1426 1188
f 1354 1325 1475
f 1124 1337 1355
f 1276 1491 1440
f 1316 1492 1476
f 1304 1246 1449
f 1338 1536 1510
f 1510 1359 1338
f 1154 1359 1538
f 1154 1442 1399
f 1340 1373 1400
f 1279 1360 1307
f 1266 1308 1478
f 1205 1417 1293
f 1452 1343 1250
f 1331 1343 1362
f 1377 1378 1267
f 1344 1377 1176
f 1310 1531 1404
f 1267 1378 1467
f 1444 1420 1222
f 1283 1381 1296
f 1363 1383 1332
f 1383 1363 1364
f 1384 1383 1364
f 1384 1364 1385
f 1286 1503 1323
f 1286 1299 1387
f 1351 1388 1272
f 1273 1352 1366
f 1273 1446 1368
f 1446 1273 1366
f 1393 1392 1426
f 1241 1259 1393
f 1188 1569 1213
f 1275 1242 1394
f 1325 1335 1475
f 1449 1357 1304
f 1174 1494 1358
f 1303 1358 1398
f 1441 1414 1372
f 1538 1442 1154
f 1414 1192 1372
f 1373 1399 1400
f 1340 1400 1341
f 1478 1166 1574
f 1402 1282 1496
f 1293 1417 1374
f 1309 1402 1403
f 1361 1295 1376
f 1498 1295 1319
f 1379 1467 1453
f 1312 1453 1539
f 1319 1345 1418
f 1222 1380 1432
f 1484 1222 1432
f 1346 1420 1313
f 1315 1421 1349
f 1421 1315 1405
f 1383 1406 1332
f 1406 1383 1384
f 1407 1406 1384
f 1407 1384 1385
f 1322 1349 1552
f 1552 1471 1322
f 1257 1386 1581
f 1389 1388 1351
f 1301 1435 1369
f 1274 1436 1455
f 1326 1371 1327
f 1476 1492 1439
f 1263 1507 1265
f 1265 1495 1536
f 1441 1339 1329
f 1192 1401 1415
f 1307 1292 1306
f 1463 1342 1462
f 1481 1496 1282
f 1331 1362 1431
f 1331 1431 1310
f 1444 1222 1484
f 1419 1381 1433
f 1485 1313 1382
f 1405 1313 1485
f 1516 1433 1332
f 1332 1422 1434
f 1406 1422 1332
f 1422 1406 1407
f 1423 1422 1407
f 1423 1407 1385
f 1225 1323 1487
f 1408 1581 1365
f 1299 1365 1409
f 1353 1367 1455
f 1301 1410 1435
f 1368 1410 1301
f 1391 1411 1274
f 1456 1287 1213
f 1393 1447 1392
f 1242 1427 1394
f 1200 1275 1395
f 1475 1473 1354
f 1336 1354 1489
f 1336 1489 1427
f 1200 1395 1230
f 1355 1337 1491
f 1327 1438 1231
f 1475 1335 1356
f 1337 1357 1396
f 1337 1396 1508
f 1192 1415 1372
f 1442 1400 1399
f 1266 1478 1514
f 1463 1175 1342
f 1362 1343 1431
f 1483 1343 1452
f 1499 1319 1418
f 1470 1312 1539
f 1345 1419 1418
f 1313 1420 1382
f 1516 1332 1434
f 1423 1434 1422
f 1423 1551 1434
f 1385 1551 1423
f 1551 1385 1424
f 1365 1518 1409
f 1445 1365 1581
f 1366 1352 1446
f 1274 1425 1436
f 1437 1287 1456
f 1426 1392 1188
f 1413 1289 1448
f 1337 1490 1491
f 1231 1438 1356
f 1264 1440 1328
f 1460 1359 1510
f 1359 1460 1538
f 1442 1529 1400
f 1429 1266 1461
f 1360 1477 1307
f 1205 1451 1417
f 1498 1468 1295
f 1434 1551 1516
f 1486 1349 1421
f 1225 1487 1424
f 1352 1472 1446
f 1324 1228 1390
f 1300 1506 1259
f 1289 1230 1395
f 1440 1491 1493
f 1371 1458 1327
f 1475 1356 1473
f 1440 1493 1328
f 1290 1397 1492
f 1449 1396 1357
f 1192 1512 1401
f 1416 1443 1574
f 1481 1374 1430
f 1452 1375 1483
f 1452 1465 1375
f 1452 1403 1465
f 1344 1404 1377
f 1310 1431 1531
f 1485 1420 1444
f 1382 1420 1485
f 1409 1488 1299
f 1353 1454 1228
f 1392 1505 1188
f 1289 1412 1448
f 1302 1413 1428
f 1491 1457 1493
f 1490 1337 1508
f 1371 1328 1458
f 1358 1450 1398
f 1537 1305 1339
f 1537 1339 1441
f 1511 1442 1538
f 1461 1512 1429
f 1513 1292 1307
f 1479 1530 1462
f 1330 1175 1463
f 1480 1443 1464
f 1402 1496 1403
f 1482 1376 1295
f 1295 1468 1482
f 1404 1531 1377
f 1312 1470 1380
f 1516 1419 1433
f 1487 1323 1502
f 1365 1445 1518
f 1388 1519 1272
f 1390 1534 1389
f 1390 1582 1534
f 1274 1411 1425
f 1456 1541 1437
f 1393 1521 1447
f 1489 1354 1473
f 1427 1489 1474
f 1370 1507 1263
f 1358 1494 1558
f 1442 1604 1529
f 1482 1361 1376
f 1378 1497 1466
f 1467 1378 1565
f 1467 1539 1453
f 1319 1499 1498
f 1418 1419 1607
f 1484 1432 1500
f 1500 1432 1532
f 1634 1485 1444
f 1286 1387 1503
f 1518 1488 1409
f 1228 1454 1390
f 1455 1436 1353
f 1505 1504 1188
f 1259 1506 1393
f 1300 1622 1506
f 1369 1622 1300
f 1213 1569 1456
f 1394 1427 1523
f 1302 1428 1507
f 1302 1507 1370
f 1490 1508 1491
f 1458 1524 1327
f 1328 1572 1458
f 1492 1397 1509
f 1398 1450 1602
f 1398 1602 1449
f 1372 1415 1603
f 1511 1604 1442
f 1529 1543 1400
f 1401 1512 1615
f 1461 1266 1514
f 1659 1719 1361
f 1481 1515 1496
f 1430 1515 1481
f 1343 1483 1431
f 1377 1548 1378
f 1470 1539 1380
f 1532 1432 1380
f 1405 1485 1540
f 1323 1503 1568
f 1272 1519 1386
f 1369 1435 1622
f 1410 1368 1435
f 1411 1437 1425
f 1569 1188 1504
f 1447 1505 1392
f 1275 1394 1395
f 1474 1523 1427
f 1289 1395 1412
f 1448 1428 1413
f 1507 1495 1265
f 1397 1305 1509
f 1528 1441 1372
f 1514 1512 1461
f 1477 1627 1307
f 1605 1478 1574
f 1374 1417 1430
f 1403 1496 1465
f 1431 1547 1531
f 1483 1547 1431
f 1469 1467 1566
f 1469 1566 1467
f 1498 1499 1468
f 1418 1607 1499
f 1607 1419 1501
f 1634 1444 1484
f 1501 1419 1516
f 1567 1516 1550
f 1550 1516 1551
f 1486 1517 1349
f 1487 1502 1424
f 1389 1519 1388
f 1368 1446 1520
f 1506 1521 1393
f 1493 1457 1678
f 1327 1524 1438
f 1356 1438 1525
f 1356 1525 1459
f 1356 1459 1526
f 1473 1356 1526
f 1571 1428 1448
f 1591 1476 1653
f 1328 1493 1527
f 1572 1328 1527
f 1476 1591 1494
f 1449 1602 1396
f 1495 1668 1536
f 1372 1603 1528
f 1513 1307 1544
f 1573 1513 1544
f 1514 1478 1682
f 1682 1478 1605
f 1513 1530 1479
f 1462 1629 1463
f 1629 1330 1463
f 1378 1548 1497
f 1377 1531 1548
f 1467 1566 1539
f 1532 1380 1539
f 1549 1500 1532
f 1549 1484 1500
f 1516 1567 1501
f 1486 1421 1517
f 1533 1349 1517
f 1349 1533 1552
f 1299 1503 1387
f 1368 1555 1435
f 1569 1504 1570
f 1476 1439 1653
f 1602 1450 1358
f 1480 1574 1443
f 1480 1464 1545
f 1464 1719 1545
f 1594 1658 1430
f 1417 1451 1430
f 1658 1515 1430
f 1467 1565 1566
f 1468 1499 1643
f 1632 1634 1484
f 1517 1421 1596
f 1517 1596 1533
f 1445 1581 1646
f 1472 1285 1553
f 1299 1554 1503
f 1299 1488 1554
f 1534 1582 1389
f 1390 1454 1582
f 1436 1584 1353
f 1437 1535 1425
f 1394 1523 1601
f 1473 1522 1489
f 1412 1624 1448
f 1508 1626 1457
f 1491 1508 1457
f 1438 1524 1458
f 1536 1639 1510
f 1537 1681 1305
f 1441 1528 1537
f 1615 1512 1514
f 1400 1560 1341
f 1513 1573 1530
f 1629 1462 1593
f 1496 1515 1546
f 1465 1496 1546
f 1375 1562 1483
f 1564 1548 1531
f 1549 1532 1577
f 1578 1607 1501
f 1632 1484 1549
f 1768 1540 1485
f 1768 1405 1540
f 1421 1405 1579
f 1533 1596 1552
f 1471 1697 1350
f 1553 1446 1472
f 1353 1584 1454
f 1436 1425 1584
f 1437 1608 1535
f 1541 1608 1437
f 1506 1622 1521
f 1395 1394 1412
f 1507 1557 1495
f 1494 1591 1558
f 1460 1510 1639
f 1703 1559 1460
f 1538 1460 1559
f 1529 1560 1543
f 1627 1477 1341
f 1462 1530 1628
f 1628 1593 1462
f 1465 1562 1375
f 1547 1483 1562
f 1659 1361 1482
f 1531 1563 1564
f 1547 1562 1531
f 1378 1617 1565
f 1482 1468 1595
f 1532 1539 1618
f 1606 1499 1607
f 1578 1501 1661
f 1687 1485 1645
f 1687 1768 1485
f 1424 1502 1580
f 1503 1598 1568
f 1425 1535 1584
f 1523 1474 1556
f 1438 1458 1525
f 1473 1526 1522
f 1439 1667 1653
f 1728 1396 1602
f 1508 1396 1638
f 1626 1508 1638
f 1558 1669 1358
f 1559 1703 1538
f 1560 1627 1341
f 1307 1561 1544
f 1605 1574 1732
f 1451 1330 1629
f 1594 1451 1705
f 1451 1594 1430
f 1631 1659 1482
f 1531 1562 1563
f 1466 1617 1378
f 1618 1539 1566
f 1468 1643 1595
f 1644 1661 1501
f 1567 1633 1501
f 1634 1645 1485
f 1721 1567 1550
f 1424 1580 1551
f 1596 1471 1552
f 1323 1568 1803
f 1350 1697 1285
f 1554 1598 1503
f 1518 1647 1488
f 1553 1583 1446
f 1597 1583 1553
f 1454 1599 1582
f 1435 1585 1622
f 1368 1520 1555
f 1569 1586 1456
f 1522 1542 1489
f 1412 1588 1624
f 1557 1507 1589
f 1492 1509 1439
f 1493 1590 1527
f 1558 1591 1669
f 1612 1358 1669
f 1614 1538 1703
f 1511 1538 1614
f 1603 1415 1613
f 1604 1560 1529
f 1543 1560 1400
f 1732 1574 1480
f 1545 1719 1480
f 1466 1497 1617
f 1564 1576 1548
f 1595 1631 1482
f 1499 1606 1643
f 1768 1579 1405
f 1488 1647 1674
f 1518 1445 1647
f 1555 1520 1435
f 1394 1587 1412
f 1587 1588 1412
f 1489 1542 1474
f 1459 1525 1611
f 1459 1611 1526
f 1439 1509 1637
f 1396 1728 1638
f 1602 1358 1612
f 1614 1604 1511
f 1401 1615 1415
f 1514 1682 1640
f 1307 1656 1561
f 1627 1656 1307
f 1544 1530 1573
f 1628 1629 1593
f 1705 1451 1629
f 1515 1658 1546
f 1546 1630 1465
f 1563 1576 1564
f 1577 1532 1618
f 1577 1686 1549
f 1661 1607 1578
f 1501 1633 1644
f 1695 1596 1421
f 1386 1620 1581
f 1553 1285 1597
f 1488 1674 1554
f 1582 1519 1389
f 1520 1621 1435
f 1608 1677 1535
f 1570 1664 1569
f 1521 1609 1447
f 1601 1701 1587
f 1523 1556 1601
f 1571 1610 1428
f 1507 1428 1610
f 1457 1636 1678
f 1602 1592 1728
f 1528 1613 1716
f 1604 1655 1560
f 1465 1630 1562
f 1575 1684 1562
f 1630 1575 1562
f 1497 1548 1617
f 1566 1565 1618
f 1549 1686 1632
f 1633 1567 1721
f 1695 1421 1579
f 1551 1721 1550
f 1581 1620 1619
f 1386 1519 1620
f 1435 1600 1585
f 1435 1621 1600
f 1535 1676 1584
f 1664 1649 1569
f 1505 1570 1504
f 1447 1609 1505
f 1394 1601 1587
f 1474 1542 1665
f 1474 1665 1556
f 1448 1624 1651
f 1448 1651 1610
f 1571 1448 1610
f 1557 1589 1756
f 1493 1678 1590
f 1439 1637 1667
f 1572 1527 1590
f 1572 1727 1458
f 1536 1668 1639
f 1613 1528 1603
f 1640 1615 1514
f 1629 1628 1683
f 1705 1629 1657
f 1576 1563 1616
f 1562 1684 1563
f 1708 1686 1577
f 1643 1672 1595
f 1606 1660 1643
f 1660 1606 1607
f 1750 1634 1632
f 1687 1645 1634
f 1323 1803 1502
f 1554 1674 1598
f 1647 1445 1648
f 1582 1599 1519
f 1446 1583 1520
f 1584 1635 1454
f 1600 1622 1585
f 1677 1676 1535
f 1569 1649 1586
f 1505 1664 1570
f 1507 1610 1589
f 1525 1625 1611
f 1495 1557 1668
f 1703 1460 1639
f 1560 1656 1627
f 1530 1544 1561
f 1656 1811 1561
f 1594 1705 1658
f 1546 1658 1630
f 1630 1641 1575
f 1548 1642 1617
f 1708 1577 1618
f 1660 1607 1661
f 1696 1697 1471
f 1445 1646 1648
f 1599 1662 1519
f 1583 1597 1520
f 1621 1699 1600
f 1584 1676 1635
f 1608 1541 1677
f 1623 1664 1505
f 1650 1588 1587
f 1556 1701 1601
f 1626 1690 1457
f 1679 1542 1522
f 1637 1652 1666
f 1509 1652 1637
f 1637 1666 1667
f 1728 1702 1638
f 1690 1626 1638
f 1602 1654 1592
f 1756 1668 1557
f 1614 1703 1604
f 1613 1415 1694
f 1683 1628 1530
f 1605 1730 1682
f 1605 1732 1730
f 1631 1672 1709
f 1595 1672 1631
f 1672 1643 1660
f 1750 1632 1673
f 1687 1634 1750
f 1580 1780 1551
f 1596 1696 1471
f 1581 1735 1646
f 1520 1769 1621
f 1597 1769 1520
f 1649 1456 1586
f 1609 1724 1505
f 1609 1521 1622
f 1525 1458 1727
f 1654 1602 1612
f 1656 1560 1655
f 1642 1685 1617
f 1686 1673 1632
f 1596 1695 1696
f 1581 1619 1735
f 1519 1662 1620
f 1599 1663 1662
f 1609 1622 1600
f 1541 1456 1677
f 1649 1753 1456
f 1505 1724 1623
f 1522 1526 1679
f 1728 1592 1692
f 1509 1305 1809
f 1415 1615 1694
f 1683 1844 1629
f 1657 1629 1844
f 1630 1658 1747
f 1616 1563 1765
f 1617 1685 1670
f 1576 1616 1548
f 1766 1631 1709
f 1708 1618 1565
f 1721 1688 1633
f 1768 1695 1579
f 1597 1285 1752
f 1598 1698 1568
f 1598 1674 1698
f 1663 1599 1712
f 1676 1713 1635
f 1623 1724 1664
f 1588 1650 1788
f 1589 1610 1689
f 1590 1691 1572
f 1591 1653 1680
f 1809 1305 1681
f 1703 1639 1693
f 1604 1703 1655
f 1817 1746 1732
f 1817 1732 1480
f 1719 1659 1631
f 1720 1575 1641
f 1720 1684 1575
f 1670 1778 1617
f 1644 1633 1688
f 1721 1551 1780
f 1502 1722 1580
f 1647 1698 1674
f 1621 1711 1699
f 1454 1713 1599
f 1454 1635 1713
f 1600 1675 1609
f 1713 1676 1677
f 1556 1665 1700
f 1636 1457 1690
f 1590 1678 1691
f 1525 1727 1625
f 1638 1759 1690
f 1652 1509 1809
f 1669 1591 1715
f 1669 1715 1612
f 1742 1681 1537
f 1537 1528 1716
f 1744 1537 1716
f 1717 1655 1703
f 1816 1730 1732
f 1530 1704 1683
f 1704 1800 1683
f 1844 1705 1657
f 1705 1706 1658
f 1630 1763 1641
f 1708 1565 1802
f 1708 1671 1686
f 1709 1672 1660
f 1709 1660 1767
f 1687 1750 1710
f 1821 1768 1687
f 1688 1721 1644
f 1697 1752 1285
f 1647 1648 1698
f 1646 1736 1648
f 1621 1769 1711
f 1699 1675 1600
f 1677 1738 1713
f 1456 1785 1677
f 1456 1753 1785
f 1724 1754 1664
f 1556 1700 1701
f 1588 1788 1624
f 1689 1756 1589
f 1652 1809 1666
f 1680 1758 1591
f 1612 1715 1798
f 1639 1774 1743
f 1639 1668 1774
f 1693 1639 1743
f 1693 1729 1703
f 1716 1613 1694
f 1717 1718 1655
f 1615 1640 1682
f 1730 1615 1682
f 1656 1655 1811
f 1561 1704 1530
f 1800 1844 1683
f 1706 1913 1658
f 1658 1913 1733
f 1791 1913 1705
f 1913 1706 1705
f 1658 1733 1747
f 1884 1719 1631
f 1616 1765 1707
f 1684 1765 1563
f 1707 1548 1616
f 1884 1631 1766
f 1673 1686 1671
f 1767 1660 1661
f 1821 1687 1710
f 1752 1769 1597
f 1696 1752 1697
f 1699 1711 1675
f 1713 1772 1599
f 1689 1610 1725
f 1678 1977 1691
f 1526 1757 1679
f 1667 1666 1809
f 1653 1667 1809
f 1758 1680 1653
f 1702 1759 1638
f 1572 1691 1849
f 1761 1702 1728
f 1654 1612 1798
f 1592 1654 1798
f 1774 1668 1756
f 1693 1743 1729
f 1703 1729 1762
f 1717 1703 1762
f 1718 1745 1655
f 1655 1745 1811
f 1561 1731 1704
f 1480 1719 1817
f 1720 1749 1684
f 1617 1778 1565
f 1548 1914 1642
f 1644 1721 1780
f 1722 1502 1803
f 1736 1646 1734
f 1620 1751 1619
f 1698 1770 1568
f 1662 1860 1620
f 1620 1860 1751
f 1662 1663 1860
f 1675 1711 1806
f 1772 1712 1599
f 1713 1738 1714
f 1754 1723 1664
f 1675 1737 1609
f 1587 1701 1796
f 1542 1679 1739
f 1665 1542 1739
f 1636 1866 1678
f 1611 1741 1526
f 1726 1625 1727
f 1775 1743 1774
f 1716 1694 2088
f 1615 1730 1816
f 1792 1719 1884
f 1684 1749 1765
f 1802 1887 1708
f 1889 1709 1767
f 1781 1695 1768
f 1646 1794 1734
f 1735 1794 1646
f 1610 1651 1789
f 1689 1725 1740
f 1727 1572 1726
f 1692 1760 1728
f 1743 1775 1729
f 1762 1729 1775
f 1694 1615 1909
f 1745 1718 1811
f 1817 1719 1792
f 1630 1748 1763
f 1720 1641 1763
f 1778 1642 1764
f 1642 1914 1764
f 1548 1707 1914
f 1642 1778 1685
f 1671 1708 1887
f 1766 1709 1793
f 1779 1750 1673
f 1819 1710 1750
f 1661 1644 1820
f 1580 1722 1780
f 1803 1568 1782
f 1619 1804 1735
f 1752 1696 1769
f 1648 1771 1698
f 1736 1771 1648
f 1794 1736 1734
f 1711 1769 1806
f 1649 1664 1753
f 1807 1609 1737
f 1701 1700 1755
f 1755 1796 1701
f 1773 1756 1689
f 1977 1678 1866
f 1679 1757 1903
f 1625 1726 1850
f 1592 1760 1692
f 1592 1798 1760
f 1717 1762 1776
f 1718 1790 1811
f 1811 1731 1561
f 1816 1732 1746
f 1883 1800 1704
f 1791 1705 1844
f 1630 1747 1936
f 1720 1763 1748
f 1630 1936 1748
f 1778 1915 1565
f 1565 1915 1802
f 1685 1778 1670
f 1671 1779 1673
f 1917 1767 1661
f 1710 1855 1821
f 1820 1919 1661
f 1644 1780 1820
f 1781 1768 1821
f 1822 1695 1781
f 1822 1696 1695
f 1696 1805 1769
f 1770 1846 1568
f 1713 1784 1772
f 1772 1784 1712
f 1713 1714 1784
f 1664 1823 1753
f 1724 1786 1754
f 1650 1587 1787
f 1665 1739 1795
f 1610 1789 1725
f 1690 1868 1636
f 1625 1757 1611
f 1741 1611 1757
f 1741 1757 1526
f 1653 1809 1758
f 1759 1868 1690
f 1715 1591 1758
f 1761 1759 1702
f 1742 1537 1744
f 1694 1909 2139
f 1909 1615 1777
f 2054 1704 1731
f 1749 1801 1765
f 1884 1766 1793
f 1939 1671 1887
f 1917 1661 1919
f 1771 1736 1698
f 1712 1860 1663
f 1846 1782 1568
f 1785 1863 1677
f 1753 1823 1785
f 1724 1609 1786
f 1587 1796 1787
f 1679 1808 1739
f 1700 1665 1795
f 1624 1797 1651
f 1689 1740 1773
f 1761 1728 1760
f 1761 1760 1759
f 1760 1798 1815
f 1775 1799 1762
f 1869 1744 1716
f 1799 1776 1762
f 1717 1830 1718
f 1811 2143 1731
f 1910 1816 1746
f 1733 1913 1747
f 1765 1801 1938
f 1778 1764 1853
f 1709 1854 1793
f 1671 1888 1779
f 1779 1888 1750
f 1767 1917 1889
f 1857 1696 1822
f 1751 1804 1619
f 1769 1805 1806
f 1736 1813 1698
f 1712 1783 1860
f 1675 1806 1737
f 1784 1861 1712
f 1863 1738 1677
f 1723 1823 1664
f 1723 1754 1786
f 1609 1807 1901
f 1787 1825 1650
f 1788 1650 1797
f 1624 1788 1797
f 1903 1808 1679
f 1868 1759 1810
f 1726 1572 1850
f 1905 1774 1756
f 1774 1905 1775
f 1830 2045 1718
f 2045 1790 1718
f 1615 1816 1777
f 1792 1884 1817
f 1778 1853 1885
f 1884 1793 1854
f 1887 1802 1886
f 1781 1821 1822
f 1780 1858 1820
f 1735 1804 1794
f 1947 1696 1857
f 1770 1698 1813
f 1736 1794 1813
f 1807 1737 1901
f 1785 1823 1863
f 1723 1786 1823
f 1609 1901 1786
f 1797 1650 1651
f 1691 1814 1849
f 1759 1760 1815
f 1799 1775 1905
f 2088 1694 2139
f 1790 2143 1811
f 1731 2332 2054
f 2001 1883 1704
f 1844 1800 1883
f 1936 1747 1812
f 2004 1817 1884
f 1915 1778 1885
f 1765 1914 1707
f 1938 1914 1765
f 1888 1891 1750
f 1940 1819 1750
f 1818 1917 1919
f 1943 1919 1820
f 1722 1858 1780
f 1722 1803 1782
f 1712 1861 1783
f 1806 1926 1737
f 1784 1714 1861
f 1714 1738 1899
f 1739 1903 1795
f 1650 1825 1827
f 1650 1827 1651
f 1827 1824 1651
f 1651 1824 1789
f 1691 1977 1814
f 1789 1824 1826
f 1826 1824 1827
f 1815 1798 1867
f 1825 1787 1828
f 1828 1787 1871
f 1826 1827 1832
f 1725 1789 1826
f 1827 1825 1834
f 1725 1826 1832
f 1832 1827 1834
f 1829 1834 1825
f 1825 1828 1831
f 1832 1979 1725
f 1829 1825 1831
f 1831 1828 1871
f 1834 1829 1933
f 1829 1831 1871
f 1829 1871 1833
f 1834 1933 2142
f 1829 1833 1837
f 1835 1933 1829
f 1829 1837 1839
f 1843 1829 1839
f 1835 1829 1843
f 1837 1833 1836
f 1839 1837 1838
f 1843 1839 1842
f 1837 1836 1840
f 1838 1837 1840
f 1839 1838 1841
f 1842 1839 1841
f 2336 1746 1817
f 1791 1844 2002
f 2285 1720 1748
f 1854 1845 1884
f 1891 1940 1750
f 1918 1917 1818
f 1710 1819 1855
f 1855 1819 1892
f 1821 1855 1822
f 1722 1782 1894
f 1805 1896 1806
f 1696 1947 1805
f 1813 1922 1770
f 1755 1700 1796
f 1927 1787 1796
f 1903 1757 1848
f 1903 1739 1808
f 1725 1979 1740
f 1809 1865 1758
f 1572 1849 1850
f 1815 1867 1810
f 1759 1815 1810
f 1809 1681 2087
f 1715 1906 1798
f 1905 1986 1799
f 2045 1717 1776
f 1717 2045 1830
f 2274 1832 1851
f 1834 1851 1832
f 1852 1833 1871
f 2054 2001 1704
f 1777 1816 1910
f 1836 1841 1840
f 1838 1840 1841
f 1802 1915 1886
f 1671 1939 1888
f 1890 1889 1917
f 1943 1820 1858
f 1858 1722 1894
f 1751 1860 1897
f 1896 1805 1947
f 1846 1770 1782
f 1794 1923 1813
f 1783 1898 1860
f 1714 1899 1861
f 1738 1900 1899
f 1823 1864 1863
f 1868 1866 1636
f 1814 1847 1849
f 1715 1758 1906
f 1787 1904 1871
f 1810 1867 1877
f 1868 1810 1874
f 1872 1867 1798
f 1868 1907 1866
f 1867 1872 1877
f 1874 1810 1877
f 1742 2135 1681
f 1872 1798 1875
f 1907 1868 1874
f 1874 1877 1873
f 1870 1907 1874
f 1908 1852 1871
f 1870 1874 1873
f 1877 1872 1878
f 1878 1872 1875
f 1873 1877 1878
f 2142 1851 1834
f 1873 1878 1880
f 2045 2186 1790
f 1880 1875 1912
f 1880 1878 1875
f 1875 1876 1879
f 1881 1912 1875
f 1881 1875 1879
f 1934 1876 1999
f 1879 1876 1934
f 1836 1833 1932
f 1933 1835 1843
f 1912 1911 1880
f 1882 1881 2146
f 1912 1881 1882
f 2002 1844 1883
f 1913 1791 2095
f 1747 1913 1812
f 1720 1801 1749
f 1887 2060 1939
f 1709 2059 1854
f 1889 1890 2061
f 1940 1892 1819
f 1855 1856 1822
f 1858 1921 1943
f 1858 1895 1921
f 1858 1894 1893
f 1782 1893 1894
f 1893 1782 1770
f 1804 1859 1948
f 1751 1897 1804
f 1860 1898 1897
f 1738 1863 1864
f 1862 1900 1738
f 1823 1902 1864
f 1786 1902 1823
f 1773 1740 2266
f 1773 2266 1756
f 1814 1977 2449
f 1906 1758 1865
f 1866 1907 1977
f 1904 1908 1871
f 1798 1906 1875
f 1906 2040 1875
f 1681 2135 2087
f 1744 1869 1742
f 1870 1931 1907
f 1833 1852 1932
f 1990 1880 1911
f 1909 1910 1746
f 1881 1879 2146
f 1720 2285 1801
f 1845 2004 1884
f 2004 1845 1854
f 1709 1916 2059
f 1709 1889 1916
f 1888 1940 1891
f 1942 1919 1920
f 1943 1920 1919
f 1941 1856 1855
f 1892 1941 1855
f 1895 1943 1921
f 1893 1895 1858
f 1770 1895 1893
f 1770 1922 1895
f 1813 1923 1922
f 1949 1898 1783
f 1861 1949 1783
f 1899 1949 1861
f 1864 1862 1738
f 1864 2023 1862
f 1902 2023 1864
f 1786 1901 1902
f 1737 1926 1901
f 1903 2310 1795
f 1795 1928 1700
f 1848 1757 1929
f 1929 1903 1848
f 1756 2036 1905
f 1977 1907 1931
f 1869 2271 1742
f 2271 2135 1742
f 1979 1832 2274
f 1776 1799 2045
f 1869 1716 2088
f 1875 2046 1876
f 1873 1880 1990
f 2046 1999 1876
f 1836 1932 1935
f 1841 1836 1935
f 1842 1841 1935
f 1843 1842 2058
f 2001 2193 1883
f 2002 2095 1791
f 2336 1817 2477
f 2095 1812 1913
f 1817 2004 2477
f 1914 1937 1764
f 2004 1854 2149
f 2149 1854 2059
f 1890 1917 2061
f 1917 2196 2061
f 1917 1918 2196
f 1919 1942 1818
f 2160 1941 1892
f 1942 1920 1943
f 1895 1944 1943
f 1945 1944 1895
f 1857 1822 2076
f 1922 1945 1895
f 1922 1923 1945
f 1898 2008 1804
f 1794 1924 1923
f 1794 1948 1924
f 1948 1794 1804
f 1898 1804 1897
f 1898 1949 2017
f 1951 1950 1952
f 1806 1925 1926
f 1947 1925 1806
f 1896 1947 1806
f 1899 1900 1949
f 1951 1900 1862
f 1950 1951 1862
f 1950 1953 1952
f 1950 1862 1953
f 2023 1954 1862
f 1862 1954 1953
f 2024 1901 1926
f 1955 1960 2025
f 1957 2031 1955
f 1955 2031 1962
f 1964 2085 1958
f 2029 1964 1959
f 1955 1962 1960
f 1966 2032 1957
f 2034 1960 1962
f 2034 1972 1960
f 2085 1963 1958
f 1960 1967 1965
f 1971 1970 2029
f 1960 2037 1967
f 1795 2310 1928
f 1847 1814 2449
f 2310 1903 1929
f 2042 1988 1963
f 1849 1847 1850
f 1625 1850 1973
f 1963 1974 2039
f 1966 1930 2132
f 1971 1975 1970
f 1930 1977 1976
f 1976 1931 1930
f 1977 1931 1976
f 1975 1981 1970
f 1963 1988 1974
f 1982 2037 2043
f 1980 2043 2037
f 1930 1931 1987
f 1988 1984 1974
f 1983 2132 1930
f 2045 1799 1986
f 1983 1930 1987
f 1980 1985 2043
f 1980 2181 1985
f 2051 2044 1983
f 1989 1991 1988
f 1987 2051 1983
f 1990 1870 1873
f 1981 1997 2038
f 2274 1851 2142
f 2181 1995 1985
f 1995 2000 1985
f 2050 1995 2181
f 1989 2187 1991
f 2051 1994 2044
f 2092 2053 1997
f 1981 2092 1997
f 1910 1909 1777
f 2044 1996 1993
f 1994 1996 2044
f 2055 2050 1993
f 1998 2052 1989
f 2050 2233 1995
f 1993 1996 2055
f 1995 2233 2000
f 2055 2233 2050
f 1992 2056 1998
f 2057 2142 1933
f 2057 1933 1843
f 1842 1935 2058
f 1912 2093 2094
f 1886 1915 2003
f 1764 2097 1853
f 2286 2060 1887
f 2005 1892 2152
f 1892 1940 2152
f 2005 2160 1892
f 1943 2100 1942
f 2062 2100 1943
f 1944 2062 1943
f 1856 1941 2063
f 2062 1944 1945
f 1945 2006 2062
f 2063 1822 1856
f 2075 1945 2011
f 2007 2008 2013
f 2014 2007 2013
f 2071 2007 2014
f 1859 1945 1948
f 2011 1945 1859
f 2076 1947 1857
f 1948 1945 1923
f 2011 1804 1946
f 2008 2011 1946
f 1804 2008 1946
f 2012 2013 2008
f 1898 2012 2008
f 1898 2017 2012
f 2013 2012 2017
f 2014 2013 2017
f 1948 1923 1924
f 2011 1859 1804
f 1949 2014 2017
f 2015 2014 1949
f 1900 2015 2018
f 1900 2019 2081
f 1947 2127 1925
f 2016 2127 1947
f 2018 2015 1949
f 1900 2018 1949
f 2078 2015 1900
f 1951 2019 1900
f 1952 2019 1951
f 1952 2022 2019
f 2081 2019 2022
f 1902 2081 2023
f 2021 1902 2024
f 1925 2024 1926
f 1952 1953 2022
f 1954 2022 1953
f 2081 2022 1954
f 2023 2081 1954
f 2024 1902 1901
f 2028 1955 2025
f 1964 1958 2026
f 1955 2028 1957
f 1958 1956 2026
f 2027 1964 2026
f 1959 1964 2027
f 2025 1960 2263
f 2028 2030 1957
f 1958 2217 1956
f 2029 1959 2027
f 2084 2029 2027
f 2263 1960 2507
f 2031 1957 2032
f 1957 2030 1966
f 1963 2217 1958
f 2264 2029 2084
f 1960 1965 2507
f 2217 1963 2175
f 2129 2029 2264
f 2031 2034 1962
f 1961 2085 1964
f 1961 1964 2033
f 2129 1971 2029
f 1966 2030 1969
f 1964 2029 2033
f 1967 2037 1965
f 1966 1968 2032
f 1787 1927 1904
f 2175 1963 2039
f 2037 2360 1965
f 1796 1700 2035
f 1796 2035 1927
f 1963 2085 2042
f 2029 1970 2033
f 1756 2266 2036
f 1960 1972 2037
f 2037 1972 2034
f 1966 1969 1930
f 1625 1973 2454
f 1625 2454 1757
f 1979 2086 1740
f 2137 2037 2034
f 1930 1969 1977
f 1970 1981 2038
f 1971 2086 1979
f 1966 2132 1968
f 1971 1979 2041
f 2041 1975 1971
f 1978 1905 2036
f 2360 2037 2040
f 1979 2274 2041
f 2037 1982 2040
f 1904 2039 1908
f 2037 2137 1980
f 2039 1974 1908
f 1974 1984 1908
f 2041 2274 1975
f 1982 2043 2040
f 2047 1989 1988
f 2132 1983 2044
f 1975 2419 1981
f 1875 2040 2046
f 1931 1870 1987
f 1988 1991 1984
f 2038 1997 2184
f 2043 1985 2325
f 1987 1870 1990
f 1997 1992 2184
f 2140 1981 2419
f 2044 1993 2138
f 2051 1987 2183
f 2049 1989 2047
f 1993 2050 2138
f 1998 1989 2049
f 2276 1998 2049
f 1992 1998 2276
f 2184 1992 2276
f 2000 2278 1985
f 1994 2051 2188
f 2141 2092 1981
f 2187 1989 2052
f 2091 1990 1911
f 2142 2057 2189
f 2052 1998 2281
f 2056 1992 2053
f 1992 1997 2053
f 2056 2281 1998
f 1909 1746 2328
f 1912 2094 1911
f 2056 2058 2281
f 2058 2472 2057
f 1843 2058 2057
f 2054 2193 2001
f 1882 2335 1912
f 1937 2098 1764
f 1764 2098 2097
f 1938 2099 1914
f 1801 2147 1938
f 1885 2003 1915
f 1889 2061 1916
f 1939 2195 1888
f 2195 2251 1888
f 2251 1940 1888
f 1918 1818 1942
f 1942 2100 1918
f 2064 2072 2008
f 2073 2067 2069
f 1945 2068 2006
f 2070 2064 2007
f 1945 2072 2068
f 2008 2007 2064
f 2119 2070 2007
f 2112 2119 2007
f 2071 2112 2007
f 2010 2069 2065
f 2073 2069 2074
f 2075 2072 1945
f 2072 2075 2008
f 2010 2065 2009
f 2008 2075 2011
f 2074 2069 2010
f 2063 2076 1822
f 2010 2009 2020
f 2010 2020 2082
f 2074 2010 2082
f 2127 2074 2079
f 2079 2074 2082
f 2077 1947 2076
f 2014 2015 2071
f 2071 2015 2078
f 2080 2071 2078
f 2020 2009 2081
f 2082 2020 1902
f 2024 2082 2021
f 2079 2082 2024
f 2127 2079 1925
f 1925 2079 2024
f 2080 2078 1900
f 2081 2080 1900
f 2020 2081 1902
f 2021 2082 1902
f 2025 2083 2028
f 2083 2025 2263
f 2026 2128 2027
f 1740 2086 2266
f 1757 2454 2220
f 2175 2039 1904
f 1865 1809 2315
f 1969 2449 1977
f 2130 1906 1865
f 2040 2130 2360
f 2269 1970 2038
f 1906 2130 2040
f 1905 1978 1986
f 1988 2042 2047
f 2089 1908 1984
f 2186 2045 1986
f 2137 2181 1980
f 1908 2089 1852
f 1975 2274 2419
f 2138 2050 2090
f 2048 2325 1985
f 2274 2142 2275
f 2141 1981 2140
f 1935 1932 2469
f 2332 1731 2143
f 2000 2233 2232
f 2092 2334 2053
f 2386 2055 1996
f 1879 1934 2333
f 2472 2058 2056
f 1912 2335 2093
f 2002 2194 2095
f 1748 1936 2238
f 1936 1812 2236
f 2285 2148 1801
f 1914 2098 1937
f 1914 2099 2098
f 1887 1886 2241
f 2060 2195 1939
f 1940 2251 2152
f 2153 1918 2100
f 2103 2211 2100
f 2062 2103 2100
f 2120 2166 2119
f 2106 2105 2107
f 2107 2108 2109
f 2107 2109 2106
f 2118 2106 2109
f 2110 2106 2064
f 2064 2106 2118
f 2157 2113 2067
f 2102 2157 2124
f 2114 2163 2073
f 2073 2163 2102
f 2062 2006 2103
f 2115 2116 2117
f 2108 2117 2116
f 2108 2116 2109
f 2109 2116 2072
f 2118 2109 2072
f 2121 2120 2119
f 2169 2155 2065
f 2065 2101 2169
f 2123 2101 2065
f 2067 2101 2066
f 2113 2101 2067
f 2124 2157 2067
f 1941 2174 2063
f 2115 2006 2068
f 2116 2115 2072
f 2064 2118 2072
f 2064 2119 2110
f 2070 2119 2064
f 2112 2121 2119
f 2120 2121 2112
f 2112 2111 2120
f 2122 2111 2112
f 2071 2122 2112
f 2069 2123 2065
f 2101 2123 2069
f 2066 2101 2069
f 2069 2067 2066
f 2124 2067 2073
f 2102 2124 2073
f 2074 2114 2073
f 2072 2115 2068
f 2126 2122 2071
f 2065 2125 2009
f 2155 2125 2065
f 2074 2077 2114
f 2063 2077 2076
f 2125 2126 2009
f 2127 2077 2074
f 2081 2071 2080
f 2126 2071 2081
f 2009 2126 2081
f 2077 2127 2016
f 1947 2077 2016
f 2028 2647 2030
f 2031 2032 2177
f 1961 2364 2085
f 2030 2449 1969
f 1757 2220 1929
f 2454 1973 1850
f 1809 2087 2315
f 2137 2034 2131
f 2137 2131 2222
f 2133 2224 1978
f 2042 2136 2047
f 1978 2224 1986
f 2228 2047 2136
f 2273 2132 2044
f 2323 2047 2228
f 2040 2043 2046
f 2050 2382 2229
f 2050 2229 2090
f 1987 1990 2183
f 2820 1852 2089
f 2820 2469 1852
f 1852 2469 1932
f 1991 2187 1984
f 2186 2143 1790
f 1999 2046 2818
f 2192 2145 2054
f 2058 1935 2282
f 2054 2145 2193
f 2388 1911 2094
f 2335 1882 2146
f 1883 2194 2002
f 2096 2095 2194
f 1812 2095 2236
f 2239 1938 2147
f 1853 2003 1885
f 2242 1916 2061
f 2251 2150 2152
f 1918 2151 2196
f 2153 2151 1918
f 2005 2152 2160
f 2163 2158 2157
f 2100 2211 2153
f 2162 2161 2111
f 2122 2206 2162
f 2156 2170 2113
f 2157 2156 2113
f 2122 2162 2111
f 2006 2211 2103
f 2006 2164 2211
f 2115 2164 2104
f 2165 2164 2115
f 2166 2110 2119
f 2161 2166 2120
f 2111 2161 2120
f 2167 2207 2122
f 2170 2169 2101
f 2113 2170 2101
f 2102 2163 2157
f 2114 2171 2163
f 2164 2006 2104
f 2106 2115 2105
f 2165 2115 2106
f 2115 2104 2006
f 2105 2173 2107
f 2105 2115 2173
f 2107 2173 2108
f 2172 2174 1941
f 2173 2115 2117
f 2108 2173 2117
f 2114 2215 2208
f 2215 2114 2077
f 2215 2077 2063
f 2505 2216 1956
f 2505 1956 2217
f 2031 2177 2176
f 2364 2267 2085
f 1961 2033 2364
f 1971 2129 2086
f 1927 2035 2219
f 1927 2219 2452
f 2221 2454 1850
f 2085 2218 2042
f 2223 1968 2132
f 2317 2134 2268
f 2179 2136 2042
f 1869 2088 2271
f 2368 2038 2184
f 2050 2181 2322
f 1986 2379 2186
f 2277 2088 2139
f 2090 2185 2138
f 2143 2186 2379
f 1909 2328 2139
f 2143 2279 2332
f 1999 2333 1934
f 2053 2334 2056
f 2056 2334 2472
f 2193 2192 2389
f 2145 2192 2193
f 1883 2193 2194
f 1936 2237 2238
f 1801 2148 2147
f 2285 1748 2238
f 1938 2239 2099
f 2286 1887 2241
f 2149 2059 2240
f 2196 2242 2061
f 2201 2159 2208
f 2259 2151 2153
f 2153 2209 2259
f 2110 2205 2204
f 2202 2205 2110
f 2210 2202 2110
f 2166 2202 2210
f 2206 2154 2162
f 2170 2155 2169
f 2159 2158 2163
f 2159 2114 2208
f 2201 2208 2261
f 2211 2209 2153
f 2212 2209 2211
f 2166 2210 2110
f 2161 2203 2166
f 2154 2203 2161
f 2162 2154 2161
f 2122 2253 2206
f 2253 2122 2207
f 2200 2156 2157
f 2158 2200 2157
f 2159 2163 2171
f 2114 2159 2171
f 2213 2212 2164
f 2110 2204 2213
f 2212 2211 2164
f 2110 2213 2106
f 2160 2172 1941
f 2165 2213 2164
f 2106 2213 2165
f 2214 2167 2122
f 2261 2208 2215
f 2214 2122 2126
f 2125 2168 2214
f 2155 2168 2125
f 2215 2174 2172
f 2125 2214 2126
f 2215 2063 2174
f 2128 2026 2216
f 1956 2216 2026
f 2027 2414 2506
f 2506 2084 2027
f 2265 2308 2030
f 2031 2176 2357
f 2129 2264 2086
f 2032 1968 2177
f 1700 2219 2035
f 1904 1927 2452
f 2310 1929 2363
f 2033 1970 2269
f 2514 2086 2178
f 2130 1865 2415
f 1850 1847 2221
f 2036 2365 1978
f 1978 2365 2133
f 2319 2087 2135
f 2321 2225 2318
f 2134 2317 2227
f 2223 2132 2273
f 2180 2318 2270
f 2270 2318 2225
f 2134 2227 2366
f 2273 2044 2138
f 2419 2802 2140
f 2049 2047 2326
f 2182 2138 2185
f 2188 2051 2464
f 2464 2051 2183
f 2756 2818 2046
f 1985 2278 2329
f 2142 2189 2275
f 2230 2278 2000
f 2190 2280 2052
f 2052 2280 2187
f 2281 2191 2052
f 2092 2468 2334
f 2189 2057 2231
f 2336 2328 1746
f 2055 2234 2233
f 2058 2282 2281
f 2389 2194 2193
f 2236 2237 1936
f 2004 2149 2240
f 1886 2003 2241
f 2340 1853 2097
f 2340 2003 1853
f 2242 2240 2059
f 2242 2059 1916
f 2199 2243 2255
f 2244 2199 2257
f 2245 2257 2201
f 2250 2245 2201
f 2242 2196 2247
f 2151 2247 2196
f 2198 2246 2207
f 2257 2199 2249
f 2197 2247 2151
f 2154 2299 2252
f 2255 2243 2170
f 2249 2199 2256
f 2299 2154 2206
f 2246 2299 2206
f 2207 2246 2253
f 2254 2255 2170
f 2249 2256 2200
f 2257 2249 2200
f 2159 2201 2257
f 2201 2258 2250
f 2248 2205 2166
f 2252 2248 2166
f 2203 2252 2166
f 2253 2246 2206
f 2170 2243 2214
f 2170 2156 2254
f 2156 2255 2254
f 2200 2255 2156
f 2199 2255 2200
f 2256 2199 2200
f 2257 2200 2158
f 2159 2257 2158
f 2166 2205 2202
f 2154 2252 2203
f 2303 2160 2150
f 2213 2259 2212
f 2170 2214 2155
f 2150 2160 2152
f 2212 2259 2209
f 2204 2205 2213
f 2214 2260 2207
f 2214 2207 2167
f 2155 2214 2168
f 2261 2215 2262
f 2172 2261 2262
f 2172 2262 2215
f 2504 2083 2355
f 2891 2507 1965
f 2218 2085 2267
f 2031 2357 2034
f 2512 1904 2452
f 2175 1904 2356
f 2086 2514 2266
f 2130 2415 2360
f 2179 2042 2218
f 2133 2365 2224
f 2269 2038 2368
f 2135 2271 2319
f 2318 2180 2380
f 2222 2322 2137
f 2227 2317 2226
f 2180 2270 2380
f 1986 2224 2379
f 2271 2088 2272
f 2227 2226 2366
f 2138 2182 2273
f 2276 2368 2184
f 2863 2183 1990
f 2090 2229 2185
f 2379 2324 2143
f 2383 2276 2049
f 2048 1985 2757
f 1984 2187 2384
f 1994 2188 2871
f 2187 2280 2384
f 2468 2092 2141
f 2386 1996 2385
f 2625 2091 1911
f 2909 1935 2469
f 2232 2144 2000
f 2055 2386 2234
f 2052 2191 2190
f 2328 2336 2331
f 2233 2387 2232
f 2191 2281 2282
f 2057 2472 2629
f 2054 2389 2192
f 2146 2473 2335
f 2285 2238 2394
f 2004 2396 2477
f 2285 2147 2148
f 2097 2098 2340
f 2339 2098 2239
f 2099 2239 2098
f 2241 2407 2286
f 2570 2242 2289
f 2250 2288 2297
f 2292 2195 2060
f 2247 2289 2242
f 2291 2290 2198
f 2243 2405 2409
f 2243 2347 2405
f 2294 2347 2243
f 2199 2347 2294
f 2245 2297 2296
f 2258 2341 2288
f 2342 2289 2247
f 2412 2298 2299
f 2299 2293 2412
f 2198 2293 2300
f 2290 2293 2198
f 2199 2294 2243
f 2295 2347 2199
f 2244 2295 2199
f 2257 2295 2244
f 2296 2295 2257
f 2245 2296 2257
f 2250 2297 2245
f 2258 2288 2250
f 2306 2341 2258
f 2302 2306 2258
f 2298 2301 2205
f 2252 2298 2248
f 2246 2293 2299
f 2300 2293 2246
f 2246 2198 2300
f 2409 2353 2243
f 2248 2298 2205
f 2299 2298 2252
f 2205 2301 2304
f 2195 2303 2251
f 2351 2151 2259
f 2304 2351 2213
f 2198 2260 2344
f 2353 2305 2243
f 2251 2303 2150
f 2213 2351 2259
f 2243 2305 2214
f 2201 2302 2258
f 2213 2205 2304
f 2305 2344 2214
f 2261 2302 2201
f 2160 2306 2307
f 2303 2306 2160
f 2198 2207 2260
f 2214 2344 2260
f 2160 2302 2261
f 2160 2307 2302
f 2172 2160 2261
f 2083 2504 2028
f 2789 2128 2728
f 2216 2728 2128
f 2355 2083 2263
f 2648 2355 2263
f 2027 2789 2414
f 2648 2263 2507
f 2308 2449 2030
f 2364 2033 2358
f 1700 1928 2219
f 2267 2318 2311
f 2315 2417 1865
f 1865 2312 2415
f 2318 2267 2321
f 2358 2033 2269
f 2359 2317 2314
f 2177 1968 2223
f 2268 2313 2309
f 2268 2314 2317
f 2315 2087 2417
f 2311 2318 2316
f 2313 2268 2366
f 2224 2365 2518
f 2268 2134 2366
f 2316 2318 2367
f 2320 2269 2368
f 2320 2369 2321
f 2318 2380 2136
f 2318 2136 2367
f 2317 2371 2226
f 2270 2225 2321
f 2270 2321 2369
f 2224 2518 2418
f 2224 2418 2379
f 2181 2137 2322
f 2226 2382 2366
f 2535 2419 2274
f 2043 2325 2751
f 2382 2050 2322
f 2047 2323 2374
f 2807 2274 2275
f 2047 2374 2326
f 2368 2276 2381
f 2327 2049 2326
f 2049 2327 2383
f 1985 2329 2757
f 2231 2275 2189
f 1994 2871 1996
f 2054 2424 2389
f 2283 1879 2333
f 2233 2234 2387
f 2625 1911 2388
f 2057 2629 2231
f 2331 2336 2423
f 2541 2337 2391
f 2235 2194 2389
f 2391 2337 2390
f 2194 2235 2096
f 2235 2095 2096
f 2237 2394 2238
f 2147 2395 2239
f 2285 2395 2147
f 2098 2338 2340
f 2339 2338 2098
f 2338 2003 2340
f 2406 2288 2341
f 2341 2441 2398
f 2240 2242 2570
f 2347 2295 2287
f 2295 2348 2400
f 2296 2349 2295
f 2348 2349 2296
f 2406 2348 2296
f 2297 2406 2296
f 2288 2406 2297
f 2306 2441 2341
f 2286 2407 2060
f 2197 2342 2247
f 2291 2343 2290
f 2198 2343 2291
f 2344 2343 2198
f 2347 2346 2405
f 2060 2407 2292
f 2412 2413 2298
f 2290 2412 2293
f 2151 2351 2197
f 2298 2350 2301
f 2413 2350 2298
f 2407 2303 2195
f 2292 2407 2195
f 2353 2409 2344
f 2407 2447 2303
f 2353 2344 2305
f 2447 2306 2303
f 2304 2354 2351
f 2301 2354 2304
f 2306 2302 2307
f 2308 2265 2508
f 2178 2086 2264
f 2356 2217 2175
f 2176 2177 2359
f 2034 2357 2131
f 2176 2309 2357
f 2268 2309 2176
f 2314 2268 2176
f 2359 2314 2176
f 1929 2220 2362
f 2363 1929 2362
f 2310 2363 1928
f 2321 2267 2364
f 2313 2366 2357
f 2309 2313 2357
f 2221 2670 2454
f 2267 2367 2218
f 2357 2222 2131
f 2359 2177 2317
f 2218 2367 2179
f 2267 2316 2367
f 2311 2316 2267
f 2358 2320 2364
f 2358 2269 2320
f 2177 2223 2317
f 2320 2321 2364
f 2357 2366 2222
f 2223 2273 2317
f 2317 2273 2371
f 2367 2136 2179
f 2368 2369 2320
f 2370 2322 2222
f 2366 2370 2222
f 2382 2370 2366
f 2373 2371 2273
f 2226 2371 2373
f 2228 2136 2323
f 2136 2374 2323
f 2273 2377 2373
f 2182 2377 2273
f 2322 2370 2382
f 2226 2373 2376
f 2182 2376 2373
f 2377 2182 2373
f 2368 2381 2369
f 2376 2375 2226
f 2381 2383 2369
f 2375 2382 2226
f 2374 2136 2326
f 2326 2136 2380
f 2383 2327 2369
f 2325 2048 2751
f 2185 2229 2382
f 2375 2185 2382
f 2182 2185 2375
f 2376 2182 2375
f 2089 2421 2820
f 2270 2326 2380
f 2326 2270 2327
f 2369 2327 2270
f 2381 2276 2383
f 2463 2616 2378
f 2188 2464 2808
f 2540 2463 2422
f 2540 2616 2463
f 2143 2324 2279
f 2328 2331 2423
f 2871 2188 2814
f 2814 2188 2808
f 2275 2231 2539
f 2543 2279 2324
f 2541 2616 2540
f 2279 2543 2332
f 2332 2543 2054
f 2000 2144 2230
f 2628 2541 2540
f 1879 2283 2473
f 2335 2425 2232
f 2387 2335 2232
f 2335 2387 2234
f 2093 2335 2234
f 2336 2477 2875
f 2235 2389 2476
f 2391 2392 2284
f 2393 2236 2095
f 2393 2483 2236
f 2237 2483 2394
f 2236 2483 2237
f 2339 2239 2492
f 2239 2397 2492
f 2395 2397 2239
f 2394 2395 2285
f 2003 2338 2432
f 2410 2434 2409
f 2405 2411 2404
f 2341 2440 2406
f 2444 2407 2432
f 2241 2432 2407
f 2003 2432 2241
f 2434 2399 2343
f 2344 2434 2343
f 2344 2409 2434
f 2404 2410 2405
f 2345 2411 2405
f 2346 2411 2345
f 2406 2402 2348
f 2441 2306 2574
f 2839 2447 2407
f 2197 2351 2342
f 2403 2408 2413
f 2403 2413 2412
f 2290 2403 2412
f 2343 2403 2290
f 2399 2403 2343
f 2405 2410 2409
f 2345 2405 2346
f 2347 2411 2346
f 2400 2411 2347
f 2287 2400 2347
f 2295 2400 2287
f 2349 2348 2295
f 2413 2408 2350
f 2350 2408 2301
f 2352 2351 2354
f 2301 2352 2354
f 2789 2027 2128
f 2355 2648 2504
f 2030 2647 2265
f 2649 2505 2217
f 1965 2360 2891
f 2449 2308 2508
f 1904 2512 2356
f 1847 2361 2221
f 1865 2417 2312
f 2319 2271 2272
f 2535 2274 2807
f 2378 2372 2459
f 2418 2324 2379
f 2272 2088 2277
f 2903 2046 2043
f 2372 2378 2610
f 2610 2378 2616
f 2277 2752 2272
f 2378 2420 2463
f 2863 1990 2955
f 2140 2816 2141
f 2328 2423 2139
f 2139 2423 2277
f 2955 1990 2091
f 2141 2816 2468
f 2469 2820 2330
f 2089 1984 2384
f 1999 2818 2466
f 2280 2190 2384
f 2054 2543 2424
f 2333 1999 2466
f 2541 2628 2471
f 1879 2473 2146
f 2144 2232 2425
f 2234 2474 2093
f 2423 2336 2875
f 2541 2471 2337
f 2095 2426 2393
f 2235 2426 2095
f 2393 2490 2483
f 2427 2395 2483
f 2428 2483 2395
f 2394 2483 2428
f 2429 2339 2488
f 2339 2492 2495
f 2394 2428 2395
f 2339 2429 2338
f 2395 2492 2397
f 2341 2431 2440
f 2441 2431 2398
f 2433 2432 2338
f 2338 2429 2433
f 2240 2396 2004
f 2434 2498 2399
f 2410 2404 2434
f 2435 2404 2411
f 2493 2564 2411
f 2400 2436 2497
f 2400 2437 2436
f 2401 2437 2400
f 2438 2437 2348
f 2348 2437 2401
f 2439 2438 2402
f 2431 2439 2406
f 2398 2431 2341
f 2432 2433 2444
f 2348 2401 2400
f 2402 2438 2348
f 2406 2439 2402
f 2440 2431 2406
f 2444 2433 2443
f 2443 2433 2407
f 2403 2399 2442
f 2411 2497 2493
f 2400 2497 2411
f 2444 2443 2407
f 2722 2289 2342
f 2351 2722 2342
f 2501 2722 2351
f 2500 2445 2408
f 2446 2500 2408
f 2403 2446 2408
f 2501 2351 2352
f 2301 2501 2352
f 2408 2501 2301
f 2028 2504 2788
f 2647 2028 2788
f 2730 2649 2217
f 2356 2730 2217
f 2178 2264 2448
f 2360 2651 2891
f 1928 2451 2219
f 2036 2266 2455
f 2415 2651 2360
f 2449 2453 1847
f 2221 2361 2734
f 2734 2670 2221
f 2455 2365 2036
f 2737 2087 2319
f 2460 2457 2521
f 2522 2521 2457
f 2522 2457 2533
f 2531 2457 2460
f 2604 2459 2372
f 2675 2604 2372
f 2532 2530 2689
f 2682 2418 2518
f 2683 2319 2272
f 2459 2538 2378
f 2535 2802 2419
f 2418 2461 2324
f 2620 2324 2461
f 2378 2538 2420
f 2048 2757 2751
f 2420 2422 2463
f 2467 2422 2465
f 2422 2420 2465
f 2091 2625 2955
f 2422 2467 2809
f 2422 2809 2540
f 2329 2819 2757
f 2384 2421 2089
f 2540 2542 2628
f 2334 2468 2825
f 2628 2545 2471
f 1935 2909 2770
f 2470 2474 2234
f 2474 2470 2144
f 2474 2144 2425
f 2094 2093 2388
f 2424 2475 2389
f 2541 2391 2623
f 2389 2475 2476
f 2623 2391 2284
f 2547 2235 2476
f 2390 2478 2391
f 2391 2478 2392
f 2284 2392 2479
f 2550 2549 2490
f 2426 2550 2490
f 2477 2396 2719
f 2549 2491 2489
f 2490 2549 2489
f 2479 2484 2284
f 2488 2491 2487
f 2426 2490 2393
f 2491 2488 2495
f 2489 2491 2492
f 2483 2489 2427
f 2427 2489 2395
f 2490 2489 2483
f 2481 2485 2433
f 2487 2481 2429
f 2429 2481 2433
f 2488 2487 2429
f 2491 2495 2492
f 2395 2489 2492
f 2559 2564 2497
f 2495 2488 2339
f 2569 2404 2435
f 2564 2493 2497
f 2559 2497 2436
f 2496 2438 2431
f 2430 2496 2431
f 2431 2494 2430
f 2485 2494 2431
f 2441 2485 2431
f 2485 2839 2433
f 2404 2498 2434
f 2438 2436 2437
f 2439 2431 2438
f 2574 2485 2441
f 2839 2485 2574
f 2498 2644 2399
f 2839 2407 2433
f 2572 2403 2442
f 2399 2572 2442
f 2408 2502 2501
f 2445 2502 2408
f 2574 2306 2503
f 2084 2729 2264
f 2449 2508 2849
f 2453 2449 2849
f 2576 2668 2509
f 2450 2509 2668
f 2511 2650 2652
f 2219 2512 2452
f 2266 2578 2455
f 2652 2650 2515
f 2511 2652 2579
f 2220 2454 2513
f 2220 2513 2416
f 2362 2220 2416
f 2450 2668 2735
f 2653 2510 2575
f 2456 2745 2458
f 2365 2455 2518
f 2520 2517 2516
f 2533 2523 2522
f 2528 2523 2533
f 2607 2597 2515
f 2519 2671 2606
f 2460 2599 2532
f 2521 2599 2460
f 2607 2515 2525
f 2602 2527 2530
f 2529 2519 2606
f 2525 2685 2607
f 2610 2688 2617
f 2527 2617 2534
f 2530 2527 2689
f 2457 2531 2533
f 2618 2527 2534
f 2693 2615 2614
f 2620 2759 2324
f 2464 2183 2808
f 2802 2816 2140
f 2759 2543 2324
f 2329 2278 2230
f 2542 2544 2628
f 2469 2330 2909
f 1935 2770 2282
f 2231 2629 2627
f 2471 2545 2337
f 2235 2547 2426
f 2476 2546 2547
f 2491 2549 2557
f 2553 2557 2549
f 2478 2480 2479
f 2392 2478 2479
f 2562 2482 2487
f 2556 2548 2491
f 2832 2556 2491
f 2559 2558 2564
f 2560 2554 2438
f 2438 2554 2559
f 2494 2555 2565
f 2561 2555 2485
f 2486 2561 2485
f 2481 2561 2486
f 2481 2482 2561
f 2487 2482 2481
f 2491 2562 2487
f 2284 2484 2642
f 2496 2560 2438
f 2496 2565 2560
f 2430 2565 2496
f 2555 2494 2566
f 2481 2486 2485
f 2564 2563 2567
f 2438 2559 2436
f 2494 2565 2430
f 2485 2566 2494
f 2555 2566 2485
f 2435 2563 2569
f 2563 2435 2567
f 2643 2568 2404
f 2569 2643 2404
f 2567 2435 2411
f 2564 2567 2411
f 2498 2568 2644
f 2396 2240 2720
f 2399 2644 2572
f 2403 2571 2446
f 2721 2571 2403
f 2722 2499 2289
f 2501 2573 2722
f 2445 2573 2501
f 2502 2445 2501
f 2500 2645 2445
f 2840 2306 2447
f 2840 2447 2839
f 2849 2265 2647
f 2849 2508 2265
f 2264 2729 2845
f 2842 2509 2450
f 2576 2509 2731
f 2797 2178 2448
f 2451 2512 2219
f 2266 2514 2578
f 2650 2655 2515
f 2361 2656 2734
f 2580 2416 2513
f 2580 2581 2416
f 2416 2581 2582
f 2416 2582 2583
f 2362 2416 2584
f 2416 2583 2584
f 2362 2584 2585
f 2362 2585 2586
f 2362 2586 2587
f 2362 2587 2588
f 2362 2588 2589
f 2362 2589 2590
f 2591 2590 2592
f 2591 2362 2590
f 2362 2595 2363
f 2591 2595 2362
f 2363 2595 1928
f 2451 1928 2595
f 2669 2578 2514
f 2594 2513 2454
f 2580 2513 2666
f 2591 2592 2678
f 2595 2591 2678
f 2596 2512 2451
f 2735 2593 2450
f 2514 2178 2669
f 2652 2515 2597
f 2900 2519 2529
f 2517 2673 2516
f 2520 2799 2517
f 2455 2598 2518
f 2521 2523 2599
f 2522 2523 2521
f 2528 2600 2523
f 2524 2601 2528
f 2528 2601 2600
f 2532 2602 2530
f 2603 2602 2532
f 2532 2674 2603
f 2518 2598 2682
f 2604 2675 2526
f 2456 2458 2742
f 2372 2610 2675
f 2617 2675 2610
f 2685 2525 2738
f 2460 2532 2619
f 2460 2619 2531
f 2533 2687 2528
f 2611 2528 2687
f 2608 2418 2682
f 2459 2753 2538
f 2617 2618 2534
f 2689 2527 2618
f 2532 2689 2619
f 2697 2531 2619
f 2418 2620 2461
f 2418 2812 2620
f 2903 2043 2751
f 2614 2615 2686
f 2688 2610 2616
f 2533 2531 2697
f 2692 2609 2536
f 2750 2802 2535
f 2686 2685 2614
f 2619 2689 2691
f 2687 2533 2697
f 2613 2537 2462
f 2609 2462 2537
f 2536 2609 2754
f 2538 2621 2420
f 2807 2275 2539
f 2420 2621 2465
f 2809 2467 2465
f 2277 2423 2752
f 2423 2875 2758
f 2809 2544 2542
f 2809 2542 2540
f 2543 2624 2424
f 2385 1996 2871
f 2627 2539 2231
f 2624 2475 2424
f 2386 2626 2234
f 2234 2626 2911
f 2234 2911 2470
f 2191 2282 2190
f 2335 2473 2425
f 2475 2546 2476
f 2635 2547 2546
f 2545 2711 2478
f 2545 2478 2390
f 2337 2545 2390
f 2562 2634 2633
f 2708 2634 2491
f 2548 2708 2491
f 2547 2635 2426
f 2719 2875 2477
f 2630 2636 2560
f 2637 2630 2555
f 2555 2632 2637
f 2551 2639 2561
f 2633 2551 2482
f 2633 2552 2562
f 2562 2552 2482
f 2491 2634 2562
f 2549 2550 2718
f 2426 2635 2550
f 2642 2623 2284
f 2561 2632 2555
f 2639 2632 2561
f 2482 2551 2561
f 2552 2633 2482
f 2549 2716 2553
f 2711 2479 2480
f 2478 2711 2480
f 2564 2640 2638
f 2559 2554 2640
f 2565 2630 2560
f 2565 2555 2630
f 2491 2557 2832
f 2479 2711 2484
f 2563 2641 2642
f 2638 2641 2563
f 2564 2638 2563
f 2558 2640 2564
f 2559 2640 2558
f 2642 2569 2563
f 2569 2568 2643
f 2396 2720 2719
f 2498 2404 2568
f 2720 2240 2833
f 2240 2570 2833
f 2403 2834 2721
f 2572 2834 2403
f 2289 2499 2570
f 2445 2724 2573
f 2571 2500 2446
f 2503 2306 2840
f 2840 2787 2503
f 2647 2788 2888
f 2414 2789 2890
f 2648 2791 2790
f 2889 2216 2505
f 2084 2506 2729
f 2511 2893 2650
f 2655 2650 2792
f 2510 2653 2732
f 2842 2450 2577
f 2575 2510 2732
f 2450 2733 2577
f 2450 2593 2733
f 2655 2792 2652
f 2511 2800 2893
f 2672 2356 2512
f 2796 1847 2453
f 2581 2657 2582
f 2580 2657 2581
f 2582 2658 2583
f 2657 2658 2582
f 2583 2659 2584
f 2658 2659 2583
f 2584 2660 2585
f 2659 2660 2584
f 2585 2661 2586
f 2660 2661 2585
f 2586 2662 2587
f 2661 2662 2586
f 2587 2663 2588
f 2662 2663 2587
f 2588 2664 2589
f 2663 2664 2588
f 2589 2665 2590
f 2664 2665 2589
f 2590 2665 2592
f 2731 2654 2576
f 2593 2735 2733
f 2415 2312 2651
f 2652 2597 2655
f 2454 2677 2594
f 2594 2677 2513
f 2657 2580 2666
f 2658 2657 2666
f 2659 2658 2666
f 2660 2659 2666
f 2661 2660 2666
f 2662 2661 2666
f 2663 2662 2666
f 2664 2663 2666
f 2665 2664 2667
f 2667 2664 2666
f 2592 2667 2678
f 2592 2665 2667
f 2595 2674 2451
f 2668 2576 2654
f 2669 2178 2797
f 2515 2655 2597
f 2800 2511 2579
f 2677 2454 2670
f 2666 2513 2677
f 2578 2669 2598
f 2578 2598 2455
f 2678 2667 2666
f 2674 2595 2678
f 2600 2512 2596
f 2524 2512 2600
f 2512 2524 2672
f 2417 2087 2737
f 2519 2900 2671
f 2517 2799 2673
f 2456 2736 2745
f 2682 2598 2669
f 2798 2597 2607
f 2676 2677 2670
f 2596 2451 2674
f 2596 2674 2532
f 2599 2596 2532
f 2523 2596 2599
f 2600 2596 2523
f 2601 2524 2600
f 2799 2520 2744
f 2670 2680 2676
f 2602 2666 2681
f 2678 2666 2602
f 2603 2678 2602
f 2674 2678 2603
f 2520 2516 2744
f 2745 2742 2458
f 2682 2669 2679
f 2604 2526 2743
f 2617 2741 2675
f 2680 2741 2605
f 2617 2680 2605
f 2681 2680 2617
f 2527 2681 2617
f 2602 2681 2527
f 2744 2516 2673
f 2524 2528 2868
f 2679 2608 2682
f 2868 2528 2611
f 2613 2748 2612
f 2604 2753 2459
f 2609 2684 2462
f 2742 2684 2609
f 2690 2686 2615
f 2529 2606 2747
f 2612 2748 2613
f 2418 2608 2812
f 2692 2742 2609
f 2804 2535 2807
f 2903 2904 2046
f 2686 2614 2685
f 2686 2749 2614
f 2617 2688 2618
f 2611 2687 2694
f 2538 2753 2465
f 2688 2616 2618
f 2689 2618 2705
f 2698 2619 2691
f 2618 2616 2696
f 2691 2689 2705
f 2619 2698 2695
f 2697 2619 2695
f 2537 2754 2609
f 2183 2863 2808
f 2698 2691 2705
f 2699 2697 2695
f 2694 2687 2697
f 2536 2754 2755
f 2692 2536 2755
f 2621 2538 2465
f 2705 2618 2696
f 2698 2705 2765
f 2611 2694 2764
f 2904 2756 2046
f 2705 2696 2703
f 2697 2699 2694
f 2696 2616 2761
f 2765 2705 2763
f 2698 2765 2701
f 2695 2698 2762
f 2814 2907 2871
f 2762 2698 2701
f 2708 2694 2699
f 2541 2623 2616
f 2623 2761 2616
f 2696 2702 2703
f 2710 2695 2706
f 2699 2695 2710
f 2421 2384 2622
f 2543 2700 2624
f 2700 2543 2759
f 2329 2230 2819
f 2762 2706 2695
f 2694 2708 2764
f 2544 2767 2628
f 2822 2825 2468
f 2333 2466 2283
f 2708 2699 2710
f 2144 2470 2828
f 2334 2825 2912
f 2334 2912 2472
f 2829 2625 2388
f 2767 2545 2628
f 2707 2765 2631
f 2551 2710 2709
f 2551 2709 2639
f 2633 2710 2551
f 2708 2710 2634
f 2634 2710 2633
f 2637 2631 2714
f 2764 2708 2876
f 2546 2475 2635
f 2640 2715 2775
f 2714 2713 2636
f 2637 2714 2630
f 2637 2707 2631
f 2632 2707 2637
f 2709 2707 2632
f 2639 2709 2632
f 2560 2712 2554
f 2713 2712 2560
f 2636 2713 2560
f 2630 2714 2636
f 2548 2556 2708
f 2638 2775 2623
f 2640 2775 2638
f 2554 2715 2640
f 2712 2715 2554
f 2831 2875 2719
f 2641 2623 2642
f 2638 2623 2641
f 2557 2778 2777
f 2557 2553 2716
f 2549 2717 2716
f 2718 2717 2549
f 2484 2568 2642
f 2568 2569 2642
f 2572 2644 2834
f 2499 2833 2570
f 2499 2722 2786
f 2571 2721 2500
f 2574 2984 2839
f 2724 2445 2725
f 2726 2574 2503
f 2887 2726 2503
f 2887 2503 2787
f 2648 2790 2504
f 2728 2216 2889
f 2890 2506 2414
f 2509 2842 2731
f 2653 2575 2732
f 2579 2652 2792
f 2796 2361 1847
f 2417 2737 2312
f 2737 2651 2312
f 2733 2735 2736
f 2669 2797 2679
f 2898 2356 2672
f 2735 2668 2654
f 2597 2851 2515
f 2524 2898 2672
f 2456 2855 2736
f 2679 2797 2750
f 2597 2798 2851
f 2670 2734 2675
f 2851 2738 2515
f 2606 2671 2739
f 2676 2681 2677
f 2681 2666 2677
f 2456 2742 2855
f 2319 2740 2737
f 2515 2738 2525
f 2670 2675 2741
f 2680 2670 2741
f 2681 2676 2680
f 2747 2606 2739
f 2902 2604 2743
f 2605 2741 2617
f 2607 2746 2798
f 2902 2753 2604
f 2613 2744 2748
f 2684 2801 2744
f 2742 2860 2855
f 2462 2744 2613
f 2684 2744 2462
f 2742 2745 2684
f 2738 2746 2685
f 2746 2607 2685
f 2860 2742 2867
f 2272 2752 2683
f 2750 2535 2804
f 2613 2748 2537
f 2608 2679 2812
f 2755 2742 2692
f 2690 2615 2693
f 2805 2690 2693
f 2693 2614 2805
f 2753 2809 2465
f 2620 2812 2759
f 2539 2817 2807
f 2700 2759 2760
f 2809 2767 2544
f 2696 2761 2702
f 2624 2700 2760
f 2703 2704 2705
f 2705 2704 2763
f 2762 2709 2706
f 2760 2823 2624
f 2702 2761 2772
f 2703 2702 2772
f 2624 2823 2475
f 2144 2828 2230
f 2768 2761 2776
f 2772 2761 2768
f 2763 2704 2703
f 2701 2765 2766
f 2707 2701 2766
f 2709 2701 2707
f 2762 2701 2709
f 2710 2706 2709
f 2761 2623 2776
f 2763 2703 2714
f 2769 2763 2714
f 2765 2763 2631
f 2707 2766 2765
f 2190 2282 2914
f 2282 2770 2914
f 2825 2827 2912
f 2703 2772 2713
f 2714 2703 2713
f 2769 2714 2631
f 2763 2769 2631
f 2093 2474 2774
f 2093 2774 2388
f 2767 2711 2545
f 2768 2776 2775
f 2771 2768 2775
f 2712 2771 2715
f 2768 2771 2712
f 2772 2768 2712
f 2713 2772 2712
f 2715 2771 2775
f 2475 2773 2635
f 2775 2776 2623
f 2773 2550 2635
f 2777 2832 2557
f 2716 2778 2557
f 2484 2711 2780
f 2781 2568 2484
f 2720 2879 2719
f 2568 2781 2782
f 2568 2782 2644
f 2782 2834 2644
f 2833 2499 2783
f 2784 2881 2499
f 2499 2881 2783
f 2886 2500 2721
f 2499 2785 2784
f 2786 2785 2499
f 2573 2786 2722
f 2723 2786 2573
f 2724 2723 2573
f 2724 2646 2723
f 2725 2646 2724
f 2445 2646 2725
f 2645 2646 2445
f 2500 2646 2645
f 2500 2886 2646
f 2574 2726 2984
f 2787 2840 2969
f 2788 2504 2727
f 2727 2504 2790
f 2728 2889 2789
f 2647 2888 2849
f 2791 2648 2507
f 2891 2791 2507
f 2649 2889 2505
f 2889 2649 2730
f 2577 2733 2842
f 2448 2264 2845
f 2891 2651 2895
f 2730 2356 2794
f 2795 2654 2731
f 2656 2361 2796
f 2855 2733 2736
f 2794 2356 2898
f 2654 2799 2735
f 2792 2798 2579
f 2673 2799 2850
f 2799 2654 2795
f 2900 2739 2671
f 2673 2850 2854
f 2735 2799 2801
f 2745 2735 2801
f 2736 2735 2745
f 2740 2651 2737
f 2734 2743 2526
f 2734 2526 2675
f 2801 2799 2744
f 2651 2740 2899
f 2745 2801 2684
f 2319 2899 2740
f 2686 2798 2746
f 2690 2798 2686
f 2739 2690 2747
f 2529 2747 2900
f 2868 2898 2524
f 2673 2748 2744
f 2686 2746 2738
f 2750 2804 2679
f 2319 2683 2935
f 2686 2738 2749
f 2951 2747 2690
f 2868 2611 2806
f 2537 2748 2754
f 2755 2867 2742
f 2614 2749 2805
f 2611 2764 2806
f 2803 2820 2421
f 2421 2810 2803
f 2810 2421 2622
f 2679 2804 2812
f 2753 2906 2809
f 2754 2748 2811
f 2755 2754 2811
f 2804 2807 2812
f 2752 2423 2758
f 2764 2815 2806
f 2821 2468 2816
f 2817 2760 2812
f 2759 2812 2760
f 2821 2822 2468
f 2466 2818 2869
f 2865 2622 2384
f 2384 2190 2824
f 2824 2190 2874
f 2822 2827 2825
f 2475 2823 2826
f 2828 2470 2911
f 2874 2190 2914
f 2627 2629 2472
f 2475 2826 2773
f 2779 2778 2716
f 2718 2716 2717
f 2780 2836 2484
f 2484 2836 2782
f 2484 2782 2781
f 2833 2879 2720
f 2782 2836 2834
f 2881 2833 2783
f 2836 2835 2721
f 2834 2836 2721
f 2786 2784 2785
f 2884 2784 2786
f 2837 2786 2723
f 2646 2837 2723
f 2838 2837 2646
f 2721 2835 2886
f 2789 2889 2841
f 2890 2789 2841
f 2890 2729 2506
f 2890 2841 2842
f 2889 2730 2846
f 2842 2841 2844
f 2890 2842 2733
f 2733 2843 2890
f 2847 2792 2650
f 2731 2842 2846
f 2794 2846 2730
f 2731 2846 2795
f 2855 2843 2733
f 2845 2793 2448
f 2795 2846 2850
f 2793 2845 2855
f 2852 2893 2739
f 2893 2800 2739
f 2734 2656 2853
f 2795 2850 2799
f 2448 2793 2797
f 2900 2852 2739
f 2734 2853 2743
f 2798 2847 2851
f 2792 2847 2798
f 2895 2651 2899
f 2579 2798 2800
f 2800 2798 2739
f 2793 2855 2860
f 2739 2856 2690
f 2798 2856 2739
f 2673 2854 2858
f 2851 2939 2738
f 2856 2798 2690
f 2797 2793 2860
f 2797 2860 2750
f 2898 2868 2858
f 2858 2748 2673
f 2939 2749 2738
f 2900 2747 2951
f 2861 2860 2859
f 2903 2751 2931
f 2803 2858 2868
f 2867 2859 2860
f 2750 2861 2802
f 2860 2861 2750
f 2748 2858 2862
f 2858 2803 2810
f 2802 2859 2864
f 2861 2859 2802
f 2749 2937 2805
f 2803 2868 2820
f 2816 2802 2864
f 2868 2806 2815
f 2905 2683 2752
f 2862 2811 2748
f 2859 2816 2864
f 2756 2869 2818
f 2757 2819 2813
f 2808 2866 2814
f 2865 2810 2622
f 2755 2811 2867
f 2817 2812 2807
f 2868 2815 2820
f 2820 2872 2330
f 2870 2867 2811
f 2816 2859 2821
f 2874 2865 2384
f 2809 2906 2767
f 2909 2330 2872
f 2821 2811 2822
f 2817 2823 2760
f 2819 2230 2873
f 2824 2874 2384
f 2823 2817 2539
f 2626 2386 2385
f 2625 2982 2955
f 2822 2811 2827
f 2827 2811 2874
f 2823 2539 2826
f 2283 2466 2973
f 2767 2908 2830
f 2283 2973 2473
f 2876 2815 2764
f 2472 2912 2627
f 2473 2942 2425
f 2425 2961 2474
f 2474 2961 2774
f 2388 2774 2976
f 2767 2780 2711
f 2830 2780 2767
f 2877 2876 2708
f 2916 2550 2773
f 2556 2877 2708
f 2832 2877 2556
f 2832 2878 2877
f 2778 2878 2777
f 2777 2878 2832
f 2716 2718 2779
f 2550 2916 2718
f 2780 2915 2836
f 2831 2719 2879
f 2833 2917 2879
f 2948 2880 2836
f 2881 2917 2833
f 2835 2880 2886
f 2836 2880 2835
f 2884 2882 2784
f 2837 2884 2786
f 2838 2883 2837
f 2885 2883 2838
f 2646 2885 2838
f 2886 2885 2646
f 2787 2969 2981
f 2727 2925 2788
f 2788 2925 2888
f 2841 2889 2844
f 2890 2843 2729
f 2729 2843 2894
f 2846 2844 2889
f 2729 2894 2845
f 2892 2896 2847
f 2650 2892 2847
f 2893 2892 2650
f 2848 2923 2893
f 2842 2844 2846
f 2894 2843 2855
f 2845 2894 2855
f 2852 2848 2893
f 2796 2849 2926
f 2847 2896 2851
f 2453 2849 2796
f 2846 2794 2898
f 2850 2846 2898
f 2900 2949 2852
f 2656 2902 2853
f 2850 2898 2854
f 2931 2895 2899
f 2853 2902 2743
f 2854 2898 2858
f 2851 2901 2939
f 2931 2899 2903
f 2319 2935 2899
f 2903 2899 2935
f 2931 2751 2757
f 2757 2934 2931
f 2935 2904 2903
f 2934 2757 2938
f 2757 2813 2938
f 2805 2937 2690
f 2808 2863 2952
f 2952 2863 2955
f 2862 2858 2865
f 2936 2756 2904
f 2865 2858 2810
f 2937 2749 2957
f 2957 2749 2959
f 2905 2752 2758
f 2813 2819 2938
f 2874 2862 2865
f 2862 2874 2811
f 2821 2867 2870
f 2859 2867 2821
f 2866 2907 2814
f 2820 2815 2872
f 2821 2870 2811
f 2940 2466 2869
f 2938 2819 2873
f 2940 2973 2466
f 2907 2385 2871
f 2873 2230 2910
f 2906 2908 2767
f 2815 2909 2872
f 2230 2828 2910
f 2876 2909 2815
f 2539 2627 2826
f 2830 2908 2780
f 2877 2909 2876
f 2909 2877 2878
f 2770 2909 2878
f 2827 2874 2914
f 2912 2827 2914
f 2826 2627 2773
f 2914 2770 2913
f 2627 2912 2718
f 2878 2913 2770
f 2778 2913 2878
f 2914 2913 2778
f 2779 2914 2778
f 2912 2914 2779
f 2779 2718 2912
f 2627 2718 2916
f 2773 2627 2916
f 2946 2879 2917
f 2948 2947 2880
f 2920 2917 2881
f 2921 2918 2883
f 2784 2920 2881
f 2882 2920 2784
f 2884 2920 2882
f 2837 2920 2884
f 2918 2837 2883
f 2885 2921 2883
f 2922 2921 2885
f 2886 2922 2885
f 2840 2839 2983
f 2969 2840 2983
f 2848 2727 2892
f 2727 2790 2791
f 2924 2727 2848
f 2925 2727 2924
f 2892 2727 2791
f 2888 2925 2849
f 2892 2791 2896
f 2923 2892 2893
f 2896 2791 2891
f 2923 2848 2892
f 2924 2848 2852
f 2925 2926 2849
f 2891 2895 2927
f 2896 2891 2927
f 2896 2927 2897
f 2851 2896 2897
f 2927 2895 2929
f 2897 2927 2851
f 2927 2929 2851
f 2949 2928 2852
f 2929 2895 2901
f 2929 2901 2851
f 2656 2796 2902
f 2901 2895 2931
f 2949 2900 2951
f 2857 2796 2930
f 2902 2857 2933
f 2901 2931 2934
f 2902 2933 2753
f 2939 2901 2934
f 2690 2954 2951
f 2753 2933 2906
f 2904 2935 2936
f 2808 2952 2954
f 2905 2935 2683
f 2936 2935 2756
f 2959 2749 2939
f 2690 2937 2954
f 2954 2866 2808
f 2869 2756 2935
f 2935 2905 2758
f 2875 2935 2758
f 2869 2935 2940
f 2956 2938 2873
f 2866 2937 2907
f 2875 2960 2935
f 2385 2941 2626
f 2907 2941 2385
f 2626 2910 2828
f 2911 2626 2828
f 2982 2625 2829
f 2976 2829 2388
f 2875 2831 2960
f 2425 2942 2961
f 2908 2943 2780
f 2915 2943 2908
f 2780 2943 2915
f 2908 2944 2915
f 2879 2960 2831
f 2960 2879 2946
f 2915 2945 2836
f 2836 2974 2948
f 2963 2946 2917
f 2920 2963 2917
f 2922 2919 2921
f 2947 2922 2886
f 2837 2919 2920
f 2918 2919 2837
f 2921 2919 2918
f 2947 2886 2880
f 2981 2887 2787
f 2924 2852 2925
f 2925 2852 2928
f 2925 2928 2926
f 2926 2928 2796
f 2796 2928 2949
f 2930 2949 2950
f 2796 2949 2930
f 2949 2951 2950
f 2796 2857 2902
f 2930 2950 2951
f 2930 2951 2932
f 2930 2952 2857
f 2932 2951 2954
f 2930 2932 2952
f 2955 2857 2952
f 2952 2932 2954
f 2933 2953 2906
f 2939 2934 2938
f 2866 2954 2937
f 2956 2939 2938
f 2939 2956 2910
f 2939 2958 2959
f 2910 2956 2873
f 2907 2937 2941
f 2958 2939 2910
f 2957 2959 2626
f 2937 2957 2941
f 2626 2958 2910
f 2959 2958 2626
f 2957 2626 2941
f 2955 2982 2970
f 2940 2935 2960
f 2961 2473 2973
f 2942 2473 2961
f 2915 2962 2945
f 2962 2974 2836
f 2945 2962 2836
f 2965 2963 2920
f 2975 2965 2920
f 2966 2975 2920
f 2919 2966 2920
f 2979 2966 2919
f 2922 2977 2919
f 2967 2977 2922
f 2968 2967 2922
f 2964 2968 2922
f 2947 2964 2922
f 2948 2964 2947
f 2857 2955 2970
f 2971 2857 2970
f 2933 2857 2953
f 2953 2857 2971
f 2953 2971 2906
f 2908 2906 2971
f 2971 2970 2908
f 2940 2960 2973
f 2908 2972 2944
f 2973 2960 2963
f 2944 2972 2915
f 2774 2961 2977
f 2976 2774 2977
f 2915 2972 2962
f 2946 2963 2960
f 2973 2963 2975
f 2961 2973 2975
f 2972 2974 2962
f 2961 2975 2979
f 2977 2961 2979
f 2975 2963 2965
f 2980 2977 2979
f 2977 2967 2964
f 2948 2978 2964
f 2974 2978 2948
f 2979 2975 2966
f 2919 2980 2979
f 2977 2980 2919
f 2964 2967 2968
f 2982 2908 2970
f 2972 2908 2982
f 2829 2974 2982
f 2972 2982 2974
f 2974 2829 2976
f 2976 2977 2964
f 2978 2976 2964
f 2974 2976 2978
f 2839 2984 2983
f 2987 2887 2981
f 2985 2984 2726
f 2969 2983 2981
f 2985 2983 2984
f 2985 2726 2887
f 2985 2887 2986
f 2986 2887 2987
f 2988 2981 2983
f 2983 2985 2988
f 2985 2986 2987
f 2985 2987 2988
f 2981 2988 2987

