# https://github.com/mikedh/trimesh
v -0.48971927 0.07882752 0.25812133
v -0.48810601 0.13863728 0.25766787
v -0.47636803 -0.09514119 -0.46384497
v -0.46077302 -0.00761796 -0.43001564
v -0.47019999 0.00729577 -0.70375666
v -0.46157939 -0.34064027 -0.53584613
v -0.46312195 -0.36007170 -0.71870733
v -0.46218015 -0.31575808 -0.50481900
v -0.46230540 -0.22275846 -0.82499549
v -0.45977194 -0.20195759 -0.46257907
v -0.46113772 -0.14930683 -0.46794790
v -0.44957785 -0.19539904 -0.43199684
v -0.46163054 -0.05488412 -0.52374934
v -0.47902540 -0.11258325 -0.45000534
v -0.39735250 -0.14172085 -0.45253473
v -0.46067338 -0.02853862 -0.70419630
v -0.47697146 -0.04290058 -0.49660732
v -0.45177306 -0.38210062 -0.65080081
v -0.45232240 -0.34065648 0.70353407
v -0.46430576 -0.37324154 -0.66987625
v -0.45515499 -0.33830501 0.53392251
v -0.46232676 -0.32554550 -0.77187110
v -0.45227039 -0.26119243 -0.73131118
v -0.44902545 -0.29653647 0.66042156
v -0.44885913 -0.29954590 -0.66073804
v -0.45738347 -0.23215405 0.64971691
v -0.45853038 -0.21579407 -0.59462844
v -0.45578843 -0.21659852 -0.75909638
v -0.45411614 -0.22245660 0.45509141
v -0.45549570 -0.24168291 0.78343463
v -0.45197067 -0.25136898 0.53893723
v -0.43099619 -0.20973029 0.63933669
v -0.45570387 -0.20750598 0.58427015
v -0.45169844 -0.21372805 -0.69212539
v -0.45720126 -0.15954715 0.58785703
v -0.45134978 -0.13703973 0.53496382
v -0.45281549 -0.17838899 0.66220850
v -0.45757002 -0.15468839 -0.69164087
v -0.45426983 -0.14383792 -0.56180595
v -0.45804016 -0.14163580 -0.52788094
v -0.45505770 -0.15672661 0.78844189
v -0.45050904 -0.13437508 -0.90148499
v -0.45539650 -0.10161752 0.77400738
v -0.45209217 -0.10115856 -0.69007412
v -0.45593239 -0.10362162 -0.57548162
v -0.45313760 -0.13262289 0.87467902
v -0.45560518 -0.15286007 -0.74207757
v -0.45532448 -0.09488004 -0.62834936
v -0.44878535 -0.14895082 -0.65346384
v -0.45376974 -0.08890436 0.48866092
v -0.45833951 -0.05860192 -0.82843890
v -0.46181178 -0.01901176 -0.63230920
v -0.45441294 -0.03063445 0.61405727
v -0.45864036 -0.06220363 0.78467003
v -0.46269317 -0.02909284 -0.57534935
v -0.45465512 -0.02120368 0.64573266
v -0.45113011 -0.05847550 -0.39465754
v -0.45867541 -0.05734917 0.47925711
v -0.46123373 0.00461696 -0.72303535
v -0.45643430 0.00719292 0.57986179
v -0.43996116 0.05933845 -0.74963582
v -0.44851307 0.06762675 -0.55298804
v -0.48149148 0.09221959 0.28424360
v -0.46439911 -0.37090134 -0.60407096
v -0.45330253 -0.35380973 0.56322717
v -0.44481735 -0.36084491 0.63830672
v -0.45366850 -0.31010228 -0.49824839
v -0.44976881 -0.29023977 -0.63201874
v -0.45886998 -0.24181163 -0.63149376
v -0.45639106 -0.23870935 -0.54016033
v -0.41732942 -0.20570016 -0.69436287
v -0.45394673 -0.18346940 -0.59688218
v -0.45476553 -0.19149086 0.80697176
v -0.44480255 -0.15765846 -0.62150070
v -0.44946292 -0.14141507 0.70984350
v -0.45920791 -0.12251024 -0.83571198
v -0.46074569 -0.10925036 -0.48418756
v -0.44669999 -0.15850901 0.64226444
v -0.42714214 -0.12606650 -0.71554898
v -0.45328037 -0.10484141 -0.34332029
v -0.44623053 -0.08678307 0.64120767
v -0.45568256 -0.09493482 -0.37160628
v -0.40830243 -0.09234033 -0.38190199
v -0.45003391 -0.08635574 -0.30270130
v -0.46303774 -0.07897246 -0.77935255
v -0.44061691 -0.05457085 0.40588354
v -0.44694596 -0.09227211 0.60297152
v -0.44176972 -0.01330767 0.82418123
v -0.44267475 0.05086691 0.40172978
v -0.45484668 -0.07168394 0.86677177
v -0.46319008 -0.02154829 -0.76496814
v -0.45383192 0.00851184 0.67848635
v -0.47279521 0.00587322 -0.58351702
v -0.43303549 0.05341664 -0.83371986
v -0.44814016 0.04942111 0.44498930
v -0.45428948 0.01556572 -0.44023580
v -0.45621220 0.01713709 0.66897307
v -0.45371811 -0.35468139 0.65522242
v -0.41484313 -0.29623938 -0.63700520
v -0.42548057 -0.28252777 0.63638688
v -0.44426642 -0.29164003 0.61767292
v -0.45998090 -0.24021488 -0.67026731
v -0.42997756 -0.20780145 0.60130731
v -0.45292229 -0.17166053 0.57838370
v -0.41496909 -0.17852743 0.66863898
v -0.44117437 -0.17343761 -0.83841888
v -0.42825032 -0.21160232 -0.35823521
v -0.44407533 -0.17339092 -0.82724797
v -0.41644964 -0.17568273 0.57072059
v -0.43536194 -0.14997341 0.61320803
v -0.42144101 -0.16262299 -0.74089283
v -0.42613990 -0.16474675 0.63561347
v -0.41853804 -0.14375615 0.67479353
v -0.43029183 -0.06323516 -0.96586897
v -0.42289423 -0.13373584 -0.83641126
v -0.42632091 -0.09833598 -0.62251839
v -0.44214749 -0.08171664 0.06915107
v -0.44162835 -0.08351171 0.21189398
v -0.42013980 -0.09574326 -0.36667949
v -0.44197567 -0.08068950 -0.13220209
v -0.43917375 -0.09048225 0.00339444
v -0.41749635 -0.09846808 0.63542707
v -0.38873966 -0.08897755 -0.35178159
v -0.44201428 -0.08032446 0.22968666
v -0.42949930 0.00941353 -0.22086480
v -0.44197260 -0.07964295 0.14759525
v -0.43636393 -0.02127392 0.23424976
v -0.44209342 -0.08179500 0.27906825
v -0.45397123 -0.05312971 0.72742618
v -0.37433466 -0.04430149 -0.50112880
v -0.43667377 -0.02401251 0.03162336
v -0.35226189 -0.02695355 -0.70439774
v -0.47379930 -0.00293871 -0.55688804
v -0.45440620 -0.02205183 0.59111908
v -0.43721426 -0.03124877 -0.06989081
v -0.45802477 -0.03371146 0.50741806
v -0.43487066 0.02631652 -0.86722428
v -0.44268928 0.00176546 0.77685525
v -0.43410099 0.02192718 0.36859559
v -0.41968933 0.11741111 0.29022660
v -0.43349933 -0.35412315 0.55570101
v -0.45146030 -0.27890423 -0.57586440
v -0.45731423 -0.23833653 0.60302176
v -0.41360064 -0.25662142 0.54641486
v -0.44776577 -0.24108764 0.70421252
v -0.43827048 -0.25311672 -0.84500970
v -0.42574325 -0.23840279 -0.37525841
v -0.42488292 -0.26264424 0.92831859
v -0.45431214 -0.23554885 -0.74517588
v -0.44342425 -0.22909251 0.52689172
v -0.41770748 -0.22897241 0.71917062
v -0.43866737 -0.20932655 0.86707104
v -0.42230639 -0.14235196 -0.96164769
v -0.44886333 -0.16983088 0.79590393
v -0.42430847 -0.13532009 0.10898258
v -0.43135578 -0.11487412 0.20482568
v -0.42673733 -0.13014360 0.30554626
v -0.44216537 -0.08235608 0.31810621
v -0.43993095 -0.07893168 -0.26420840
v -0.44663031 -0.05879099 -0.90640886
v -0.44833548 -0.03519945 0.53478241
v -0.44054565 -0.08144950 -0.25062820
v -0.43227393 0.00051091 -0.16882370
v -0.43368624 -0.02069201 0.70914539
v -0.42459256 0.02432336 0.85417942
v -0.35086047 -0.02516210 0.58093410
v -0.43866089 -0.04490348 0.07890753
v -0.35330623 -0.02189793 0.64757148
v -0.43399517 -0.03142211 -0.27243344
v -0.43383950 0.00476563 0.08126342
v -0.43381133 0.00568494 0.15833692
v -0.43591725 -0.01645622 0.31052410
v -0.41602030 0.00287076 -0.42770423
v -0.43356816 0.01640012 -0.14567409
v -0.43342626 0.00545436 -0.04751776
v -0.43292437 0.02068844 0.25607445
v -0.43121570 0.04111655 0.30764594
v -0.42877542 0.05133054 -0.08093106
v -0.41542583 0.05912757 -0.23603823
v -0.43093964 0.04242464 0.18947888
v -0.43032916 0.05207097 0.22952302
v -0.43298993 0.05904892 -0.36375977
v -0.43016940 0.05098025 0.06414763
v -0.41330844 0.07251730 0.25577362
v -0.42824392 0.05461959 0.33910905
v -0.43519578 0.05362957 0.59278236
v -0.43820693 0.06129428 0.49034029
v -0.43702023 0.07580324 -0.62877799
v -0.42929883 0.09387054 -0.42286648
v -0.42909711 0.10933101 -0.50503303
v -0.45311597 -0.30537930 0.75286192
v -0.41198742 -0.25243627 -0.74035092
v -0.41931173 -0.26576547 0.93075038
v -0.42863351 -0.26206003 -0.44987133
v -0.41620399 -0.23801873 0.59653846
v -0.42081487 -0.25545946 -0.65235852
v -0.41631813 -0.24841368 -0.55170605
v -0.42493760 -0.21341962 -0.62319662
v -0.42224453 -0.16533967 -0.64328260
v -0.41242640 -0.20250249 -0.25993336
v -0.42144188 -0.17946073 0.43377421
v -0.43275142 -0.16018972 -0.45709674
v -0.38110329 -0.14675462 0.94303391
v -0.42759465 -0.12472724 0.02412072
v -0.42023588 -0.15012119 0.35536158
v -0.43080303 -0.11166248 -0.11596260
v -0.42259284 -0.13845807 -0.06855202
v -0.44209821 -0.08169286 0.00379787
v -0.41466565 -0.16569717 0.16846358
v -0.44999290 -0.13469202 0.43739610
v -0.42092182 -0.13083799 -0.55962202
v -0.44334994 -0.08631394 0.40995524
v -0.42730955 -0.11782909 -0.21209125
v -0.42983593 -0.11705711 -0.02752427
v -0.41252959 -0.09653627 0.60880039
v -0.42050582 -0.12163576 0.79778212
v -0.46208949 -0.05003453 -0.80359202
v -0.40939712 -0.06451496 0.94739508
v -0.39584149 0.00943281 -0.29626548
v -0.42707040 0.05222419 -0.19640561
v -0.42614027 0.05800527 0.17702098
v -0.40911389 0.09531105 -0.33157026
v -0.41378653 0.06924877 -0.84921637
v -0.40053330 0.09949610 -0.65637542
v -0.34519493 -0.35757810 0.66129526
v -0.45242781 -0.30422293 0.48662324
v -0.40873721 -0.29531945 -0.68619075
v -0.41413683 -0.28737784 0.66268372
v -0.41343231 -0.28812754 0.61725707
v -0.41451960 -0.26167623 0.70099853
v -0.41540358 -0.24943118 -0.62827024
v -0.41686354 -0.23960270 -0.68677391
v -0.44872285 -0.26328590 0.80977880
v -0.42353496 -0.22426885 -0.35190378
v -0.40444347 -0.25558380 -0.21648185
v -0.41624423 -0.21219896 -0.03543233
v -0.41602602 -0.21294573 0.12314869
v -0.41566319 -0.21891511 0.68285608
v -0.42643710 -0.22424911 -0.91960288
v -0.41583317 -0.21124690 -0.16601466
v -0.41541226 -0.20940277 -0.07855186
v -0.41575694 -0.21417800 0.19754511
v -0.40681917 -0.22297912 0.52935435
v -0.41558135 -0.21426085 -0.22187770
v -0.40678338 -0.19371510 0.06692160
v -0.44410156 -0.15991188 0.72080066
v -0.41680446 -0.19257705 -0.59703197
v -0.42667303 -0.13523382 0.39525643
v -0.41552238 -0.21331986 0.56653559
v -0.41529102 -0.23746083 0.65968689
v -0.41566036 -0.17607597 -0.24484472
v -0.41541706 -0.16072909 -0.07988384
v -0.41447734 -0.16413889 -0.05505148
v -0.41356635 -0.16827668 0.02753018
v -0.40578903 -0.19265491 0.07800973
v -0.41682171 -0.16111247 0.26813341
v -0.41423303 -0.16943464 0.32282365
v -0.45390895 -0.14626473 0.80435411
v -0.40835280 -0.18236694 -0.21810473
v -0.41795739 -0.14969080 -0.15829953
v -0.41444831 -0.16887593 0.30470967
v -0.41634283 -0.14827175 0.64378397
v -0.41569067 -0.15168949 -0.66263025
v -0.42727523 -0.12845250 0.26753501
v -0.41923569 -0.16700167 -0.70902992
v -0.41549089 -0.16082057 -0.60712295
v -0.35432757 -0.13789699 0.80117332
v -0.41897954 -0.15037100 0.60341170
v -0.39291766 -0.13822563 0.44514911
v -0.35093261 -0.08430860 -0.78111549
v -0.41533871 -0.09606378 -0.65396912
v -0.40211473 -0.03756965 0.52224032
v -0.34495063 -0.02261733 -0.60450730
v -0.44271378 -0.06725836 0.89156281
v -0.41720264 0.03376048 0.86142211
v -0.43087656 0.04041836 0.72867325
v -0.42432419 0.06076236 -0.13668733
v -0.42805982 0.05699468 0.02140587
v -0.40767929 0.07463871 0.52002339
v -0.42397824 0.06005958 -0.86430155
v -0.40233389 0.08393732 0.30845946
v -0.40216020 0.08886360 0.29396546
v -0.42143424 0.13969168 0.25394765
v -0.44076160 -0.36927725 -0.70588738
v -0.39346564 -0.28362788 0.76734358
v -0.40998896 -0.26082866 -0.33448624
v -0.40370554 -0.25533777 -0.01562627
v -0.41354828 -0.22278809 0.37503114
v -0.42562862 -0.22806234 0.42369167
v -0.40580554 -0.24683298 0.23355776
v -0.40384483 -0.25513962 -0.07198662
v -0.41170839 -0.21083335 0.38077551
v -0.40743726 -0.19442643 -0.98679296
v -0.40665776 -0.19630862 0.36677201
v -0.40540548 -0.19394970 -0.22041494
v -0.40597767 -0.19344420 0.12233927
v -0.40709536 -0.19272231 0.30060773
v -0.40585436 -0.19216191 -0.12688313
v -0.40627964 -0.19513685 0.19826388
v -0.40625185 -0.19303146 -0.02734655
v -0.40981094 -0.17685141 -0.19524995
v -0.41934694 -0.14646761 -0.12351521
v -0.41635811 -0.15899672 0.53582316
v -0.42052954 -0.11701806 0.69048026
v -0.45086193 -0.07913857 0.76025734
v -0.35125094 -0.01878738 -0.64613849
v -0.36447455 -0.02971981 0.53339446
v -0.36233118 -0.02010441 0.61019601
v -0.43072624 0.03808968 0.76216947
v -0.42819085 0.05624186 -0.06369436
v -0.40179436 0.08270480 -0.23208282
v -0.39413924 0.09237131 0.31243772
v -0.41477572 0.10358003 -0.39980012
v -0.38959507 0.11945218 -0.53497069
v -0.42287066 -0.37480977 -0.59333173
v -0.38186950 -0.32437520 0.73896982
v -0.45610694 -0.28887739 -0.80720914
v -0.45143375 -0.25471259 -0.55900005
v -0.40809365 -0.26396095 -0.34325629
v -0.40927736 -0.26367193 -0.30024209
v -0.39744167 -0.26440011 -0.21901325
v -0.39739695 -0.26395947 -0.04291948
v -0.40180208 -0.25931626 0.05333376
v -0.39650107 -0.26441786 0.24799445
v -0.34338023 -0.26110649 -0.73573078
v -0.40001270 -0.26429622 0.13553989
v -0.40320132 -0.25540048 0.19971469
v -0.39941236 -0.26331663 0.39509292
v -0.35004111 -0.15815333 -0.74186906
v -0.36061695 -0.06261615 -0.98403246
v -0.40823672 -0.06876527 0.95369728
v -0.42965033 -0.08506441 0.46580868
v -0.46077702 -0.05774031 -0.75554890
v -0.35666234 -0.05346615 -0.80373963
v -0.39802045 -0.00151866 -0.41068981
v -0.39671573 -0.04027617 0.91995397
v -0.37178784 0.00912991 0.67403489
v -0.39038273 0.03900645 0.86911140
v -0.40212730 0.06093326 0.66312174
v -0.40226635 0.09069854 -0.71108466
v -0.40270806 0.08551982 -0.06326330
v -0.38314019 0.10155832 0.11803695
v -0.40568913 0.08544687 -0.28848596
v -0.38875870 0.09671601 -0.06601580
v -0.39689803 0.09043181 -0.03353624
v -0.41807017 0.10481247 -0.56266662
v -0.34427316 -0.37686140 -0.67336929
v -0.38144776 -0.32303697 -0.77936107
v -0.43136987 -0.28261617 0.57004104
v -0.38943060 -0.26448194 -0.15788274
v -0.37239660 -0.21432905 -0.45832479
v -0.38042839 -0.21079600 -0.95381450
v -0.43118620 -0.16485030 -0.54097349
v -0.39737532 -0.13450971 0.94904654
v -0.41212851 -0.14049843 0.71547066
v -0.39107778 -0.13203316 0.95373504
v -0.41885327 -0.11469710 0.56098395
v -0.36351854 0.00615160 -0.71611954
v -0.34405795 0.00712771 -0.59003414
v -0.43106249 0.01793832 -0.27675962
v -0.41609311 0.06145136 -0.91488159
v -0.40579491 0.07610827 0.51461347
v -0.36528677 0.09870432 -0.69221631
v -0.38158831 0.10336625 -0.33645017
v -0.38198263 0.10844336 0.25123840
v -0.34352671 -0.35040421 -0.74038432
v -0.34588315 -0.35502062 -0.54978384
v -0.35711519 -0.26439966 0.13683317
v -0.38924952 -0.26432938 0.29737751
v -0.42365460 -0.23083747 -0.53954353
v -0.41950365 -0.10492629 -0.58794136
v -0.37179697 -0.08396923 -0.37414436
v -0.35286733 -0.06312976 -0.51573142
v -0.34936189 -0.04523811 -0.54073572
v -0.36704804 -0.07582792 -0.29220899
v -0.38527581 -0.01827317 -0.62680221
v -0.38700290 -0.00491188 -0.35017077
v -0.39210324 0.02407411 0.88664595
v -0.38818508 0.00734531 -0.59457503
v -0.37846850 0.08519413 -0.77676028
v -0.39586686 0.09133792 0.00729626
v -0.38563306 0.17434740 -0.48804253
v -0.36955799 0.17424286 -0.57218610
v -0.34627236 -0.35559271 0.57202845
v -0.35510114 -0.36354535 -0.72748848
v -0.35505387 -0.30536556 0.48456596
v -0.43161018 -0.22305140 -0.83121932
v -0.45471604 -0.20654554 0.44805835
v -0.36164343 -0.26635992 0.94448067
v -0.34929689 -0.25751994 -0.84350821
v -0.34783904 -0.21696546 -0.83599439
v -0.36290066 -0.25812472 -0.84816998
v -0.34245039 -0.25048387 -0.47507453
v -0.34970686 -0.22532128 -0.74449805
v -0.38076432 -0.21281324 0.91002322
v -0.40585878 -0.19432667 -0.98887324
v -0.37278120 -0.20184383 0.89143561
v -0.46229977 -0.13557731 -0.81205857
v -0.36382674 -0.10020279 0.67066884
v -0.35345320 -0.12214635 0.44971195
v -0.43335289 -0.09805483 0.47923028
v -0.37611637 -0.06183151 0.77375838
v -0.37255373 -0.00212198 -0.41463034
v -0.32626129 0.06332226 -0.94167081
v -0.33927663 0.06505898 0.68816581
v -0.36185709 0.08324020 -0.80963235
v -0.38533349 0.09975690 -0.05208559
v -0.38371547 0.10130252 0.02339143
v -0.36576510 0.15477693 0.19873885
v -0.37891343 0.09894293 0.34630983
v -0.38115697 0.10573940 0.11449568
v -0.38568974 0.12384425 -0.30933615
v -0.38465902 0.12184329 0.28810675
v -0.30677630 -0.26393169 -0.44795061
v -0.38958010 -0.26462148 -0.00342366
v -0.34747514 -0.18013721 -0.45966242
v -0.34982287 -0.16113093 0.52972714
v -0.37258807 -0.14510904 0.90377740
v -0.34575038 -0.13505763 -0.81062493
v -0.34780543 -0.11370645 -0.69957584
v -0.34911829 -0.11122933 0.57502047
v -0.35123849 -0.03848521 -0.73031677
v -0.34900831 -0.07259603 0.78207134
v -0.39115524 -0.05833083 0.92987898
v -0.35370558 -0.03092326 0.68297488
v -0.34295328 -0.03263808 0.68056316
v -0.31431592 -0.02071348 0.54648437
v -0.34932766 0.06610617 0.66400144
v -0.36097588 0.07756618 -0.85237683
v -0.36509435 0.16138084 -0.21999270
v -0.36442560 0.15717753 -0.05375757
v -0.36392699 0.15641604 0.14155240
v -0.36110938 0.16594462 -0.12789417
v -0.36821381 0.15388720 -0.53295090
v -0.37003737 0.17668115 0.21046344
v -0.34289932 -0.31790320 0.73935732
v -0.34656779 -0.25869294 0.78066099
v -0.34965842 -0.28079010 -0.57643704
v -0.32294130 -0.26433540 -0.26695023
v -0.30562782 -0.26387288 0.43973490
v -0.34286321 -0.23658574 -0.74582048
v -0.34897164 -0.23028755 0.45751914
v -0.34478167 -0.22245578 0.52921714
v -0.34418457 -0.19449069 0.72832229
v -0.36854535 -0.18675351 0.79831159
v -0.34355882 -0.12829004 0.55317121
v -0.34226580 -0.12243589 0.77667645
v -0.34445373 -0.11443062 -0.48301887
v -0.34845516 -0.09200003 0.65009609
v -0.34491568 -0.08295204 0.49262363
v -0.35874426 -0.06925619 -0.48557353
v -0.35623804 -0.07984314 -0.34837702
v -0.37216506 -0.04515458 -0.30137848
v -0.34511742 -0.05964884 0.74350056
v -0.33909422 -0.04533323 0.50156022
v -0.35088754 -0.02884745 -0.57716692
v -0.34799853 -0.03573210 -0.51486832
v -0.37060993 0.02688369 0.88711692
v -0.38216072 0.06780771 -0.91903085
v -0.33253545 0.07799912 0.56988871
v -0.32066990 0.10169078 -0.70304745
v -0.36355791 0.14785591 0.29498242
v -0.36267407 0.15959347 0.06224998
v -0.35169081 0.15570810 -0.54911403
v -0.35366999 0.19231304 -0.24503905
v -0.36545218 0.16858273 -0.64675161
v -0.34973337 0.20951804 -0.59340988
v -0.35310645 0.24476284 -0.48054668
v -0.34648366 -0.34456507 0.69962704
v -0.34369990 -0.31001096 -0.78903381
v -0.35123051 -0.29273334 -0.48844481
v -0.34333053 -0.29380240 -0.68655959
v -0.34994281 -0.28781143 0.58271327
v -0.30371013 -0.26737642 0.81247295
v -0.34536559 -0.27219019 0.69265355
v -0.40409256 -0.19083842 -0.98958989
v -0.34924990 -0.18416970 -0.83377262
v -0.34477683 -0.15014585 0.46495532
v -0.34487037 -0.13953981 0.71314483
v -0.34571412 -0.11405637 0.77746351
v -0.38693076 -0.05165586 0.73797929
v -0.34344033 -0.03255668 0.56897791
v -0.32831878 0.04070679 0.87494518
v -0.31451116 0.07416242 0.63404626
v -0.35281303 0.08378738 0.47296261
v -0.33735908 0.08714205 0.44491892
v -0.34465457 0.14122198 -0.55250095
v -0.34728017 0.11390579 -0.52848065
v -0.34264126 0.15630647 -0.44369303
v -0.36309892 0.10266658 -0.68796876
v -0.36339347 0.15582767 -0.33246940
v -0.36771390 0.15228597 -0.19401118
v -0.34026571 0.20890751 -0.04043551
v -0.34995246 0.21310747 0.16645653
v -0.35379172 0.19491249 0.23815255
v -0.35735130 0.19021701 -0.31297343
v -0.34617552 0.23780280 -0.53300700
v -0.30628617 0.29831890 -0.57637189
v -0.34062748 -0.32659164 0.54083585
v -0.34274752 -0.36687412 -0.61843346
v -0.34180611 -0.32023560 -0.54655173
v -0.34468253 -0.29852601 -0.62496487
v -0.34202827 -0.28882956 -0.49284607
v -0.34475135 -0.29264138 0.60394621
v -0.34320620 -0.28224942 -0.57216235
v -0.34224610 -0.25638251 -0.54076831
v -0.34454332 -0.27753057 0.56403062
v -0.34256557 -0.27607908 -0.72756431
v -0.34190829 -0.29481001 0.49065946
v -0.34336247 -0.28034057 -0.80783273
v -0.38356432 -0.26276236 -0.45157583
v -0.34339523 -0.19731298 0.45359240
v -0.34222955 -0.22628489 0.78595013
v -0.34260168 -0.21915821 -0.53931103
v -0.34255592 -0.26257351 0.71760909
v -0.34251831 -0.22251703 -0.82628500
v -0.34366640 -0.16548981 0.52457563
v -0.39024500 -0.26559081 0.43777596
v -0.28306924 -0.18471435 -0.99053843
v -0.34305571 -0.17935149 0.80019463
v -0.34169243 -0.17416572 -0.79858653
v -0.34422153 -0.15794382 0.78850318
v -0.34226546 -0.10685125 -0.79202899
v -0.34240176 -0.15656789 -0.74713289
v -0.34281355 -0.16888916 -0.53730626
v -0.34219372 -0.17046758 0.46216377
v -0.34212697 -0.15735662 -0.47175397
v -0.30664191 -0.14252479 -0.84622932
v -0.34161568 -0.10842207 0.53751521
v -0.34367299 -0.11241763 -0.48813316
v -0.34397033 -0.10027222 -0.59439656
v -0.33903602 -0.09316835 0.96439834
v -0.34670946 -0.09721157 -0.65088573
v -0.34136815 -0.09144394 -0.82098285
v -0.34304180 -0.09334178 -0.67499367
v -0.34223812 -0.10021432 0.48379409
v -0.34294055 -0.03227178 0.65614326
v -0.34754376 -0.06101881 -0.80677215
v -0.34236608 -0.06360106 -0.52217875
v -0.34341418 -0.04088270 -0.72649352
v -0.34195390 -0.04846681 0.53136809
v -0.34559243 -0.01908134 -0.64890031
v -0.34327699 -0.03845595 -0.55621654
v -0.30818154 -0.00864453 -0.73647891
v -0.33732161 0.05313538 0.78071375
v -0.39500929 0.08920879 0.39689637
v -0.34181297 0.20289520 -0.33002404
v -0.33792184 0.19135484 -0.55396042
v -0.34345298 0.20472063 -0.17755659
v -0.34386551 0.20180000 -0.08332733
v -0.35928742 0.16823723 -0.00089235
v -0.32359801 0.26109691 0.13434032
v -0.34593157 0.20609740 -0.63040371
v -0.33260232 0.23092520 -0.24220091
v -0.37832329 0.19637610 -0.48306349
v -0.34150833 -0.30580803 0.61865309
v -0.34231074 -0.32095535 0.50730524
v -0.34129947 -0.29556656 0.57495505
v -0.34150131 -0.35470000 0.59941923
v -0.30418060 -0.26425230 -0.05596504
v -0.30190339 -0.26429914 0.14292795
v -0.34096703 -0.28502658 0.75983954
v -0.34224716 -0.23257266 0.93340163
v -0.34232760 -0.21078985 -0.74703701
v -0.34135696 -0.20042801 -0.47552529
v -0.34146879 -0.17776155 -0.81104906
v -0.34188527 -0.15326849 0.48338521
v -0.33473784 -0.14448834 0.95774839
v -0.38934573 -0.14495875 -0.97735485
v -0.34394847 -0.12015276 -0.55950551
v -0.34197383 -0.10042105 0.58128914
v -0.34093559 -0.11348256 0.71945111
v -0.34272955 -0.08965843 0.65431959
v -0.31745257 -0.06872135 0.47504827
v -0.34229285 -0.04912227 0.71516335
v -0.32014385 -0.05736609 -0.94394276
v -0.33788283 -0.03397560 0.72488363
v -0.33588693 0.06855861 0.65638599
v -0.30901156 0.09572636 0.42244437
v -0.31617131 0.11081027 -0.69917257
v -0.32734422 0.16309489 -0.53632652
v -0.33590822 0.18546192 -0.40507532
v -0.31609921 0.19365817 -0.53239136
v -0.33267304 0.22813708 -0.19887730
v -0.33328105 0.22382452 0.01571818
v -0.33178249 0.21428205 -0.52525561
v -0.33570558 0.21763994 0.08157403
v -0.33323010 0.22494115 0.11247470
v -0.34348183 -0.26039790 0.95729979
v -0.37676838 -0.23019391 -0.91029153
v -0.31243332 -0.18575629 0.44201144
v -0.33937519 -0.18269872 -0.45160674
v -0.31051869 -0.06714466 0.47622275
v -0.33167162 -0.06849373 0.96328235
v -0.30455175 -0.04411665 0.50824581
v -0.32534933 0.00566485 0.67725302
v -0.30305078 0.08077197 -0.86362865
v -0.33232596 0.08020674 0.54952603
v -0.29827257 0.08992810 -0.81005804
v -0.33435312 0.14325560 -0.53653645
v -0.32656060 0.13872240 0.31495234
v -0.34660940 0.20276796 -0.52172278
v -0.33039807 0.23135026 -0.14751973
v -0.32067695 0.24916348 -0.08631785
v -0.33412609 0.22266472 -0.08947522
v -0.33379861 0.23352481 -0.62025926
v -0.33020627 0.25105074 0.11950806
v -0.34521072 0.23998040 -0.47605586
v -0.27947609 -0.26450636 -0.42554764
v -0.31388201 -0.26430297 -0.25873640
v -0.30790674 -0.25386522 0.44122242
v -0.27142661 -0.06100614 -0.99057309
v -0.30938041 -0.06141890 0.76951551
v -0.31014974 -0.04092282 0.73478657
v -0.31068525 -0.03511154 0.52320468
v -0.36848748 -0.04359826 -0.79418783
v -0.30422093 -0.03001038 0.53913756
v -0.30447644 0.00031246 0.67993741
v -0.29257898 0.04605467 0.85805265
v -0.37981287 0.06269316 0.69078736
v -0.32017737 0.05402303 0.78499902
v -0.28567122 0.10309518 -0.71467244
v -0.31462171 0.21545191 -0.44464361
v -0.29468787 0.27549852 -0.34750905
v -0.33435720 0.23123460 0.19395716
v -0.33433447 0.23777325 -0.31319380
v -0.31783753 0.25386342 0.08622284
v -0.32235678 0.26606543 -0.59949706
v -0.30938637 0.32161104 -0.47100192
v -0.31989518 -0.26413836 0.35463803
v -0.30675388 -0.15937173 -0.45313996
v -0.31148476 -0.14728787 0.44497616
v -0.27333234 -0.14506297 0.94892773
v -0.30705171 -0.05976981 -0.49228077
v -0.30936226 -0.09818652 0.78834249
v -0.30588404 -0.04855965 -0.79874190
v -0.30647708 -0.06016694 0.94740608
v -0.30947987 -0.02352910 0.70822081
v -0.31195349 -0.01133092 -0.55677080
v -0.30633037 -0.00025332 -0.72396855
v -0.31252670 -0.00207297 0.57368259
v -0.31173154 0.00862489 -0.59408322
v -0.31094829 0.00841483 0.67126248
v -0.26770929 0.08865156 -0.83067899
v -0.31582473 0.22009579 -0.42126369
v -0.30831141 0.20999044 -0.52816707
v -0.31839808 0.25094063 0.16985455
v -0.31949585 0.25069410 0.04239842
v -0.31345505 0.26789382 -0.26160039
v -0.31604981 0.25959934 -0.20285110
v -0.32312542 0.24495471 -0.51962156
v -0.28583121 -0.26434422 -0.21769662
v -0.30266591 -0.26433805 -0.18970678
v -0.33218950 -0.26767302 0.95909193
v -0.30581443 -0.25010417 0.80716986
v -0.30277466 -0.25568411 0.49552418
v -0.30318472 -0.25716166 0.79725017
v -0.30194962 -0.25718850 0.61777521
v -0.30270121 -0.24440313 0.67566653
v -0.30272151 -0.22757591 0.74126864
v -0.30266547 -0.24914759 0.53905967
v -0.30234666 -0.19029682 -0.48703596
v -0.30294988 -0.24697755 0.59105658
v -0.30381285 -0.17687675 0.44952623
v -0.30304540 -0.16173135 0.57148624
v -0.30275110 -0.14430605 0.49278069
v -0.30276322 -0.18612568 0.74989055
v -0.30265385 -0.21542954 -0.83663775
v -0.30299311 -0.14809625 0.62946156
v -0.30285310 -0.24562346 0.65569656
v -0.30308313 -0.14595618 0.78925609
v -0.30658072 -0.12989291 0.45068384
v -0.30320322 -0.14214269 0.46144530
v -0.30621202 -0.13523180 0.80019487
v -0.30277686 -0.11245728 0.52308352
v -0.30295342 -0.15525488 0.54266300
v -0.30292921 -0.10255801 0.60323182
v -0.30299461 -0.13811048 0.66939489
v -0.30732160 -0.14202995 -0.45708600
v -0.30387091 -0.09818131 -0.48154108
v -0.30288669 -0.10677203 0.71181060
v -0.30278558 -0.13953666 0.74007299
v -0.30274572 -0.08132189 0.55141221
v -0.30283962 -0.10413206 0.64016840
v -0.30317554 -0.07084937 0.76625686
v -0.30297197 -0.08645758 0.47663992
v -0.30291385 -0.03799635 0.71377932
v -0.30277715 -0.05824804 0.74035921
v -0.31580044 -0.07751970 0.96670086
v -0.30291326 -0.05738739 0.58678934
v -0.30290441 -0.05880563 0.63501321
v -0.30365594 -0.00409906 0.67654235
v -0.31233675 -0.05113821 -0.49606800
v -0.30314038 -0.03722312 -0.52661510
v -0.30340632 -0.02231571 0.56128372
v -0.30627661 -0.01163690 0.91615295
v -0.30245983 -0.01559090 -0.58400650
v -0.30571358 0.00558145 0.59340251
v -0.30391820 -0.00075197 0.65692884
v -0.30377450 -0.00676761 -0.57870394
v -0.30644737 0.00719207 -0.70893037
v -0.30363916 0.00132608 -0.64808299
v -0.28248188 0.06649015 -0.94996044
v -0.23902321 0.08142152 0.69359264
v -0.27480600 0.09493157 0.48465073
v -0.27098477 0.09571594 -0.78201895
v -0.32502777 0.09889404 0.37017076
v -0.34247572 0.21591686 0.21393312
v -0.32044894 0.24939954 -0.32184210
v -0.31242578 0.28058616 -0.59696331
v -0.30297850 0.28539676 -0.21744866
v -0.31109788 0.26987462 0.06250980
v -0.30746886 0.29379192 0.06621731
v -0.30642840 0.28657680 0.12143932
v -0.30318881 0.28544031 -0.03908640
v -0.30260963 0.28654376 -0.19764803
v -0.30066698 0.31579970 0.00107553
v -0.30880085 0.29990156 0.08714548
v -0.29643079 -0.26443250 -0.45602066
v -0.29955299 -0.26044806 0.66416456
v -0.30132787 -0.26294801 0.78205013
v -0.29913571 -0.26023571 -0.69031777
v -0.30153768 -0.26357680 -0.64324941
v -0.30254200 -0.25527547 -0.51856512
v -0.30016661 -0.26191028 0.51874693
v -0.30028440 -0.24820517 -0.84094992
v -0.30264466 -0.21825488 -0.57972816
v -0.30059832 -0.25096373 -0.78524706
v -0.30248905 -0.20662245 -0.59925815
v -0.30344420 -0.25572940 -0.45543159
v -0.30203376 -0.21166534 -0.66607383
v -0.30129686 -0.25361356 -0.74473541
v -0.30203043 -0.19343009 -0.71748833
v -0.30176815 -0.19080237 -0.82936411
v -0.30239778 -0.15946389 -0.60527985
v -0.30236391 -0.18401854 -0.51660785
v -0.30206945 -0.16622593 -0.66119735
v -0.30191999 -0.15011993 -0.78380995
v -0.30214684 -0.14133729 -0.68567260
v -0.30204992 -0.16004359 -0.68355247
v -0.30218833 -0.14151036 -0.64463132
v -0.30329228 -0.15706095 -0.84103387
v -0.30217412 -0.14672310 -0.74506629
v -0.30253669 -0.15172794 -0.56567417
v -0.30232512 -0.12453094 -0.47889383
v -0.30217693 -0.12805301 -0.70499119
v -0.30212324 -0.11484813 -0.62765921
v -0.30230717 -0.11358747 -0.52920387
v -0.30253015 -0.11252223 -0.81956129
v -0.30207192 -0.11201509 -0.77302058
v -0.30210451 -0.11230847 -0.72243321
v -0.30213830 -0.08417137 -0.65910538
v -0.32283097 -0.09198379 0.96773891
v -0.30245108 -0.05843576 -0.50448213
v -0.30183256 -0.07331546 -0.72953325
v -0.30236727 -0.08609210 -0.55322572
v -0.30214803 -0.07990971 -0.79427119
v -0.30233100 -0.05172092 -0.56832000
v -0.30187827 -0.05069285 -0.77721248
v -0.30314733 -0.02209341 -0.75405550
v -0.30214240 -0.06664304 -0.66038600
v -0.30221153 -0.01595195 -0.60025875
v -0.30275703 -0.00127406 -0.62810149
v -0.30214353 -0.01527730 -0.71519057
v -0.30228731 -0.01178988 -0.64844358
v -0.28907773 0.20520797 0.24425531
v -0.29605580 0.23748978 -0.63121120
v -0.28443514 0.27026838 -0.41053377
v -0.29537166 0.29212168 -0.48599020
v -0.30282603 0.30781133 -0.30579582
v -0.30304801 0.31030649 -0.36343392
v -0.30348764 0.30462936 -0.16420829
v -0.30204879 0.31784738 -0.54912484
v -0.30014230 0.31613781 -0.33962587
v -0.29474708 0.31809357 -0.19256809
v -0.29474708 0.31818268 -0.17684825
v -0.29474708 0.31819683 -0.16898833
v -0.29474708 0.31820571 -0.16112840
v -0.29474708 0.31823581 -0.15326849
v -0.29474708 0.31823966 -0.14540856
v -0.29474708 0.31826735 -0.13754864
v -0.29474587 0.31832428 -0.12963734
v -0.30412125 0.30452714 -0.08163650
v -0.29485552 0.31864357 -0.06218236
v -0.28919911 0.32547165 -0.03546561
v -0.29526395 0.31657115 0.06210003
v -0.28449079 0.33348434 -0.56511270
v -0.31366507 0.31716338 -0.44239557
v -0.29473991 0.31836615 -0.11572780
v -0.28806229 0.32562714 -0.11822186
v -0.29490169 0.31847180 -0.07508087
v -0.29362851 0.35486725 -0.73244449
v -0.26348483 -0.24858888 -0.83321641
v -0.27005045 -0.21625008 0.94209590
v -0.29869809 -0.20677435 -0.96438585
v -0.27102823 -0.20122516 0.92630106
v -0.27950597 -0.19228905 0.90815680
v -0.29131030 -0.14573480 0.91480442
v -0.28675500 -0.12967195 0.96861539
v -0.25880846 -0.08048130 0.97698136
v -0.37461347 -0.05539577 -0.93095090
v -0.26375132 0.01109401 0.90945028
v -0.27740558 0.04464860 0.87230907
v -0.28854510 0.08838764 0.53845655
v -0.28211067 0.19135797 -0.66161961
v -0.29160635 0.24315865 -0.51524872
v -0.28493570 0.27480934 -0.39255620
v -0.29287824 0.29483133 -0.59352197
v -0.29306838 0.31158297 -0.66956817
v -0.29467871 0.31814211 -0.22514192
v -0.29465027 0.31829676 -0.17803572
v -0.29464689 0.31832683 -0.16112840
v -0.29467195 0.31832683 -0.15326849
v -0.29467523 0.31832683 -0.14540856
v -0.29469815 0.31832683 -0.13754864
v -0.29474342 0.31832683 -0.12968871
v -0.29055034 0.31847910 0.07317886
v -0.28171061 0.32916928 -0.32021234
v -0.29015707 0.32373963 -0.25629021
v -0.28758038 0.32580268 -0.17596204
v -0.28687131 0.32608069 -0.14725803
v -0.28690062 0.32605928 -0.12034625
v -0.28688717 0.32613653 -0.07466926
v -0.28689079 0.32615816 -0.06018626
v -0.27269612 0.35675807 -0.74790068
v -0.29005788 0.34013477 -0.61076184
v -0.26453200 -0.26438770 -0.23668410
v -0.26007061 -0.26426275 0.12640844
v -0.27281584 -0.14904006 0.92711774
v -0.24384169 0.04968699 0.86640963
v -0.24101943 0.10428314 -0.72927074
v -0.27164910 0.14888110 0.32555057
v -0.27329049 0.21551312 0.23435168
v -0.27946178 0.26672126 -0.49777592
v -0.27525020 0.27431961 -0.46404393
v -0.28388677 0.27904823 -0.41361294
v -0.28730913 0.32588956 -0.19567361
v -0.28023992 0.32783261 -0.13035180
v -0.27964425 0.32827424 -0.18245911
v -0.28043566 0.32745701 -0.04916964
v -0.27315991 0.33683958 -0.45178007
v -0.28710953 0.34570259 -0.65111947
v -0.30138199 -0.26521986 0.89363262
v -0.28634056 -0.21382227 -0.94911607
v -0.28882417 -0.12653853 -0.99191502
v -0.30810340 -0.04038300 -0.94037901
v -0.26913360 0.06561078 -0.95101866
v -0.30362377 0.07629158 -0.88948079
v -0.23538282 0.08838125 0.63959792
v -0.30156187 0.16011579 -0.67508059
v -0.31340070 0.26609273 0.14915832
v -0.26860934 0.27032250 0.15079861
v -0.27305581 0.32418198 0.04650797
v -0.27270898 0.33387811 -0.37210556
v -0.23983109 0.32902484 -0.10029550
v -0.24307783 -0.26451152 -0.36951250
v -0.22306430 -0.26428516 0.02259081
v -0.25944023 -0.26421339 0.41436239
v -0.24705753 -0.26786701 0.83376403
v -0.25813723 -0.26509078 0.98736516
v -0.26887240 -0.14433540 0.96480892
v -0.29528226 -0.15317793 -0.98298813
v -0.23790425 -0.14670479 -0.98417125
v -0.24012662 0.09428866 0.56551594
v -0.26330739 0.08876126 0.58556420
v -0.25689023 0.10131104 0.46113763
v -0.29061682 0.12313954 0.38538126
v -0.27105621 0.12117594 0.35841590
v -0.23083190 0.18494322 0.29479610
v -0.27818201 0.32990972 -0.28142876
v -0.24963107 0.32944407 -0.16218052
v -0.22217639 0.32942936 -0.03663156
v -0.27390454 0.33574157 -0.49225931
v -0.28815195 -0.26477527 -0.61560785
v -0.26465888 -0.26422395 -0.08350453
v -0.28955703 -0.26421701 0.21479624
v -0.21000268 -0.26427371 0.18058839
v -0.29739660 -0.26515510 0.75711561
v -0.22421602 -0.26414064 0.41591541
v -0.26172505 -0.23721506 -0.89900365
v -0.28735793 0.06562232 0.75186094
v -0.23563991 0.07360923 0.74911365
v -0.29711397 0.25934162 -0.61799243
v -0.25562339 0.33190090 -0.28130555
v -0.23176190 0.33776764 -0.42064952
v -0.26924015 -0.24960877 -0.88086598
v -0.22841399 -0.26424075 0.99379307
v -0.26663112 -0.21041450 0.94429600
v -0.22410650 0.01682319 0.91022882
v -0.24968541 0.07507755 -0.91049276
v -0.21626296 0.08028694 0.72923879
v -0.21026114 0.09437158 0.54483660
v -0.25604536 0.17743275 0.29538662
v -0.25004488 0.20073472 -0.66235647
v -0.21103566 0.25799840 0.18027527
v -0.19936432 0.28511612 0.13845370
v -0.27421245 0.33957142 -0.57418838
v -0.21759938 -0.26494029 -0.60945531
v -0.21925503 -0.26463524 -0.48135427
v -0.24696058 -0.26732569 0.84879615
v -0.21891544 -0.26151651 -0.67678736
v -0.18843236 -0.06179044 -0.99620360
v -0.30679037 -0.05738976 0.93873509
v -0.22644538 -0.06396494 0.97388357
v -0.24165169 -0.00039859 0.91712697
v -0.21321272 0.10455768 -0.73717639
v -0.32520985 0.09470507 0.38585532
v -0.22690832 0.12631966 0.39976610
v -0.21935663 0.17090663 0.31722522
v -0.26643495 0.27398960 0.14536759
v -0.26039256 0.32937336 -0.18826914
v -0.26909914 0.32491084 0.03936150
v -0.23670564 0.34805756 -0.68622557
v -0.20141518 -0.26458695 -0.33809129
v -0.22215458 -0.26438862 -0.21844470
v -0.18341716 -0.26426859 0.15379748
v -0.24000863 -0.23427837 -0.91261676
v -0.20843728 -0.21107742 0.94769890
v -0.22177731 -0.05894534 0.94715718
v -0.19394327 0.06500846 -0.96520684
v -0.22639024 0.06650303 0.81553387
v -0.20123803 0.09346258 -0.81755061
v -0.19515354 0.09210751 0.44701087
v -0.19922854 0.09617838 0.48839314
v -0.23782198 0.09199612 0.60079253
v -0.23064578 0.10671652 -0.72718435
v -0.24797426 0.10668737 -0.72223754
v -0.25383739 0.17061732 -0.68092789
v -0.21787984 0.23249963 0.22024744
v -0.25342651 0.25191648 0.18166718
v -0.26463638 0.29762362 -0.59290399
v -0.25290901 0.30324328 -0.64869374
v -0.24253603 0.32536613 -0.71193135
v -0.24467740 0.33744341 -0.75391023
v -0.25288483 0.33518364 -0.35989575
v -0.22986125 0.33268993 -0.26373609
v -0.17359683 0.33156555 -0.05706339
v -0.21095619 -0.14431708 0.96985462
v -0.26844165 -0.19249000 -0.99061252
v -0.22632917 0.07595975 0.74213841
v -0.20244540 0.09206715 0.58514519
v -0.22996419 0.14088937 0.35072495
v -0.29031475 0.31552876 0.08209115
v -0.20673999 0.33244947 -0.21332558
v -0.18177013 0.33925416 -0.55046042
v -0.22157193 -0.26487249 0.95930687
v -0.26674919 -0.25785613 0.60407774
v -0.19378005 -0.21832125 -0.94789613
v -0.20575199 -0.09961275 0.97996956
v -0.18869776 0.10875284 -0.72697897
v -0.21787324 0.19492683 -0.67032638
v -0.22601545 0.26522359 -0.62207993
v -0.20295404 0.29863686 0.11822523
v -0.20275908 0.33905067 -0.46312567
v -0.18657534 0.34040218 -0.56712933
v -0.19867014 -0.26418439 0.27748305
v -0.15629950 -0.26421679 0.27849382
v -0.13260703 -0.26474418 0.95649096
v -0.20527470 -0.26068418 -0.69075762
v -0.21350543 -0.26183387 0.50905908
v -0.21014375 -0.26098243 0.68126454
v -0.25263764 -0.24877664 -0.85364626
v -0.22889735 -0.13385981 -0.99467881
v -0.25209712 -0.05741715 -0.95167854
v -0.19561637 0.08576481 0.65695134
v -0.15112855 0.10245211 -0.76900824
v -0.24942127 0.11941777 0.37224622
v -0.21576502 0.21262960 0.25342243
v -0.14064118 0.33416006 -0.13180151
v -0.15020487 0.33276733 -0.07922010
v -0.15817429 0.33117596 -0.03127100
v -0.17399862 0.32886792 0.00893879
v -0.19674400 0.34221900 -0.59272779
v -0.14629934 -0.26421267 -0.16508469
v -0.19871269 -0.26425525 0.01989477
v -0.17615153 -0.26049648 -0.69506935
v -0.16475779 -0.25829889 0.62927544
v -0.20384232 -0.18987720 0.92191659
v -0.23214537 -0.05106152 0.93930752
v -0.17996480 -0.00051676 0.91947735
v -0.20391540 -0.00591559 -0.95960698
v -0.14878270 0.08954802 0.60942165
v -0.19245832 0.26082933 -0.63201630
v -0.19356356 0.33853740 -0.55367878
v -0.18606120 -0.26779895 0.83984095
v -0.15430171 -0.26501277 0.89929495
v -0.22745350 -0.25754701 0.61507711
v -0.13570744 -0.24839020 -0.85187384
v -0.19675894 -0.25515938 -0.75988159
v -0.18843073 0.04933841 0.86857294
v -0.13244912 0.08052575 0.69535483
v -0.13928429 0.11920858 0.38250840
v -0.17868073 0.13650253 -0.71616642
v -0.20222398 0.33384627 -0.26336386
v -0.15302037 -0.26502547 -0.60594142
v -0.16340876 -0.26429474 0.05364730
v -0.18995703 -0.02525812 0.92859949
v -0.19203991 0.06256141 0.79250502
v -0.16424923 0.10151185 0.46520415
v -0.17767855 0.12206336 0.41510660
v -0.21216819 0.14471761 0.35053503
v -0.20601356 0.24813737 0.19699311
v -0.19366168 0.30650663 -0.60852679
v -0.10853084 -0.26429189 0.16376447
v -0.15379709 -0.14258025 0.94069435
v -0.23444127 -0.04963741 -0.94767305
v -0.24727795 0.04513659 0.87676017
v -0.19245857 0.08021277 0.73865302
v -0.21633828 0.13490795 -0.71158597
v -0.16073286 0.33621752 -0.27612334
v -0.18517423 0.35378851 -0.77488039
v -0.16794799 0.34385822 -0.63594207
v -0.11828898 -0.26468973 -0.52459698
v -0.11647131 -0.26410347 -0.06922528
v -0.13287691 -0.26172849 0.51149831
v -0.15990866 -0.12875497 -0.99673759
v -0.16458142 -0.05654954 -0.94748871
v -0.20651772 0.06987543 -0.95009716
v -0.16427357 0.07819129 0.72450106
v -0.16755322 0.08694638 -0.86370529
v -0.14304636 0.09664753 -0.80830772
v -0.16178322 0.34077668 -0.45565105
v -0.16500057 0.33999146 -0.42211249
v -0.10037789 -0.26792494 0.83682550
v -0.22439523 -0.25147834 -0.91454092
v -0.10052344 -0.25459501 0.98748063
v -0.15299430 -0.23959779 -0.97926896
v -0.09084286 -0.19038903 0.92231920
v -0.15553797 0.07968067 -0.90734420
v -0.06149095 0.09170234 0.43643561
v -0.14737178 0.09617169 0.49009654
v -0.20430785 0.30931607 0.10066800
v -0.12341687 0.34067649 -0.54802646
v -0.13402578 0.34172534 -0.45390461
v -0.11365470 0.34524566 -0.66722633
v -0.15292265 0.34985455 -0.71613308
v -0.15156927 -0.26464374 -0.40192973
v -0.12473303 -0.26422546 0.28341705
v -0.13855767 -0.26478208 0.90932647
v -0.09890527 -0.25762233 0.61820537
v -0.01946129 -0.14326638 0.92681681
v -0.10124692 -0.06732049 0.97469020
v -0.20841457 -0.06347789 0.97296235
v -0.13753878 -0.04772193 0.93990347
v -0.20137825 0.03023104 0.89781560
v -0.20193712 0.07871537 0.77350708
v -0.18822397 0.08713549 -0.85888684
v -0.14662703 0.15906775 -0.70471804
v -0.18004681 0.19010187 0.28825756
v -0.10592113 0.22679054 0.22963894
v -0.21468149 0.31853534 0.07750312
v -0.17571468 0.33239687 -0.76810991
v -0.13754472 0.33437262 -0.14266982
v -0.15933872 0.33893545 -0.38015391
v -0.15170334 0.33466278 -0.18986238
v -0.13560839 -0.26441362 -0.24377242
v -0.18798720 -0.24695719 -0.94692897
v -0.09104756 -0.14347449 0.96280156
v -0.09865963 -0.06757169 -0.99711944
v -0.15817278 0.01152022 -0.96085533
v -0.17278971 0.09750173 -0.79722044
v -0.18271487 0.10549397 0.41493141
v -0.21288093 0.16386521 0.32593851
v -0.14483552 0.32466140 0.05345071
v -0.11388002 0.34192281 -0.47971305
v -0.13572417 0.33743693 -0.29449507
v -0.21072150 -0.26681444 0.98928611
v -0.09898956 -0.25296160 -0.78616340
v -0.13599623 -0.23128364 -0.99446278
v -0.14166414 -0.20431021 0.94395506
v -0.15878615 -0.14903092 -0.98501689
v -0.19951511 -0.14632877 0.92779269
v -0.14325473 -0.03566084 0.93502874
v -0.16070412 0.06735061 0.81251852
v -0.12636089 0.09158483 0.58095667
v -0.06828843 0.11297700 0.43143318
v -0.09499524 0.23695851 0.21380261
v -0.13173970 0.29580763 -0.62627301
v -0.14281628 0.27122242 0.16078054
v -0.11568598 0.33229745 -0.05289845
v -0.10761290 0.34189437 -0.43531201
v -0.13125399 0.33621602 -0.22851199
v -0.10899220 0.35271830 -0.74637402
v -0.13665018 -0.26444880 -0.25254378
v -0.11083205 -0.26419450 0.41207005
v -0.10360970 -0.26417561 0.41942034
v -0.06477322 -0.02744544 0.93135797
v -0.13543497 0.05291929 0.86600866
v -0.12309482 0.06708941 0.78454554
v -0.14985580 0.19121223 0.28571721
v -0.12601665 0.21202102 -0.67432138
v -0.14728633 0.29932977 -0.62367294
v -0.06676216 0.30272006 -0.67478057
v -0.11620371 0.33830991 -0.32398438
v -0.08683503 -0.26467194 -0.43463757
v -0.02652118 -0.26425011 -0.16752046
v -0.11409108 -0.26057541 0.67840972
v -0.08780437 -0.25950873 0.99186871
v -0.12693339 -0.14537197 -0.98702762
v -0.12182879 -0.13716348 -0.99428016
v -0.23275576 -0.04508993 0.93749547
v -0.09217523 0.02471077 0.90673786
v -0.12684755 0.05538706 0.85656368
v -0.10043107 0.08496956 0.65559159
v -0.03352516 0.08917038 0.45369853
v -0.08081455 0.09212973 0.57188188
v -0.15752696 0.31189687 -0.69684434
v -0.11325618 0.33438644 -0.12385831
v -0.16735322 0.32744127 0.03083387
v -0.09112279 0.34303033 -0.58168259
v -0.06239517 -0.26501279 0.90480115
v -0.11396887 -0.13754864 -0.99416649
v -0.11396887 -0.13726944 -0.99428016
v -0.11618124 0.08045270 -0.90842131
v -0.11261098 0.10958339 -0.72946398
v -0.14146191 0.14348715 0.35106659
v -0.10995970 0.16124574 -0.69047798
v -0.15759415 0.25864676 0.18014499
v -0.11840931 0.30162140 -0.62932275
v -0.12401453 0.34055825 -0.57411952
v -0.08385567 0.33534080 -0.15694340
v -0.12789882 -0.26093620 -0.68779758
v -0.08561977 -0.26412244 0.41867036
v -0.10610895 -0.13754864 -0.99420959
v -0.10610895 -0.13737576 -0.99428016
v -0.10855885 -0.10184122 0.97889729
v -0.12654611 -0.02793342 -0.94525615
v -0.11377296 0.06737421 -0.97135555
v -0.12218348 0.07385902 0.74157954
v -0.04184402 0.09553208 -0.82712533
v -0.12207727 0.24987102 -0.65131897
v -0.11254238 0.27031465 0.16229139
v -0.06950547 0.24651944 0.19873357
v -0.08974407 0.33480534 -0.13452027
v -0.09362491 -0.26496644 -0.60656782
v -0.07465770 -0.26170988 0.71210212
v -0.08779081 -0.26162266 0.51067699
v -0.10803030 -0.24080222 -0.98768672
v -0.09824903 -0.13754864 -0.99422580
v -0.09824903 -0.13741545 -0.99428016
v -0.11684781 0.00705612 0.92126738
v 0.01393684 0.05334715 0.86474673
v -0.14224284 0.09018318 -0.84882635
v -0.01441622 0.09588331 0.51135672
v -0.07223732 0.33190031 -0.04941203
v -0.08058884 0.33708524 -0.28141573
v -0.07983353 0.33633235 -0.22811690
v -0.08841596 0.34928791 -0.71304231
v -0.10854140 0.35362821 -0.79404446
v -0.07006966 -0.26428927 0.24750624
v -0.17607827 -0.21843009 0.95103273
v -0.09314194 -0.14559196 -0.98672322
v -0.09038910 -0.13754864 -0.99423862
v -0.09038910 -0.13744682 -0.99428016
v 0.02082608 -0.06788980 0.97512777
v -0.01036672 -0.05847911 -0.94173444
v -0.04594726 0.01188216 0.91775243
v -0.09897992 0.05788797 -0.97102488
v -0.05825103 0.07924440 0.70175208
v -0.15602234 0.30827516 0.10403764
v -0.07540511 0.29605781 -0.63584612
v -0.13946494 0.33374854 -0.78240722
v -0.11560189 0.34005833 -0.38269122
v -0.10993045 -0.25805273 0.59933040
v -0.11192972 -0.26251085 0.72256235
v -0.02579430 -0.24853558 -0.85320882
v 0.00019096 -0.24405980 -0.96178864
v -0.06583353 -0.16233936 0.92191766
v -0.08252918 -0.13754864 -0.99424094
v -0.08252918 -0.13745221 -0.99428016
v -0.08758141 0.06896972 -0.96647715
v -0.02850476 0.08446843 -0.89578670
v 0.02479971 0.08227820 0.67859094
v -0.10014679 0.08867976 -0.86309860
v -0.10321346 0.10172909 -0.78000899
v -0.11692981 0.18105504 0.29979259
v -0.08878883 0.24299828 -0.65457301
v -0.01936804 0.31279754 0.09444776
v -0.08797607 0.32489324 0.05197284
v -0.04000604 0.33716202 -0.30262231
v -0.03439788 0.34268788 -0.44803186
v -0.06459640 -0.26468105 -0.46633328
v -0.07466926 -0.13754864 -0.99424243
v -0.07466926 -0.13745569 -0.99428016
v -0.09045255 -0.12921924 -0.99663222
v -0.00770029 0.06875156 0.77052324
v 0.00402003 0.09312188 0.55954041
v -0.07562148 0.11430958 -0.71501347
v -0.12149094 0.15816628 0.33174584
v -0.08319059 0.20944472 0.25651105
v -0.02497999 0.33945873 -0.36146853
v -0.03852430 0.34499465 -0.61459367
v -0.06193750 -0.26469577 -0.44293956
v -0.03245833 -0.26437649 0.14718248
v -0.01790356 -0.26421069 0.30024009
v -0.06638617 -0.26723262 0.82337042
v -0.03790095 -0.26736973 0.84929885
v -0.01133242 -0.25823990 -0.72282509
v -0.08028844 -0.23300953 0.96587914
v -0.02472515 -0.23556777 -0.99396011
v -0.15048652 -0.18962582 -0.98857399
v -0.06680934 -0.13754864 -0.99422878
v -0.06680934 -0.13742180 -0.99428016
v -0.17527983 -0.05815475 0.94636683
v -0.02733988 0.06242241 0.81020685
v -0.09447760 0.11320905 0.38787268
v -0.01628921 0.21836509 0.24153530
v -0.06072328 0.25200875 0.19026452
v -0.07606339 0.27994460 0.14756300
v -0.13603936 0.33097426 -0.77593854
v -0.03260207 0.33799501 -0.32315871
v -0.03755152 0.33582096 -0.25559699
v -0.09507194 -0.26429222 0.05014051
v 0.02615456 -0.26435082 0.04016729
v -0.04160847 -0.25043726 -0.82347370
v -0.02382094 -0.16700615 0.92119735
v -0.06607820 -0.14951904 -0.98557080
v -0.05894941 -0.13754864 -0.99422204
v 0.16611593 -0.14271005 0.93272084
v -0.20012095 -0.13279068 0.96883012
v -0.05894941 -0.13740429 -0.99428016
v -0.06414646 0.00983659 -0.95564708
v -0.03026786 0.07784768 -0.92892369
v -0.03734918 0.08934415 0.60546744
v -0.05834189 0.10112470 0.47206167
v -0.01965895 0.11325894 -0.71468422
v -0.01183084 0.33290053 -0.08767847
v -0.04244485 0.34372617 -0.58583124
v -0.05610080 0.35307244 -0.75184211
v -0.03302383 -0.25683955 -0.87937616
v -0.05108950 -0.13754864 -0.99419779
v -0.04012574 -0.12953474 -0.99644591
v -0.05108950 -0.13734427 -0.99428016
v 0.01951314 0.05588564 0.85178883
v -0.05942016 0.09848491 -0.80706752
v -0.03168648 0.27621784 0.15380473
v -0.00333241 0.32453995 0.05186970
v -0.08783043 0.33451350 -0.78952919
v -0.07942367 0.34507007 -0.66590607
v -0.03044505 -0.26501434 -0.60335319
v -0.05592032 -0.26456690 -0.32287976
v -0.03381166 -0.26420027 -0.07445129
v -0.00533669 -0.26401973 0.43668322
v -0.10512255 -0.26748012 0.98587235
v -0.05432790 -0.26221281 0.49441387
v -0.07082953 -0.25480051 -0.90372125
v -0.06771617 -0.21879193 0.95252032
v -0.01291626 -0.14545297 -0.98679452
v -0.04322957 -0.13754864 -0.99419504
v -0.04322957 -0.13733707 -0.99428016
v 0.00356428 0.08481284 0.65561476
v 0.00927692 0.09678750 -0.82138835
v -0.01636986 0.09877074 0.41919487
v -0.04535367 0.13639435 0.35787427
v -0.00666257 0.18217835 0.29724074
v -0.04928802 0.24705030 -0.64167303
v -0.06129034 0.30492840 -0.61529661
v -0.07522512 0.30735395 0.10470761
v -0.02123572 0.33577348 -0.21517687
v -0.02504271 0.33393670 -0.12409741
v 0.02229095 -0.26495458 -0.58084791
v -0.06822099 -0.25948101 0.55753645
v -0.05823192 -0.19052557 -0.98810234
v -0.03536965 -0.13754864 -0.99417603
v -0.03536965 -0.13729036 -0.99428016
v -0.12505167 -0.05961212 -0.98651587
v 0.00754708 -0.00233620 0.92209450
v -0.02874636 0.06625333 0.78590401
v 0.00623707 0.08341616 -0.90260990
v -0.02668860 0.09094650 -0.85750051
v -0.02200497 0.09590176 0.45508529
v -0.04644777 0.10534914 0.39760060
v -0.01810319 0.17731726 -0.67887864
v -0.03536965 0.25544748 -0.63670403
v -0.03536965 0.25549063 0.18470816
v -0.06248621 0.28107429 -0.62390648
v -0.02666884 0.33320589 -0.79042775
v -0.06317169 0.34121651 -0.56797108
v -0.05478215 0.34058125 -0.38950393
v -0.01951597 0.33433113 -0.24860033
v 0.04785709 -0.26449249 -0.25877809
v -0.02089125 -0.26420562 -0.15632139
v -0.00587681 -0.26417570 0.34081289
v -0.02665280 -0.26010713 -0.69355997
v -0.02689055 -0.25243477 -0.79715109
v -0.01164300 -0.19666433 0.93026842
v -0.02750973 -0.13754864 -0.99415547
v -0.02622841 -0.13751732 -0.99418132
v -0.10038270 -0.05696087 0.94456276
v -0.07268814 -0.02112338 -0.94164479
v -0.05931339 0.16734849 0.31818808
v -0.05684663 0.32740813 0.02667231
v -0.00467049 0.33488944 -0.28219852
v 0.00419811 0.35319541 -0.75349891
v -0.02981160 -0.26494561 0.95891998
v 0.00236926 -0.25850419 0.65021911
v -0.04396542 -0.05185631 -0.93283861
v -0.00793539 0.10433465 -0.77230235
v -0.08394834 0.18769941 -0.67435080
v -0.02750880 0.25544749 0.18470898
v -0.00535451 0.25454463 0.18594183
v -0.02485320 0.34255015 -0.46843352
v -0.03656773 -0.26763841 0.83093300
v 0.03556539 -0.24566769 -0.95258522
v -0.00005140 -0.22787987 -0.99360695
v -0.00964790 -0.13754358 -0.99413293
v -0.01289790 -0.13718249 -0.99428178
v -0.03479867 -0.02699244 -0.93776837
v -0.01548053 0.07529943 0.72887048
v -0.01216805 0.21893591 -0.65698811
v -0.01680278 0.25902509 0.17937646
v -0.01165247 0.29785005 -0.67678132
v 0.01386321 0.33928944 -0.35957270
v -0.01304859 0.34007175 -0.10804016
v 0.03101078 0.34254023 -0.46591803
v -0.14174534 -0.20220096 -0.98063476
v -0.00392996 -0.13717222 -0.99428016
v -0.03086694 0.16267196 0.32382317
v 0.00407882 0.22364590 0.23334678
v -0.03113406 0.29719467 0.12179177
v -0.00376701 0.31407537 0.09062274
v 0.03554334 0.34602218 -0.67794779
v -0.00445168 0.35571130 -0.15447967
v 0.03979435 -0.26475879 -0.51041798
v 0.02705838 -0.26467224 -0.45895109
v 0.00178648 -0.26437477 0.15736472
v 0.02214660 -0.25659652 -0.74430233
v 0.04227310 -0.26486408 -0.60697547
v -0.02875726 -0.06261543 0.96987242
v 0.03793402 -0.02922381 0.93235366
v 0.04276052 0.05645718 -0.97134939
v 0.08171410 0.08589527 0.64692770
v 0.01606037 0.09559736 0.52012146
v -0.00019356 0.21922298 -0.65676232
v 0.00710304 0.25548646 0.18454126
v -0.05149776 0.30457474 -0.60846644
v 0.01465745 0.30878583 0.10207668
v -0.00203007 0.32819072 0.01154479
v 0.09058224 0.33638944 -0.21614437
v 0.01791953 0.34467269 -0.64511055
v 0.01269062 0.33496927 -0.12695142
v 0.00016681 0.35571130 -0.80709066
v -0.08694146 -0.26377360 0.99178765
v 0.07827062 -0.23824002 -0.99321249
v 0.03852507 -0.14759298 -0.98587383
v 0.01081684 -0.13712475 -0.99428412
v -0.04018742 -0.10229076 0.97629095
v -0.01954257 0.02774416 0.90383374
v 0.00177554 0.03613767 0.89492304
v 0.03645017 0.07468125 0.73392775
v -0.00023116 0.11222924 -0.71807583
v 0.00411472 0.20935340 0.25566616
v 0.02090591 0.24320594 0.20367965
v 0.00685793 0.33304681 -0.09052902
v -0.02142523 0.34187281 -0.42084974
v 0.03337199 -0.26468034 -0.41535407
v 0.02066186 -0.26416506 0.36103391
v 0.04654380 -0.25919269 0.66183982
v 0.02573183 0.07911384 -0.92242684
v 0.06844209 0.08835839 0.44365323
v 0.01225622 0.10534176 0.45695199
v 0.05920225 0.14715632 -0.69531497
v 0.01602205 0.30069696 -0.60787872
v 0.06383766 0.30055647 -0.62738147
v 0.03394802 0.31763561 0.07847094
v 0.00364076 0.33164363 -0.05361053
v 0.01126067 0.33608867 -0.22807189
v 0.05986005 -0.26431897 0.05240152
v 0.01733300 -0.26785662 0.83785744
v 0.12652997 -0.25766860 0.61259447
v 0.03229285 -0.13754571 -0.99412910
v 0.02711225 -0.13717664 -0.99427826
v 0.12834779 -0.09495868 0.97946555
v 0.06356081 0.10307280 0.47045110
v 0.06817071 0.18965523 -0.67280921
v 0.02750973 0.31062523 0.09824903
v 0.05555648 0.32717307 0.03306029
v 0.01976472 0.33470361 -0.15835812
v 0.06759085 -0.26423443 -0.18294837
v 0.08537310 -0.25667708 -0.88061196
v 0.04241107 -0.25874787 -0.71681057
v 0.07577349 -0.26170990 0.50935999
v 0.02883142 -0.20470912 -0.98261790
v 0.03536965 -0.13717432 -0.99428016
v 0.03747989 0.00755177 -0.95443578
v 0.01040955 0.04921474 0.87356247
v 0.00298522 0.09104287 0.58638275
v 0.02645822 0.09076896 -0.85837513
v 0.02285609 0.20543065 -0.66434918
v 0.07667975 0.30124693 -0.65865414
v 0.07018296 0.30122088 0.11507614
v 0.03536965 0.31058997 0.09824903
v 0.01021170 0.33743998 -0.80334091
v -0.01363686 0.34176814 -0.54053173
v 0.07077921 -0.26422541 0.29441598
v 0.04487266 -0.26736434 0.98604957
v 0.06354700 -0.24820368 -0.85288072
v 0.04322957 -0.13754864 -0.99414068
v 0.04322957 -0.13720664 -0.99428016
v 0.06857717 0.07619960 -0.93509536
v 0.10513476 0.07042837 0.76266511
v 0.06821934 0.08379648 0.66619186
v 0.06036812 0.25000643 -0.64154609
v 0.04913595 0.28478193 -0.61958644
v 0.04322957 0.31046692 0.09850616
v 0.04322957 0.31059596 0.09824903
v 0.00940738 0.33338412 -0.10404971
v 0.11101221 0.33675421 -0.24372187
v 0.01044446 0.33475722 -0.25426077
v 0.08541086 0.34677038 -0.68737257
v 0.06695406 0.34527995 -0.60507715
v -0.03528853 0.34168811 -0.56798697
v 0.03047707 -0.26494162 0.91588276
v 0.00292352 -0.25506266 0.98809093
v 0.05376042 -0.26033949 0.99218197
v 0.05108950 -0.13754864 -0.99414384
v 0.05108950 -0.13721438 -0.99428016
v 0.02830235 -0.13749043 0.96952022
v 0.08048500 0.00826259 0.92115357
v 0.13844734 0.07108944 -0.95656761
v 0.09499247 0.09040798 0.59539338
v 0.03317152 0.14919548 0.34172727
v 0.09817357 0.18493489 0.29446343
v 0.04283169 0.25566856 0.18453503
v -0.00366119 0.29559576 0.12392544
v 0.05108950 0.31046692 0.09848613
v 0.05679823 0.31468477 0.08852855
v 0.05108950 0.31058577 0.09824903
v 0.11532930 0.32651578 0.04242953
v 0.07332621 0.34443769 -0.65079391
v 0.11334891 -0.26421946 -0.18470451
v 0.09772626 -0.26429403 0.09570123
v 0.11750723 -0.26676004 0.81243570
v 0.05048613 -0.25455749 -0.90488152
v 0.06424296 -0.25849622 0.58551227
v 0.08243849 -0.23200779 -0.99447061
v 0.01859090 -0.21586784 -0.98752199
v 0.05894941 -0.13754864 -0.99415284
v 0.05894941 -0.13723668 -0.99428016
v 0.00899279 -0.06034388 -0.99130485
v 0.05608280 -0.05856230 -0.94450065
v 0.04828127 0.05838034 -0.97129260
v 0.05870470 0.27125881 0.16139000
v 0.05894941 0.31046692 0.09847858
v 0.05894941 0.31058255 0.09824903
v 0.04754142 0.33761723 -0.79875092
v 0.04675738 0.34208990 -0.42721221
v 0.10879679 0.34044580 -0.38518742
v 0.07577023 0.34471617 -0.66094236
v 0.09239569 -0.26489749 -0.60859932
v 0.03124863 -0.26417420 -0.07665206
v 0.10734981 -0.26406494 -0.06854306
v 0.09170872 -0.21798244 0.95159918
v 0.18053000 -0.16889985 0.92221173
v 0.06680934 -0.13754864 -0.99415839
v 0.06310169 -0.12940185 -0.99649739
v 0.06680934 -0.13725078 -0.99428016
v 0.10195993 -0.05815744 -0.94800514
v 0.08612357 0.11046179 -0.72683539
v 0.04291185 0.17692737 0.30550410
v 0.07974624 0.26096005 -0.64619456
v 0.06680934 0.31046692 0.09845027
v 0.06680934 0.31056827 0.09824903
v 0.08603688 0.33696653 -0.27406677
v 0.09054286 0.34163076 -0.50625409
v 0.08954388 0.34254961 -0.44929429
v 0.09857121 0.34929340 -0.71192870
v 0.09650838 -0.26468427 -0.40768547
v 0.04073366 -0.26477826 0.95776674
v 0.13346051 -0.24061322 -0.98706620
v 0.06198811 -0.15107227 -0.98549545
v 0.07466926 -0.13754864 -0.99415171
v 0.07466926 -0.13723381 -0.99428016
v 0.19093430 -0.11514607 0.97148168
v 0.00130708 -0.06008947 0.95692942
v 0.11417576 -0.05804089 0.94715484
v 0.02983371 -0.03826398 -0.93247329
v 0.06166705 0.06452528 -0.97045441
v 0.12570396 0.05353462 0.86534989
v 0.09123212 0.08177914 -0.90434382
v 0.11556882 0.07407626 0.74042179
v 0.11532088 0.08634665 0.64331312
v 0.03049991 0.11657197 0.38675658
v 0.07721582 0.21373524 -0.66442948
v 0.06899926 0.22491494 0.23239320
v 0.10105806 0.25904711 0.17968857
v 0.06933963 0.29083078 -0.62931244
v 0.07466926 0.31046692 0.09837820
v 0.07466926 0.31053191 0.09824903
v 0.05048584 0.31231182 -0.72059654
v 0.12713573 0.33904715 -0.33646345
v 0.05835201 -0.26780595 0.83589635
v 0.08373967 -0.26018128 -0.69659613
v 0.07714974 -0.18921970 -0.98784126
v 0.08252918 -0.13754864 -0.99416184
v 0.08252918 -0.13725834 -0.99428016
v 0.09654233 -0.10386071 0.97819709
v 0.10127777 -0.04629633 -0.93928054
v 0.08919959 0.08784129 -0.86872664
v 0.15676903 0.09599383 -0.80958592
v 0.13340874 0.08965026 0.60968299
v 0.09232343 0.12546294 0.40169957
v 0.04357999 0.15373585 0.33609151
v 0.08252918 0.31046692 0.09832530
v 0.08252918 0.31050518 0.09824903
v 0.10556813 0.32218330 -0.74739134
v 0.11130856 -0.26426015 0.03611182
v 0.08260466 -0.26429291 0.23229853
v 0.07042867 -0.26417915 0.41202635
v 0.09880056 -0.26041271 0.68043742
v 0.12237352 -0.24824954 -0.85011707
v 0.11044441 -0.18448823 0.91970906
v 0.09038910 -0.13754864 -0.99414033
v 0.09038910 -0.13720647 -0.99428016
v 0.10436014 -0.06392603 0.97333224
v -0.00704065 -0.04902852 0.94122766
v 0.11063311 0.07930519 0.70348689
v 0.06965910 0.09839842 -0.80605890
v 0.07016018 0.09578657 0.50637024
v 0.10250795 0.09276194 0.56391190
v 0.04426874 0.30436398 -0.69094577
v 0.11182957 0.30202110 0.11407550
v 0.09038910 0.31046692 0.09828033
v 0.09038910 0.31048262 0.09824903
v 0.09663393 0.32512705 0.05083763
v 0.10235513 0.32832588 0.01658930
v 0.13024458 0.34187348 -0.47589022
v 0.06073198 0.34245073 -0.43967025
v 0.13527424 -0.26466491 -0.47833283
v 0.11638680 -0.26466339 -0.37429262
v 0.10794841 -0.26416545 -0.10414750
v 0.10973129 -0.26427888 0.14029567
v 0.09826893 -0.13750144 -0.99416341
v 0.13343367 -0.03999092 0.93697373
v 0.09742567 0.03424432 0.89629223
v 0.10784854 0.06135489 0.81911937
v 0.13018523 0.09531990 0.42733544
v 0.10331891 0.10360894 -0.76771255
v 0.10568204 0.27117992 0.16126169
v 0.09824903 0.31046692 0.09831738
v 0.09824903 0.31050086 0.09824903
v 0.12727129 0.33108138 -0.77714359
v 0.10240949 -0.25808499 0.63293100
v 0.10014759 -0.20446915 0.94631000
v 0.12219407 -0.14542316 -0.98669709
v 0.14933500 0.09384522 0.54981660
v 0.09445443 0.17030527 -0.68323862
v 0.09123377 0.27637687 0.15286002
v 0.10610895 0.27126530 0.16112840
v 0.10610895 0.31046692 0.09838179
v 0.12986282 0.31433608 0.09015867
v 0.12886669 0.34141410 -0.42054847
v 0.12659546 0.33693923 -0.24210089
v 0.11150471 0.33472412 -0.13966284
v 0.13026274 -0.26424576 0.40437757
v 0.08698305 -0.26731525 0.84848575
v 0.14580289 -0.26207975 0.50634658
v 0.19452791 -0.06759682 -0.99683482
v 0.12941148 0.08317960 -0.89137927
v 0.11718175 0.10266113 0.46652906
v 0.14572721 0.12658007 -0.71511562
v 0.10769640 0.22645621 -0.66781992
v 0.11396887 0.27116731 0.16126728
v 0.11396887 0.27125439 0.16112840
v 0.12857663 0.33178955 -0.04290952
v 0.13029849 0.35436422 -0.78845074
v 0.09171313 -0.25555065 0.98806740
v 0.16339341 0.07168851 0.79817221
v 0.19036801 0.09709062 0.48194965
v 0.11663449 0.21094850 0.25484480
v 0.18709959 0.26609146 0.16847633
v 0.15379079 0.25467686 0.18643796
v 0.12182879 0.27116731 0.16127688
v 0.12182879 0.27125990 0.16112840
v 0.12206793 0.33472279 -0.14109603
v 0.14826687 0.35213462 -0.73404231
v 0.16734622 -0.26498430 -0.60650131
v 0.19031096 -0.26466129 -0.39631233
v 0.17519432 -0.26427044 0.20290071
v 0.15606366 -0.24216928 -0.97214277
v 0.15531922 -0.13281372 -0.99615276
v 0.21886878 -0.06780007 0.97579081
v 0.11120414 0.00734028 -0.95726811
v 0.14713977 0.06459962 0.82225455
v 0.06111325 0.11296623 -0.71621264
v 0.10320660 0.13127070 0.36655621
v 0.11999943 0.17783585 0.30542855
v 0.14439824 0.19615913 0.27812710
v 0.14461719 0.26772732 0.16630682
v 0.12968871 0.27116731 0.16126081
v 0.12968871 0.27125007 0.16112840
v 0.13777757 0.30408871 0.11073192
v 0.13847970 0.34159168 -0.48754415
v 0.13864833 0.34167274 -0.44667315
v 0.08394614 0.34211378 -0.57561304
v 0.19140196 -0.26415621 -0.08117940
v 0.18913365 -0.26419969 0.28864958
v 0.19375418 -0.18976481 0.92167360
v 0.13095083 -0.09698988 -0.99734814
v 0.14080718 -0.00315206 0.92069221
v 0.18212529 0.08276852 0.68515677
v 0.15930722 0.11034167 -0.72081383
v 0.17631560 0.12448988 0.40988499
v 0.18587386 0.11864734 0.38486679
v 0.11815169 0.22198656 0.23730637
v 0.16032504 0.26579855 -0.63383594
v 0.13754864 0.27116731 0.16113704
v 0.10582542 0.28944060 -0.63227340
v 0.13754864 0.27117270 0.16112840
v 0.21984492 0.31050189 0.09724374
v 0.16883939 0.33587990 -0.28119031
v 0.18659972 0.34508726 -0.65691702
v 0.17831611 -0.26458905 -0.30879239
v 0.15194387 -0.26776953 0.83732140
v 0.15085568 -0.25565354 -0.75459116
v 0.12983972 -0.22937164 -0.99383996
v 0.14415410 -0.14540753 -0.98639498
v 0.15316187 -0.13753270 -0.99376816
v 0.14540856 -0.14535250 -0.98642021
v 0.18016607 0.10651055 -0.73620233
v 0.21122657 0.10600846 0.41768627
v 0.13832365 0.27116731 0.16112840
v 0.14540856 0.27116731 0.16104528
v 0.14587785 0.33263662 -0.09543589
v 0.15470307 0.32741810 0.03093497
v 0.17355361 -0.26690643 0.98938950
v 0.20938604 -0.25835777 0.63395086
v 0.17512253 -0.20703944 0.94719407
v 0.15326849 -0.14540856 -0.98628062
v 0.15326849 -0.14521576 -0.98642021
v 0.25102808 -0.05832695 -0.95585088
v 0.13822529 0.05705069 0.84465685
v 0.13376742 0.07870537 0.71100711
v 0.10520568 0.28218758 0.14359999
v 0.14233934 0.33073770 -0.77192952
v 0.22668937 0.32491134 0.04821053
v 0.17130786 0.32972638 -0.00945071
v 0.12353817 0.34050121 -0.56912616
v 0.16019867 0.33499619 -0.22931421
v 0.25574072 -0.25276333 -0.87211280
v 0.19161685 -0.21979999 -0.94512044
v 0.14146575 -0.19211187 -0.98858307
v 0.21779082 -0.04987862 -0.94715450
v 0.20403029 -0.00155203 0.91830110
v 0.14498330 0.06632098 -0.97055902
v 0.16527887 0.07734491 0.73115444
v 0.11847463 0.30191037 -0.62852358
v 0.15159858 0.33428768 -0.18372032
v 0.25965240 0.33681968 -0.44134907
v 0.14151493 0.34381007 -0.59338923
v 0.16990703 -0.26504613 0.96215019
v 0.16205631 -0.18446020 -0.98889214
v 0.15720132 -0.14537775 -0.98625351
v 0.15575024 0.15458955 0.33784521
v 0.14482081 0.15642188 -0.70601955
v 0.17642793 0.22263808 0.23660637
v 0.13469120 0.32168487 0.06536903
v 0.15680514 0.33509676 -0.22635214
v 0.18889899 0.33107511 -0.10228212
v 0.17107811 0.33090676 -0.04270928
v 0.19454859 0.33920612 -0.51623091
v 0.25818824 -0.26467454 0.90158176
v 0.14382121 -0.26006849 0.55503733
v 0.19368660 -0.14491276 0.93193571
v 0.20847579 -0.13343910 -0.99458946
v 0.18002339 -0.06455042 -0.99713168
v 0.18756571 0.07845473 0.77231967
v 0.18863915 0.07866516 0.77318861
v 0.23705710 0.10479470 -0.72763565
v 0.19421284 0.11995862 0.37976574
v 0.19667866 0.11203140 -0.72707027
v 0.19988402 0.16780104 0.32134322
v 0.13052152 0.20440112 -0.67859250
v 0.18484582 0.30736913 -0.67244746
v 0.18636239 0.33175960 -0.13295265
v 0.22597756 0.32881290 -0.02292086
v 0.26667472 0.33471861 -0.55393724
v 0.17313744 0.34706593 -0.68159661
v 0.23023587 -0.26416198 0.41341439
v 0.21516859 -0.26446139 0.76022043
v 0.16353572 -0.26121932 -0.68289776
v 0.28767037 -0.25773894 0.60954458
v 0.17696119 -0.26240995 0.72107243
v 0.22303295 -0.25447705 -0.76587719
v 0.18328955 -0.22033316 0.95225461
v 0.18796507 0.06162620 0.79754951
v 0.17402147 0.08252269 -0.88640392
v 0.22516600 0.08610761 0.66015895
v 0.25314044 0.09680521 -0.77762964
v 0.19577426 0.10337326 0.45887100
v 0.23445666 0.09486996 0.54766825
v 0.23108774 0.09224126 0.59103293
v 0.19523411 0.18441164 0.29830355
v 0.22614671 0.30022154 -0.63191533
v 0.28592076 0.31673302 0.07804802
v 0.25631647 0.32955954 -0.20349090
v 0.19641068 0.33579993 -0.31855324
v 0.20883362 -0.26314069 -0.64656067
v 0.20433724 -0.24330953 -0.93245486
v 0.22111043 -0.10182564 0.97959352
v 0.21454435 0.01108544 0.91372771
v 0.15985220 0.04945886 0.87195621
v 0.20378213 0.14716811 0.34723851
v 0.19911190 0.25110492 0.19191034
v 0.22614433 0.33583826 -0.75713601
v 0.21292755 -0.26460056 0.95485143
v 0.19549073 -0.24853382 -0.92859066
v 0.19883501 -0.20850135 0.94538407
v 0.13787461 -0.20127203 -0.98139001
v 0.20434947 -0.14513385 0.97033904
v 0.15897629 -0.15334999 -0.98512510
v 0.19646117 -0.14253098 0.96735279
v 0.15878373 0.08851273 -0.85557907
v 0.22424003 0.09036741 0.61546297
v 0.19691970 0.28312488 0.14102975
v 0.26765099 0.32883379 -0.20920330
v 0.25499358 0.33659808 -0.41527220
v 0.29560867 -0.26428268 -0.45385379
v 0.21360440 -0.26452211 -0.28087306
v 0.24984899 -0.26447381 -0.27650668
v 0.21585211 -0.26427344 -0.00024896
v 0.20447395 -0.26079362 0.68050259
v 0.26751334 -0.24989019 -0.87043791
v 0.21540825 0.02448015 0.90307477
v 0.22716746 0.04781467 0.86856438
v 0.22508340 0.10872621 -0.72431352
v 0.21461369 0.25226261 -0.63240935
v 0.21954109 0.33060215 -0.15934066
v 0.26961671 0.33673150 -0.56622560
v 0.20559730 0.33768377 -0.39199955
v 0.22734951 0.35467902 -0.76094428
v 0.25446975 -0.26613278 0.97418292
v 0.23090911 -0.25960645 0.98929793
v 0.32032599 -0.19395937 -0.98950300
v 0.19045290 -0.05735323 0.94370074
v 0.25208455 -0.04743372 -0.94603884
v 0.23652578 0.09221837 -0.81412494
v 0.24229943 0.09899431 0.48646989
v 0.21287382 0.17488107 -0.68327704
v 0.21903958 0.18190698 0.29967829
v 0.20353064 0.21293714 0.25295623
v 0.21508555 0.22656884 0.22944772
v 0.23658817 0.25568380 0.17788972
v 0.18603587 0.34753745 -0.68621028
v 0.21156330 0.34265985 -0.60574595
v 0.20739385 -0.26427908 0.16265700
v 0.25915416 -0.26421653 0.42761324
v 0.24953620 -0.26257937 0.70471875
v 0.21071747 -0.03984912 0.93518052
v 0.23209865 0.00289150 0.91530463
v 0.19317930 0.06474816 -0.96569510
v 0.28597752 0.08103626 -0.86477255
v 0.21126869 0.12144021 0.40699554
v 0.22947970 0.11660838 0.37826328
v 0.20925725 0.19873930 -0.66795628
v 0.23524355 0.32635015 -0.71447451
v 0.18504111 0.33790818 -0.37789664
v 0.27769823 0.35474724 -0.70853374
v 0.28859399 -0.26457539 -0.62661158
v 0.29040550 -0.26441472 -0.44345291
v 0.28738105 -0.26418160 0.38224766
v 0.28527909 0.10367957 -0.71078160
v 0.23660979 0.09393740 0.42920426
v 0.23468454 0.11183857 0.38823290
v 0.22928546 0.27346473 -0.61745003
v 0.18995724 0.30645559 -0.60522954
v 0.25268654 0.32827205 -0.06258338
v 0.26030209 0.33357385 -0.34595227
v 0.23687193 0.35028148 -0.75911204
v 0.27828688 0.34922845 -0.67581221
v 0.27688207 0.34504502 -0.64325521
v 0.26396785 -0.26425005 -0.14213429
v 0.24684066 -0.26431887 0.05235606
v 0.29252402 -0.26467184 0.75704882
v 0.25130485 -0.26779011 0.83611228
v 0.24018039 -0.26753585 0.98285279
v 0.23079272 -0.26338503 0.98901705
v 0.29364314 -0.25757155 0.61393310
v 0.25433691 -0.25838004 -0.72073618
v 0.26117097 -0.20302650 -0.97244793
v 0.22467576 0.06219082 0.82934698
v 0.24995090 0.09244813 -0.80864832
v 0.24663342 0.10136797 0.47183215
v 0.23532791 0.17915705 0.29797587
v 0.28612366 0.31717246 0.07485743
v 0.26901203 0.32865783 -0.17109389
v 0.28695954 -0.26475459 -0.60422397
v 0.36693701 -0.26430720 -0.22979622
v 0.29599250 -0.26426476 0.20185822
v 0.24803651 -0.23850363 -0.90012671
v 0.24587184 -0.21636756 0.94608416
v 0.26126422 -0.17787663 0.95187736
v 0.21842153 0.06731196 -0.95884553
v 0.28740759 0.07836382 0.63066152
v 0.26430143 0.08583371 0.59888401
v 0.24114469 0.19300915 -0.66684435
v 0.26309615 0.20672798 -0.65493573
v 0.24304012 0.30081420 -0.59913415
v 0.27173416 0.33327113 -0.71936738
v 0.23990517 0.33286892 -0.29367872
v 0.27540023 0.32713941 -0.23556668
v 0.27821227 0.32666588 -0.02527360
v 0.27233559 0.32971004 -0.31297674
v 0.32732635 -0.26410414 -0.44626203
v 0.28866774 -0.26424928 0.17812882
v 0.28386291 -0.21388774 -0.94755874
v 0.26421255 -0.20767279 0.93592242
v 0.26064472 -0.05528224 -0.94702184
v 0.23388295 0.08880998 0.62670024
v 0.25679423 0.10500729 0.41695780
v 0.26311730 0.32434265 0.04361690
v 0.26554981 0.33083710 -0.30401544
v 0.27104174 0.32767819 -0.05270528
v 0.27794494 0.34152104 -0.61475452
v 0.27487756 0.34693394 -0.74376403
v 0.28825806 -0.26438525 -0.57752182
v 0.20490039 -0.26486586 -0.60966043
v 0.29087853 -0.26428579 -0.33521152
v 0.29564176 -0.26307079 0.44237881
v 0.28592356 -0.25839637 -0.72117974
v 0.24181337 0.06428680 0.79980366
v 0.21274108 0.08020189 0.72028086
v 0.27380934 0.07273456 0.71018255
v 0.24113945 0.09252262 0.57129996
v 0.23640057 0.11274098 0.38067112
v 0.23907712 0.13857196 -0.70279925
v 0.26960996 0.18590665 -0.66566356
v 0.21872212 0.20037256 0.27357093
v 0.25835926 0.30153478 0.10591578
v 0.28259747 0.30866514 -0.66590780
v 0.26674574 0.33601258 -0.46316579
v 0.33039788 -0.26435185 -0.16205001
v 0.28703120 -0.26362085 0.47127685
v 0.30669371 -0.25802411 -0.84770956
v 0.25905454 -0.18070063 -0.98941987
v 0.26555417 -0.14551506 0.92540823
v 0.31080323 -0.13430885 -0.98783896
v 0.26174788 -0.06309999 0.96833911
v 0.29447911 0.02708705 0.89371425
v 0.24005352 0.04861903 0.86896212
v 0.29978822 0.05601876 0.78381997
v 0.28764462 0.32001128 0.03306288
v 0.27084009 0.32834410 -0.17420126
v 0.27699482 0.34045262 -0.72686662
v 0.26146107 0.33586202 -0.52535925
v 0.27233515 0.35937064 -0.73329007
v 0.33257179 -0.26430933 -0.11056688
v 0.28696045 -0.26169080 0.67847431
v 0.26583294 -0.19804320 0.90790666
v 0.27468374 -0.06026172 -0.98892435
v 0.27186641 0.06885027 -0.94344102
v 0.30001866 0.10104028 -0.71326082
v 0.28026667 0.17326551 -0.67048305
v 0.27889579 0.21590458 0.22992601
v 0.27496963 0.26950066 -0.61536197
v 0.26664282 0.27297521 -0.49120563
v 0.30395250 0.27452961 0.13721893
v 0.27374214 0.27293973 -0.42903742
v 0.28246622 0.32400461 -0.31172341
v 0.28154167 0.32397825 -0.24468931
v 0.27953928 0.32541969 -0.16396782
v 0.28000255 0.33118777 -0.53286538
v 0.28583349 0.33149219 -0.46842548
v 0.28410143 0.34048206 -0.62351082
v 0.27854160 0.35711703 -0.72639373
v 0.27449627 -0.26638316 0.97681349
v 0.23466580 0.01943235 0.90757459
v 0.31333131 0.05062408 0.80409484
v 0.30012336 0.08277874 0.56820497
v 0.32659099 0.09365664 0.40641676
v 0.29575812 0.09690918 0.43112662
v 0.24513717 0.18892330 0.28120188
v 0.29280131 0.22878490 -0.52153106
v 0.27903578 0.27566609 -0.37087703
v 0.29057695 0.29384964 -0.59927584
v 0.30700736 0.28921835 0.10251117
v 0.28065025 0.32502176 -0.09140968
v 0.29209686 0.31095826 -0.12421398
v 0.28686807 0.31840271 -0.07670952
v 0.29979233 0.31777976 -0.41946568
v 0.28514914 0.30047145 -0.62113695
v 0.28726430 0.34681885 -0.71075447
v 0.29686148 -0.26518769 0.96996058
v 0.28940028 -0.26199513 0.52150561
v 0.29509230 -0.25530269 0.53343546
v 0.29474708 -0.25577655 0.53840464
v 0.29474708 -0.25568625 0.54626459
v 0.29474708 -0.25558406 0.55412453
v 0.29474913 -0.25544860 0.56202092
v 0.29280097 -0.25033846 -0.76217104
v 0.29367584 -0.25692554 -0.67444458
v 0.29118100 -0.24812216 -0.83571654
v 0.28728959 -0.15589246 0.91038845
v 0.29289377 -0.13712492 -0.83547968
v 0.26277130 -0.14453115 0.96633484
v 0.29372040 -0.09336790 -0.81805813
v 0.36278283 -0.09981376 0.95951105
v 0.29420553 -0.07983202 -0.72429662
v 0.29490594 -0.08964898 -0.58951817
v 0.29452694 -0.02984329 -0.64009415
v 0.29441484 -0.01478458 -0.73114352
v 0.29547636 -0.02367272 -0.75783183
v 0.31881936 0.04339787 0.85645735
v 0.30033986 0.06983911 0.69480093
v 0.29601310 0.08841787 -0.81590306
v 0.27771626 0.25045160 -0.62658777
v 0.26965947 0.27370174 -0.45009946
v 0.31418708 0.25156385 -0.51710280
v 0.23073449 0.26888145 0.15824877
v 0.30379545 0.24467363 -0.35527735
v 0.29705770 0.29041283 -0.49210937
v 0.29398199 0.28783388 -0.18020057
v 0.29457122 0.28597033 -0.25731430
v 0.29769475 0.28014567 -0.14774971
v 0.28821298 0.29339006 -0.46292273
v 0.29285878 0.30735678 -0.31837124
v 0.29319460 0.30617831 -0.26991496
v 0.29180988 0.31105409 -0.16669443
v 0.29529365 0.30769118 -0.06616518
v 0.29296754 0.31776756 -0.38055543
v 0.29314655 0.31108501 -0.33170553
v 0.28188848 0.32361879 0.03471541
v 0.29162332 0.32137778 -0.55105252
v 0.31638588 -0.26430693 0.20666274
v 0.29003347 -0.26431677 0.05467957
v 0.29621859 -0.26743797 0.81456961
v 0.29489183 -0.25544748 0.54626459
v 0.29483512 -0.25544748 0.55412453
v 0.29474971 -0.25544748 0.56198442
v 0.31340727 -0.26015671 0.96417458
v 0.29521700 -0.20720103 -0.46136085
v 0.29520245 -0.24751239 0.56157726
v 0.29523689 -0.24758755 0.56984437
v 0.29456472 -0.26117697 -0.51149986
v 0.29552533 -0.23446325 -0.48169887
v 0.29599117 -0.15556659 0.44504349
v 0.29518768 -0.22446183 0.62497722
v 0.29550980 -0.21694417 -0.46781248
v 0.29494369 -0.25269286 0.60715726
v 0.30002986 -0.24937912 -0.84344359
v 0.29511607 -0.21438878 0.51237717
v 0.29516775 -0.19038315 0.65242427
v 0.29527827 -0.16024227 -0.45644069
v 0.29553465 -0.12660701 0.45690492
v 0.29493738 -0.13834757 0.72927076
v 0.29521007 -0.10131933 0.60070836
v 0.29429035 -0.14825616 -0.68111174
v 0.29559792 -0.10716389 -0.48274006
v 0.29638691 -0.09306169 -0.47846413
v 0.29997724 -0.05049106 -0.80218923
v 0.29539801 -0.01248970 0.55799787
v 0.29521353 -0.03333250 0.71403358
v 0.29687646 -0.02382871 -0.53878586
v 0.29651774 0.00511949 -0.71108911
v 0.29577517 -0.00090442 -0.57535381
v 0.30377641 0.00847146 0.67088178
v 0.29869190 0.00787301 -0.59509979
v 0.30448122 0.00655047 0.58623083
v 0.31551498 0.06910171 0.67594940
v 0.31654653 0.07644255 -0.88257430
v 0.29025834 0.09022154 0.50316462
v 0.36356304 0.10254883 0.34129185
v 0.30396815 0.21741618 -0.45859442
v 0.31080271 0.25401231 -0.10417362
v 0.29540656 0.28559484 -0.03286866
v 0.29910161 0.28372968 0.04787855
v 0.30298908 0.30549521 -0.46525254
v 0.29479050 0.28727430 -0.10410361
v 0.30160211 0.29362015 0.08693441
v 0.29503960 0.30260430 -0.19356559
v 0.29524613 0.30430384 -0.15206386
v 0.29770622 0.31695037 -0.52693932
v 0.30042038 0.32141022 -0.45371177
v 0.31025261 0.30686551 -0.47132103
v 0.36967504 -0.20922268 0.90868474
v 0.29798100 -0.05990451 0.48231125
v 0.24087499 -0.05697034 0.94230686
v 0.29597468 -0.06668595 0.77350374
v 0.29565738 -0.04408442 -0.50708033
v 0.29655786 0.00464879 0.67388110
v 0.29468577 0.06627683 -0.94459885
v 0.33331088 0.07709205 0.57433142
v 0.30291703 0.09045124 -0.79606901
v 0.31955973 0.09088626 -0.77958120
v 0.29734416 0.11510594 0.35153835
v 0.30746622 0.20011388 -0.53055306
v 0.30933346 0.20257486 -0.47434059
v 0.32926796 0.21287167 -0.52204844
v 0.30988101 0.25612329 -0.18064186
v 0.30930390 0.25635465 -0.07666155
v 0.30983875 0.25530052 -0.07294309
v 0.30935209 0.25574757 -0.01638756
v 0.31948638 0.25354743 -0.61039393
v 0.30232244 0.27442119 -0.26468594
v 0.29493586 0.28582290 -0.07106876
v 0.30691946 0.28424937 -0.59463477
v 0.30228140 0.28781537 -0.31368423
v 0.31047041 0.26932120 -0.27403296
v 0.40403671 -0.26403958 -0.45082716
v 0.29715562 -0.26428207 0.80973010
v 0.37502158 -0.13897767 0.95180432
v 0.33216078 -0.13019094 -0.98702322
v 0.31526911 -0.14236064 0.44529505
v 0.35477327 -0.06949136 0.95920966
v 0.29628749 0.00505918 0.90758818
v 0.33411633 0.00836774 -0.59271604
v 0.34044947 0.07972527 0.53556079
v 0.34348208 0.09172952 -0.75446403
v 0.33663325 0.09304352 0.37838043
v 0.32098527 0.17080761 -0.54325113
v 0.32757263 0.19271674 -0.55232825
v 0.31824096 0.18299095 -0.47751246
v 0.31496900 0.18132743 0.26483465
v 0.30938297 0.22189529 -0.40280860
v 0.32155215 0.20740014 -0.37800301
v 0.30146917 0.25767025 -0.33213064
v 0.31796538 0.23956636 -0.01687856
v 0.31578018 0.24346752 0.06535938
v 0.31227742 0.25270868 -0.23197088
v 0.30737861 0.28519796 0.11334176
v 0.31205615 0.25939470 0.09749274
v 0.32024198 0.26611686 -0.56749345
v 0.33206962 0.24899845 -0.54333156
v 0.29584932 -0.22871729 0.80539603
v 0.29605565 -0.13055464 0.79944405
v 0.42736909 -0.12483380 -0.45738546
v 0.31432858 -0.05770859 -0.49234679
v 0.34324175 -0.03773162 0.51697936
v 0.36467939 -0.03431903 0.92047565
v 0.40074466 0.06520722 -0.91586787
v 0.36424986 0.06210426 0.71488946
v 0.36988526 0.07816786 -0.83473248
v 0.33805826 0.08494504 0.47311601
v 0.31837566 0.13569188 0.31836639
v 0.33272054 0.13382120 0.31601960
v 0.32730530 0.14411734 -0.54364697
v 0.33251914 0.15493401 -0.46494167
v 0.34505538 0.19466092 -0.63753322
v 0.32982064 0.17560231 -0.41837580
v 0.34483383 0.19745813 0.23602307
v 0.32948832 0.20967265 -0.33040181
v 0.32577660 0.22365546 0.01317390
v 0.33900703 0.22946156 0.18253883
v 0.31699789 0.24124560 -0.01755087
v 0.32175204 0.24171515 0.11587260
v 0.32632348 0.23254597 0.19276950
v 0.32343935 0.24603842 -0.27313836
v 0.32318340 0.23138362 -0.17571851
v 0.32216027 0.25040930 0.16629882
v 0.32486692 0.24165327 -0.31630360
v 0.32202574 0.25323338 0.15716932
v 0.32904775 0.24913430 -0.56286961
v 0.33884900 0.24229740 -0.47422956
v 0.33356209 -0.35891830 0.63223169
v 0.33365825 -0.35001619 0.58993182
v 0.33428882 -0.35446691 0.56961863
v 0.33587267 -0.34445716 0.70195614
v 0.33416431 -0.31166435 0.74367965
v 0.33429921 -0.28836189 0.57220861
v 0.33419409 -0.29923663 0.75336314
v 0.33467369 -0.27911882 0.67912997
v 0.33423623 -0.26712933 -0.48405628
v 0.35641636 -0.26433976 -0.00758558
v 0.34948177 -0.26418051 0.29924695
v 0.31719294 -0.26413215 0.43467492
v 0.33458515 -0.25233456 0.54301354
v 0.33411405 -0.24257118 0.71853268
v 0.33441394 -0.26721298 0.95632275
v 0.33458160 -0.20488855 0.52530898
v 0.33422915 -0.22935712 -0.82159954
v 0.29604423 -0.20261625 0.80600356
v 0.35717086 -0.19931663 0.44005359
v 0.33560321 -0.24259442 0.78537792
v 0.33474394 -0.19183850 -0.83695789
v 0.33376754 -0.14456035 0.53276853
v 0.33648251 -0.09189972 0.48574416
v 0.33602682 -0.05828528 0.74084107
v 0.33330221 -0.05249927 0.52268750
v 0.33357472 -0.10906413 0.56245658
v 0.33337430 -0.09299657 0.69065741
v 0.33406187 -0.03609331 0.57281791
v 0.34608137 -0.02801009 -0.93173028
v 0.33439932 -0.03661196 0.67008652
v 0.43602093 0.00423589 -0.72049071
v 0.33177485 0.00799252 0.59325749
v 0.30959945 0.06644710 0.71192316
v 0.34757432 0.17009809 -0.53111549
v 0.33307996 0.18121092 -0.38471377
v 0.34456078 0.15872370 -0.38061201
v 0.33099825 0.22335382 -0.25361334
v 0.32877412 0.21904125 -0.13171980
v 0.33069603 0.21328443 -0.04902427
v 0.33361680 0.22323052 -0.31649669
v 0.33754010 0.21046848 0.22124701
v 0.32988118 0.22871659 -0.61945702
v 0.33224293 0.26701980 -0.47867534
v 0.33691670 -0.36321608 -0.58291201
v 0.33977408 -0.35755419 0.56706330
v 0.34201627 -0.36294341 -0.72623377
v 0.33977743 -0.35484802 0.66931659
v 0.33592950 -0.31834334 -0.78068460
v 0.33617490 -0.31387549 -0.63905117
v 0.33575156 -0.26805132 -0.73617743
v 0.33716131 -0.30152277 -0.63487477
v 0.33414042 -0.28627308 0.48022850
v 0.33452372 -0.31334217 -0.51998958
v 0.33677941 -0.29550574 -0.68503177
v 0.33537188 -0.28512510 -0.79639518
v 0.33669500 -0.28236796 -0.57697789
v 0.33685670 -0.29278060 0.65442238
v 0.33378323 -0.27150349 0.77055050
v 0.33459434 -0.20043789 -0.79298986
v 0.33475342 -0.23713825 -0.54433161
v 0.33513356 -0.19954434 -0.74970109
v 0.36550540 -0.20046562 0.89215396
v 0.35686175 -0.14694080 0.44382689
v 0.33552473 -0.14104789 -0.47721968
v 0.32459117 -0.15465150 -0.45236724
v 0.33536408 -0.11026590 0.69353969
v 0.33554231 -0.19065495 -0.53648667
v 0.33271475 -0.16921687 0.78717518
v 0.33636865 -0.09686931 -0.49458204
v 0.33439732 -0.13781524 0.54059145
v 0.33572887 -0.09938184 -0.78803975
v 0.33494329 -0.12003177 -0.56015149
v 0.33478706 -0.11211509 0.77400843
v 0.33683051 -0.10012379 -0.59031120
v 0.33450624 -0.06600010 -0.53252199
v 0.33459054 -0.10303590 0.57701827
v 0.33598661 -0.09381304 0.66041637
v 0.33625480 -0.10516964 -0.69165136
v 0.33773292 -0.09705116 -0.61163050
v 0.33553466 -0.05817150 -0.63545499
v 0.33938841 -0.06111454 -0.51901258
v 0.33612001 -0.02925918 -0.62961368
v 0.33383648 -0.03123671 0.63409051
v 0.33947319 -0.02884279 -0.57829409
v 0.34091387 -0.01860845 -0.63440303
v 0.32135546 0.05958767 0.74342204
v 0.31989337 0.10084756 -0.70057467
v 0.34125272 0.12932793 -0.55526430
v 0.33750241 0.11471787 -0.53592567
v 0.36316791 0.15105480 -0.65926097
v 0.33597547 0.15500463 -0.43907712
v 0.35535772 0.17919882 0.25260389
v 0.34108602 0.19398111 -0.18136790
v 0.34850589 0.17768572 -0.12733935
v 0.33331650 0.20787403 0.03744486
v 0.34022543 0.19311051 0.10076213
v 0.32602651 0.22710068 -0.22717789
v 0.33098907 0.21399711 -0.11664613
v 0.33688661 0.20003759 -0.03521265
v 0.33338217 0.21140840 0.13870933
v 0.33898476 0.22719805 0.16508437
v 0.33871201 0.22269264 -0.57620190
v 0.33656371 0.24758755 -0.52268481
v 0.33702575 -0.33014867 -0.52010948
v 0.33938275 -0.31770353 0.50091514
v 0.38911030 -0.26442330 -0.12770954
v 0.33249859 -0.21172576 0.45248707
v 0.40281764 -0.24051609 -0.54696138
v 0.33999641 -0.23804455 -0.89326010
v 0.33557702 -0.15896979 -0.74353828
v 0.35403569 -0.20441634 -0.45946976
v 0.34383300 -0.13081978 -0.47521997
v 0.34119393 -0.09983023 0.59237018
v 0.30438651 -0.06326404 0.77266123
v 0.35486110 -0.03246124 0.53707104
v 0.33895802 -0.03964254 -0.72736405
v 0.33685995 -0.03219125 -0.70875932
v 0.30321353 -0.04421469 -0.50230667
v 0.30354256 0.00700347 -0.71445757
v 0.36142741 -0.01169069 -0.55301358
v 0.35075050 0.10919133 -0.46364505
v 0.36560633 0.10777436 0.33640705
v 0.36313917 0.12989790 0.31182789
v 0.34350529 0.14480603 -0.41909585
v 0.37200001 0.13791892 -0.53901793
v 0.34794132 0.16304548 -0.35047678
v 0.34805934 0.16932331 -0.33339963
v 0.35374671 0.16241893 0.27781345
v 0.34721230 0.17864013 -0.02537435
v 0.34489044 0.18373847 0.05218298
v 0.35088329 0.17042669 0.09099240
v 0.34363361 0.19058748 -0.22098950
v 0.34565469 0.18903056 -0.22710087
v 0.34437863 0.18479526 0.01384821
v 0.34342211 0.19977514 -0.51603030
v 0.34131337 0.20786177 -0.31023958
v 0.34455853 0.20788452 -0.58563676
v 0.32948517 0.21898478 -0.52112774
v 0.37985033 -0.37428975 -0.68950802
v 0.33804664 -0.37282284 -0.67961475
v 0.36429010 -0.35933858 -0.56428687
v 0.33868067 -0.29320161 -0.80428965
v 0.33321215 -0.24505376 0.46057096
v 0.39495321 -0.28035790 -0.57446978
v 0.39262681 -0.30368813 0.75426094
v 0.35018632 -0.23261717 -0.84005828
v 0.33745134 -0.22094018 -0.83844018
v 0.34719069 -0.19639858 -0.98532276
v 0.36169677 -0.17627962 -0.83476177
v 0.33726087 -0.17897933 -0.46045318
v 0.34337868 -0.16432518 0.79181495
v 0.34887268 -0.11237509 0.47410857
v 0.33325070 -0.15768157 0.72223445
v 0.36415257 -0.14351897 0.91127231
v 0.39559874 -0.08850719 0.95517968
v 0.38396809 -0.08468249 -0.78309200
v 0.35003057 -0.09801354 -0.65669091
v 0.36584167 -0.09175827 -0.37216808
v 0.34273623 -0.06014312 -0.75698750
v 0.34040935 -0.04223195 -0.54848627
v 0.35756524 -0.04669586 0.51630581
v 0.36390023 -0.05499869 -0.93132441
v 0.33884671 -0.04786918 -0.80000811
v 0.33869878 -0.02838497 0.67205076
v 0.37287299 0.03765812 0.87424969
v 0.38460656 0.09862491 -0.67325189
v 0.35322277 0.11660115 -0.55356419
v 0.33975697 0.15359773 -0.56554730
v 0.36704020 0.11654752 -0.33887534
v 0.36487398 0.14136604 -0.21802046
v 0.35111454 0.17156807 -0.10687438
v 0.35414068 0.16338587 -0.05820767
v 0.35382463 0.16358797 -0.01203964
v 0.35203805 0.16810960 0.06938799
v 0.35001561 0.17321184 -0.06637821
v 0.35956361 0.14932225 0.09411473
v 0.34903106 0.19029059 -0.26257264
v 0.35794898 0.16808628 0.20332892
v 0.34559798 0.19725965 -0.31564325
v 0.36103122 0.17931990 0.21731785
v 0.37307000 0.17399670 -0.48764638
v 0.35670158 0.19010859 0.19663522
v 0.35707639 0.18142191 -0.58870747
v 0.34891635 0.20390080 0.18122324
v 0.35113378 0.23585865 -0.47649902
v 0.40494962 -0.29751025 -0.63541376
v 0.35114832 -0.29463937 -0.60907903
v 0.38818703 -0.26446247 0.24344725
v 0.41197105 -0.26630078 0.92337373
v 0.37929697 -0.26270316 0.44065122
v 0.36159683 -0.22948518 0.53259640
v 0.30539626 -0.22417762 0.93545600
v 0.36548638 -0.22400779 -0.83717340
v 0.35560800 -0.24756248 0.80733229
v 0.34628817 -0.17105302 0.80119429
v 0.36448829 -0.14983506 0.90072614
v 0.38139815 -0.13707479 -0.83930587
v 0.40944789 -0.16980998 -0.53786079
v 0.34252121 -0.09150699 0.76476138
v 0.36005811 -0.04213274 -0.38896950
v 0.38302016 -0.02089744 -0.53651450
v 0.36476969 -0.00109223 -0.42408389
v 0.36133743 -0.01950104 0.63313974
v 0.36090872 -0.02442160 -0.39130071
v 0.38619489 -0.04004857 0.91994164
v 0.36367793 0.00905607 0.67244908
v 0.33722513 0.07344780 0.60562396
v 0.38124026 0.09693419 0.35160546
v 0.37387971 0.10235721 -0.33459864
v 0.36012590 0.14898300 -0.08988816
v 0.37396739 0.10964468 -0.11468740
v 0.36110392 0.14504385 0.04356719
v 0.37384101 0.11778940 -0.21223516
v 0.36530037 0.14465942 -0.22561182
v 0.36120699 0.14711404 -0.15031479
v 0.35083237 0.17263406 0.17676664
v 0.36387523 0.16977888 -0.58902440
v 0.36192125 0.16249013 -0.31447890
v 0.36384394 0.20413994 -0.50808283
v 0.38901506 -0.26439535 0.01017916
v 0.34976625 -0.25305345 -0.45143814
v 0.40448850 -0.20087135 -0.97365799
v 0.37334630 -0.22400779 -0.83719444
v 0.37334630 -0.22385888 -0.83708173
v 0.37726439 -0.20681764 0.44055137
v 0.39577839 -0.19257961 -0.99031306
v 0.26422391 -0.14788115 -0.98275608
v 0.30542099 -0.13577959 -0.84351494
v 0.40691095 -0.17527861 -0.74611538
v 0.37514856 -0.16087644 0.53027694
v 0.33657703 -0.15495604 -0.81818522
v 0.34487176 -0.10985477 -0.57689048
v 0.38220278 -0.09557072 -0.65027538
v 0.33746798 -0.04896856 -0.49647547
v 0.34138075 -0.10043027 -0.82424452
v 0.34941540 -0.08090427 -0.32648301
v 0.33081547 -0.02756205 0.71381996
v 0.34324915 -0.02967937 -0.71495635
v 0.45146770 -0.03501723 -0.78070832
v 0.38761490 0.00990950 -0.29909240
v 0.45055584 0.00387704 -0.72473491
v 0.39082967 0.07411639 -0.84216035
v 0.40073106 0.09048524 -0.71019595
v 0.37089611 0.11568320 -0.04093268
v 0.37343905 0.10624937 0.12622158
v 0.37341143 0.10617917 0.03532312
v 0.36781571 0.12957479 -0.16505254
v 0.36965681 0.12218776 -0.12226922
v 0.36117361 0.14489992 -0.02801473
v 0.36571418 0.13070212 0.12718600
v 0.36985338 0.14387652 -0.24326617
v 0.37117121 0.14096608 -0.31232419
v 0.36820218 0.13515357 0.23697959
v 0.36584583 0.14858978 0.27444187
v 0.37880185 0.17677896 -0.50005614
v 0.34921466 0.22276229 -0.52609908
v 0.36603460 0.20042801 -0.50696498
v 0.33916239 -0.37882092 -0.65250806
v 0.33609855 -0.25182102 -0.47361262
v 0.39520494 -0.26246215 -0.23810780
v 0.38898333 -0.26446438 0.19081807
v 0.38594415 -0.26486470 0.42946011
v 0.34012723 -0.23808618 0.71938513
v 0.38120621 -0.22400779 -0.83713877
v 0.36014232 -0.22398988 -0.83207439
v 0.38120621 -0.22517833 -0.82922179
v 0.38120621 -0.22393246 -0.83708173
v 0.41835513 -0.17310975 0.79516041
v 0.40909019 -0.14901976 -0.73589662
v 0.37241924 -0.13380310 -0.47132112
v 0.39511125 -0.13264317 0.54197343
v 0.38976905 -0.11653108 0.45444103
v 0.40617222 -0.08717794 -0.78545799
v 0.41224013 -0.11026773 0.56529174
v 0.40740828 -0.09703501 -0.61305150
v 0.34272142 -0.08182554 0.75841393
v 0.37263230 -0.04862499 -0.49666468
v 0.39149774 -0.06365440 0.95057926
v 0.32285654 -0.07419371 0.47229817
v 0.39327031 -0.05852279 0.92787636
v 0.37645454 -0.03856264 0.70116828
v 0.43278539 -0.02269758 0.66033898
v 0.34095018 -0.02897133 0.56640488
v 0.37293101 -0.01701399 0.61666791
v 0.39951085 0.03645873 0.86692018
v 0.38696029 0.06758950 -0.91605219
v 0.37832670 0.09840589 -0.05547342
v 0.38613853 0.10239713 -0.31383015
v 0.39039299 0.08848118 -0.23016951
v 0.37342597 0.10643377 0.00588163
v 0.37727973 0.09791977 0.09386069
v 0.39131136 0.10827301 0.28675829
v 0.38197100 0.11272608 -0.27295953
v 0.37516683 0.13008716 -0.30858504
v 0.36688649 0.15585714 -0.64784729
v 0.38527258 -0.34011418 -0.75878105
v 0.45365318 -0.26232650 -0.81610994
v 0.40330684 -0.28409263 0.66661968
v 0.43802032 -0.26038528 -0.72506069
v 0.39329462 -0.26078782 0.16494454
v 0.41430688 -0.25450606 0.80924228
v 0.36857476 -0.23014716 0.91743366
v 0.41551841 -0.21725142 -0.45829310
v 0.38906613 -0.22401588 -0.83708173
v 0.38872445 -0.22400779 -0.83708173
v 0.37934689 -0.21310924 0.90542391
v 0.37163417 -0.14532533 0.94347335
v 0.40552739 -0.12516093 -0.55987909
v 0.36279503 -0.08038863 0.78671169
v 0.35249619 -0.11699712 -0.71153882
v 0.40103084 -0.09400253 0.63652017
v 0.38586679 -0.03416606 -0.38987998
v 0.45279273 -0.03066047 -0.57322195
v 0.41550415 -0.02917668 0.53147797
v 0.40122391 -0.02549509 -0.52817018
v 0.39251966 -0.03807742 0.91633558
v 0.37590009 0.05744196 0.74229433
v 0.37849704 0.06932406 0.60373287
v 0.39278473 0.07241368 0.55903461
v 0.39357128 0.08592404 -0.74352743
v 0.37934878 0.09960945 -0.14269889
v 0.39162457 0.08722528 -0.14665448
v 0.39380320 0.08684028 -0.07075160
v 0.37824996 0.09359841 0.23652534
v 0.38846526 0.08936390 0.38918362
v 0.38678820 0.10096033 -0.27995679
v 0.39984645 0.09898554 -0.34889412
v 0.39519242 0.10191951 -0.63017692
v 0.37094453 0.17222051 -0.54469381
v 0.38878880 0.15925479 -0.50323526
v 0.41913395 -0.37437176 -0.60545612
v 0.34425852 -0.32069253 0.50196105
v 0.37514825 -0.32174877 0.73553727
v 0.33576263 -0.29653471 -0.49254242
v 0.40543093 -0.25622881 -0.73828190
v 0.39402304 -0.26162157 -0.16994117
v 0.40919048 -0.25814577 -0.55750224
v 0.39536868 -0.25547086 0.32520876
v 0.39729568 -0.25636640 0.40332022
v 0.41094631 -0.22419587 -0.54065711
v 0.40051565 -0.14473666 -0.97341190
v 0.44669265 -0.13939553 0.87240125
v 0.43195402 -0.13906004 0.44240510
v 0.44381815 -0.15408917 0.80443522
v 0.40302727 -0.11033935 0.68817089
v 0.40078362 -0.08522941 -0.81837060
v 0.37776436 -0.00435362 -0.30092735
v 0.42090661 -0.07047947 0.47403967
v 0.44866796 -0.05111726 0.76302262
v 0.42130131 -0.04446738 -0.79520710
v 0.41010713 -0.03787688 0.52109650
v 0.40025547 -0.02643390 0.90495738
v 0.44327338 -0.02172864 0.65062880
v 0.45104369 -0.02031756 -0.61185191
v 0.39081365 0.01945235 0.88719851
v 0.45135889 -0.01839400 -0.75551855
v 0.39066399 0.03591275 0.86935232
v 0.40256251 0.04491243 0.78906754
v 0.40099140 0.07350534 -0.22278145
v 0.39465194 0.08433153 0.11052150
v 0.37578467 0.09826740 0.17122586
v 0.39895087 0.07789621 0.24244117
v 0.40253708 0.07223071 0.54909397
v 0.39368368 0.08700099 -0.01562185
v 0.39355128 0.08658083 0.06752033
v 0.40399170 0.07489853 0.30512389
v 0.38982854 0.09411324 0.30387601
v 0.39496269 0.08525715 -0.23857948
v 0.38132888 0.11858465 0.25588549
v 0.40408414 0.11319682 -0.48969573
v 0.36126842 0.10646732 -0.40786064
v 0.39111519 0.12968871 -0.56984437
v 0.40570078 0.12066339 -0.53713424
v 0.40240520 -0.37186662 -0.58206539
v 0.44117238 -0.32541270 -0.77507173
v 0.38758876 -0.28509015 0.47356679
v 0.40884036 -0.28374016 0.57147717
v 0.43971208 -0.26500973 0.81265469
v 0.40767487 -0.26333299 0.54881766
v 0.40257301 -0.26290091 -0.35539664
v 0.39568103 -0.25624794 -0.08982817
v 0.40018668 -0.26567467 0.93628069
v 0.40195616 -0.25547587 -0.31040219
v 0.40254923 -0.23162461 -0.01511717
v 0.39569893 -0.25540682 0.12183558
v 0.41774097 -0.22669033 0.42263280
v 0.40714352 -0.22031971 -0.23716159
v 0.40769514 -0.21313999 -0.00999162
v 0.40749164 -0.21473415 0.00833508
v 0.40482598 -0.22399076 0.05845064
v 0.40478599 -0.22412315 0.05894941
v 0.40478599 -0.22403267 0.06680934
v 0.40478599 -0.22400779 0.07318221
v 0.40170299 -0.23462344 0.06102528
v 0.40477592 -0.22400779 0.08252918
v 0.40476045 -0.22400779 0.09038910
v 0.40477338 -0.22400779 0.09824903
v 0.40477076 -0.22400779 0.10610895
v 0.40476128 -0.22400779 0.11396887
v 0.40475732 -0.22400779 0.12182879
v 0.40474185 -0.22400779 0.12968871
v 0.40475529 -0.22400779 0.13754864
v 0.40475283 -0.22404329 0.14680988
v 0.40303302 -0.22964832 0.17452752
v 0.40680153 -0.21638733 0.18789731
v 0.40659852 -0.21850358 0.32373799
v 0.43538532 -0.17794380 0.79879630
v 0.40478599 -0.22400154 0.07466926
v 0.40478599 -0.22397090 0.08252918
v 0.40478599 -0.22391471 0.09038910
v 0.40478599 -0.22396143 0.09824903
v 0.40478599 -0.22395153 0.10610895
v 0.40478599 -0.22391622 0.11396887
v 0.40478599 -0.22390074 0.12182879
v 0.40735462 -0.21359641 0.13853618
v 0.40438424 -0.20801770 0.29736683
v 0.39698955 -0.19467084 -0.23253777
v 0.40682196 -0.21467678 -0.20349356
v 0.40656864 -0.20817387 -0.06400977
v 0.40649237 -0.20820647 -0.00311770
v 0.39873650 -0.19460044 0.13082901
v 0.39848244 -0.19590318 0.23898132
v 0.42648267 -0.17745895 0.42796640
v 0.39864975 -0.18484368 -0.18977278
v 0.40196638 -0.18736306 -0.24017107
v 0.40506573 -0.16875010 0.08241161
v 0.40020455 -0.19763970 0.37661434
v 0.39810807 -0.19304160 -0.07282480
v 0.41875124 -0.13573663 0.91357419
v 0.40891105 -0.15766080 0.52994546
v 0.41165293 -0.13073956 -0.72147713
v 0.39943582 -0.10652303 0.77554527
v 0.41628189 -0.06500252 -0.97485203
v 0.44355099 -0.03923687 -0.73245049
v 0.44128768 -0.06955780 0.50050300
v 0.40128814 -0.09709615 -0.37962307
v 0.43228953 -0.03834433 0.50435929
v 0.44107981 -0.01840266 0.61863610
v 0.39654654 0.00123506 -0.42401286
v 0.42292785 0.00200367 -0.27597423
v 0.39386352 0.03309356 0.87487051
v 0.40955976 0.03962557 0.81114561
v 0.42006992 0.04650091 0.70459371
v 0.39411162 0.06386320 0.64183272
v 0.40982159 0.05652886 -0.25531225
v 0.39662829 0.06617126 0.61035944
v 0.40588422 0.06416782 -0.23840202
v 0.40796937 0.07130494 0.04931067
v 0.40460576 0.07402533 0.10730367
v 0.40051160 0.08066600 0.27413082
v 0.39526932 0.08534850 -0.27949764
v 0.39410532 0.08589686 -0.09659939
v 0.39725977 0.08328930 -0.01781882
v 0.39876911 0.09209207 -0.31125196
v 0.39907749 0.09569584 -0.66214863
v 0.39510218 0.09861069 -0.64499514
v 0.39904108 0.13830032 -0.50002130
v 0.41463618 -0.36059439 0.64388747
v 0.35288538 -0.34606058 -0.53639492
v 0.43865619 -0.33565635 0.71420400
v 0.37825210 -0.32242420 -0.50946629
v 0.43875511 -0.29529761 -0.67710318
v 0.40695502 -0.29134134 0.61598717
v 0.41207746 -0.25590301 -0.65142429
v 0.40740185 -0.24606667 -0.62298578
v 0.40855307 -0.26404179 0.69141202
v 0.42734756 -0.25353263 -0.84381589
v 0.41112430 -0.24566640 0.68080542
v 0.42587015 -0.24886181 -0.86416060
v 0.40865701 -0.14279828 0.61065753
v 0.41648869 -0.23275020 -0.90274998
v 0.40947088 -0.22315295 -0.57206332
v 0.40805862 -0.23657753 0.59356030
v 0.40842351 -0.24580257 0.64625406
v 0.40757836 -0.23151087 -0.74477878
v 0.41200931 -0.22431831 -0.31173405
v 0.40692935 -0.21629797 0.07535667
v 0.40479365 -0.22400779 0.06680934
v 0.41028606 -0.23280847 0.53172575
v 0.40901400 -0.18821461 0.57673780
v 0.41022515 -0.23042699 0.70174074
v 0.42015299 -0.20995262 0.87504001
v 0.41053083 -0.22562896 -0.29108686
v 0.40674393 -0.21623004 -0.25195943
v 0.40986520 -0.20270017 0.72679618
v 0.40867404 -0.17820132 -0.58901999
v 0.40546372 -0.20826206 -0.17311184
v 0.40799535 -0.21109172 -0.07312811
v 0.40702815 -0.20991735 0.09586316
v 0.40509151 -0.20828895 0.21218592
v 0.40679646 -0.21471475 0.23181820
v 0.40484583 -0.20828794 0.24758755
v 0.41630366 -0.23012585 0.41563663
v 0.40828466 -0.18316386 0.66757916
v 0.40867981 -0.18434926 -0.64892533
v 0.42751495 -0.21478113 0.52445175
v 0.39500403 -0.16836056 0.44071443
v 0.40995625 -0.20797036 -0.69946819
v 0.40844966 -0.15206137 0.65458100
v 0.40672278 -0.16019295 -0.21815558
v 0.41125265 -0.14340825 -0.62329010
v 0.40811754 -0.15668944 -0.60875473
v 0.40695810 -0.16285047 0.00479466
v 0.40511118 -0.17172190 0.22573669
v 0.42050442 -0.12487402 0.39370165
v 0.40850507 -0.13575573 0.55280595
v 0.41794165 -0.13313969 -0.96831013
v 0.40576562 -0.16346327 -0.17189798
v 0.41011624 -0.15325600 -0.02635384
v 0.40673936 -0.09747472 -0.62688759
v 0.45196503 -0.13109125 -0.47269268
v 0.41196144 -0.08502232 0.93079855
v 0.41263862 -0.09574725 -0.65535856
v 0.39039242 -0.09063022 -0.36028535
v 0.44109786 -0.08600972 -0.31672627
v 0.41114305 -0.06624492 0.93277057
v 0.35121121 -0.07705877 -0.29686761
v 0.43041121 -0.06165362 -0.95234024
v 0.44159350 -0.05286188 0.72659382
v 0.38668419 -0.03454593 0.72873290
v 0.42000598 -0.02693582 0.88124585
v 0.44917448 0.00965111 0.58434805
v 0.41680170 0.02547999 -0.91398906
v 0.41764215 0.05904888 -0.13991656
v 0.41860384 0.05925528 0.00269526
v 0.39582186 0.08130859 0.25420376
v 0.41257890 0.06369360 -0.86628820
v 0.40770427 0.07156695 -0.05439034
v 0.40118990 0.07881319 0.04148667
v 0.42317142 0.04949762 0.29448083
v 0.40326815 0.08091348 0.39263551
v 0.39890959 0.07693999 0.49550698
v 0.46925294 0.11199701 0.28915530
v 0.43272531 -0.31067669 0.49113773
v 0.41809776 -0.28800637 -0.80642559
v 0.41686896 -0.26199484 -0.45079261
v 0.44663588 -0.27280367 0.47118558
v 0.39082387 -0.20362530 0.44912095
v 0.42420901 -0.25224818 0.90910920
v 0.40895562 -0.21087559 -0.30134693
v 0.44601513 -0.17362438 0.57549645
v 0.41513722 -0.16428672 0.89249726
v 0.41208992 -0.13464613 -0.56231452
v 0.40590395 -0.16995218 0.37429774
v 0.41233424 -0.14754054 0.59365211
v 0.41042798 -0.14789043 -0.95399741
v 0.40983355 -0.14548444 -0.65826917
v 0.40721447 -0.16654580 0.32079796
v 0.42478040 -0.10700208 -0.12609220
v 0.40952154 -0.09644724 0.60303798
v 0.41952377 -0.09789376 0.65349995
v 0.42041059 -0.05898318 -0.92353289
v 0.42625933 -0.03416441 -0.27028081
v 0.38080472 0.06191719 -0.92458186
v 0.44208565 -0.02048217 0.60297374
v 0.43129526 -0.05053167 -0.90815735
v 0.43276461 0.00888243 0.67482051
v 0.39368230 0.00725113 -0.59211026
v 0.41504631 0.03105335 0.84293817
v 0.41595257 0.02028678 0.85515939
v 0.41077940 0.05531067 -0.91050370
v 0.42496829 0.03432926 0.76720313
v 0.41174549 0.04330762 0.77563672
v 0.42160093 0.04842664 -0.20272985
v 0.41377117 0.05159429 0.68981179
v 0.42053859 0.05518514 -0.03476031
v 0.42175666 0.05407803 0.07446568
v 0.41897039 0.05829450 0.08883054
v 0.41926120 0.05599701 0.20787081
v 0.41301383 0.07385708 -0.33008217
v 0.41827333 0.05594812 -0.30680969
v 0.42176613 0.05588558 0.34701866
v 0.43593112 0.05457504 0.56055018
v 0.42389462 0.08704104 -0.42507372
v 0.41927422 0.09731537 -0.42985878
v 0.42339342 0.08928156 -0.59166778
v 0.41819547 0.10037812 -0.56458090
v 0.42193726 0.10609366 -0.49708075
v 0.40862647 0.10423495 -0.41178082
v 0.40006513 0.12097162 -0.49952741
v 0.47229683 0.13558563 0.27119938
v 0.45501557 -0.36622717 -0.58580892
v 0.44244867 -0.35748095 0.56788027
v 0.34350067 -0.30012206 -0.80071232
v 0.43677220 -0.29046395 -0.62192244
v 0.43653062 -0.29171162 0.61779563
v 0.42823077 -0.28439134 0.63909684
v 0.44149663 -0.23970096 0.60620056
v 0.43908854 -0.25621196 0.69593740
v 0.44212622 -0.23987412 0.78678551
v 0.40723872 -0.23934357 -0.68727578
v 0.45104735 -0.24058624 -0.71488382
v 0.44612637 -0.23754332 -0.59848933
v 0.44604569 -0.22960191 -0.46347231
v 0.42951460 -0.23840845 -0.43092747
v 0.42365497 -0.22290789 -0.83080523
v 0.41682991 -0.21093409 0.62501603
v 0.43463492 -0.20708485 0.85353194
v 0.41644389 -0.21171040 -0.66514347
v 0.44280381 -0.21383908 0.57590682
v 0.44584249 -0.18913417 0.80714079
v 0.41571777 -0.16655601 -0.65135738
v 0.42262492 -0.19151150 0.59772417
v 0.43226575 -0.16508119 -0.34927710
v 0.40956111 -0.15254995 0.71228830
v 0.43476209 -0.15626442 -0.86533378
v 0.42988578 -0.17027803 -0.83703286
v 0.44445708 -0.16427383 -0.74608589
v 0.42224934 -0.17993198 -0.31597541
v 0.43989325 -0.15305077 0.71469442
v 0.41585237 -0.16085832 0.62319831
v 0.44774292 -0.16880117 0.78986826
v 0.44088832 -0.14363450 -0.45141234
v 0.44620151 -0.13694827 0.46298237
v 0.44178130 -0.14479467 0.63267330
v 0.43872674 -0.10813724 0.77585194
v 0.40997116 -0.11877995 0.63461775
v 0.40586182 -0.12556790 0.70607294
v 0.45140388 -0.09535393 -0.82197514
v 0.41658388 -0.13292218 -0.06776855
v 0.43419271 -0.08281891 0.23828150
v 0.42095433 -0.12365910 0.24090839
v 0.44123124 -0.12923483 -0.92151851
v 0.42660549 -0.10235097 -0.24901924
v 0.43338537 -0.08064275 -0.25095495
v 0.42132361 -0.12034864 0.02342885
v 0.44752528 -0.08989761 -0.65670061
v 0.42097664 -0.12132312 0.07010989
v 0.42067579 -0.12341245 0.15358727
v 0.41766992 -0.06119408 -0.96861707
v 0.42652662 -0.05684123 -0.80529554
v 0.44282862 -0.06823668 0.88621449
v 0.42160586 0.00467093 -0.22890511
v 0.44810492 -0.02728076 -0.70046261
v 0.42848176 -0.03598332 -0.17867842
v 0.42784861 -0.01452240 0.28381738
v 0.39143344 -0.05032303 0.75517201
v 0.45794279 -0.03868661 -0.50340663
v 0.42761429 -0.01388720 0.16945942
v 0.42513759 0.01740632 -0.27619385
v 0.42589045 0.02484822 0.78623916
v 0.42135063 0.02750973 -0.26330739
v 0.42505117 0.01082465 -0.00889064
v 0.42720401 -0.01115154 0.03221661
v 0.42603843 0.00296379 0.16146423
v 0.42648883 0.00169615 0.24166896
v 0.44642866 -0.00584375 0.70486619
v 0.42548349 0.05153282 -0.34830227
v 0.42295007 0.04733640 0.29610110
v 0.42482469 0.03150234 -0.28035942
v 0.42550659 0.02698939 -0.14371772
v 0.42137989 0.05061072 -0.08235120
v 0.42247907 0.05062401 0.15390164
v 0.42883183 0.04972439 -0.81075989
v 0.42368320 0.01781414 -0.13702411
v 0.42236434 0.05096023 0.08017261
v 0.41375206 0.05485063 0.66367836
v 0.42842950 0.06562491 -0.40201410
v 0.41504014 0.07794414 -0.72936065
v 0.43268049 0.05482225 0.39534822
v 0.43788224 0.05426247 0.41837159
v 0.42473003 0.06705609 0.49004376
v 0.42331694 0.06348671 0.53628046
v 0.42509690 0.08210726 -0.61555248
v 0.40888882 0.08441611 0.27188491
v 0.42400333 0.10055026 -0.54194178
v 0.43158574 0.09077074 -0.52921140
v 0.45374329 -0.37799692 -0.65043173
v 0.43367032 -0.28486884 0.67512510
v 0.44550357 -0.28563895 -0.70631177
v 0.44104097 -0.26439243 -0.47523705
v 0.43940234 -0.29418792 0.58934272
v 0.43914147 -0.27862962 -0.58210406
v 0.44701879 -0.23455945 0.66598913
v 0.43862082 -0.21520518 0.85113707
v 0.44805452 -0.23054178 -0.65840597
v 0.44890283 -0.22608190 -0.57609258
v 0.42612691 -0.19147395 -0.45660036
v 0.41965847 -0.22490688 -0.91651123
v 0.42750355 -0.19697747 -0.83291503
v 0.43384818 -0.15028999 0.61149996
v 0.44714563 -0.17870434 -0.59534569
v 0.42538043 -0.16781050 -0.45809939
v 0.43559805 -0.15264922 0.42997531
v 0.43637786 -0.17445665 0.79681560
v 0.43645114 -0.14797349 0.87385336
v 0.44388825 -0.14253002 0.54785356
v 0.44610470 -0.17024332 0.67434102
v 0.43855975 -0.15666479 -0.66766935
v 0.44534376 -0.12987816 -0.81030416
v 0.44405725 -0.16223741 0.65198204
v 0.44104281 -0.12547971 0.70756761
v 0.44649116 -0.13347448 0.78102371
v 0.44043838 -0.09428624 0.63435231
v 0.44257845 -0.13062021 -0.55235043
v 0.43478477 -0.08256649 0.40525928
v 0.44183639 -0.09200791 0.60679145
v 0.44190094 -0.08164654 -0.78096385
v 0.43148538 -0.08286687 -0.30186364
v 0.43453469 -0.08117155 -0.04294766
v 0.44686497 -0.09775285 0.88304845
v 0.44077442 -0.07852009 0.75760889
v 0.43465087 -0.08132882 0.04588822
v 0.41979217 -0.05450635 -0.91601148
v 0.45038944 -0.05650178 -0.80580312
v 0.41592175 -0.02798408 -0.41526262
v 0.43187837 -0.07905656 -0.26462391
v 0.43439011 -0.08134164 -0.11930386
v 0.45405072 -0.06107700 -0.52016550
v 0.42880924 -0.04641149 -0.26324616
v 0.43451062 -0.08105812 0.15179533
v 0.44412313 -0.06441880 0.74649737
v 0.45320020 -0.04900052 -0.53308224
v 0.42903141 -0.04357528 -0.21158015
v 0.43083514 -0.04388457 0.13115627
v 0.42847272 -0.01416785 0.37739860
v 0.44356119 -0.03734466 0.53327751
v 0.44409651 -0.05457294 -0.85389308
v 0.42911788 -0.02863547 0.20869416
v 0.42782543 -0.01964361 -0.06627003
v 0.43051627 -0.04106260 0.06910854
v 0.43326628 -0.06748935 0.40734018
v 0.44446228 -0.01731927 0.53944366
v 0.43371787 -0.03428513 0.85361725
v 0.44440316 -0.02633205 0.57402348
v 0.42999050 0.01241677 -0.86796277
v 0.42950743 -0.00816489 0.38647240
v 0.44080710 -0.03901519 0.82894782
v 0.44728469 0.01312997 0.67535013
v 0.43077144 0.00810382 -0.43612332
v 0.43747832 0.01469632 -0.38461592
v 0.43030179 0.02061166 -0.19359126
v 0.44012585 0.02847730 0.67588174
v 0.42516617 0.03761761 0.72631245
v 0.43176711 0.04042646 0.66061425
v 0.44115722 0.03010322 -0.42350871
v 0.42482175 0.05825168 0.57732458
v 0.42520363 0.06145367 -0.78849865
v 0.43346135 0.07588534 -0.59014699
v 0.43378433 0.07838648 -0.48312765
v 0.40348165 0.13856851 0.25418632
v 0.45569736 -0.36245770 -0.72033926
v 0.44762104 -0.34818765 0.54645425
v 0.44542431 -0.35126932 0.68349628
v 0.44604530 -0.32327038 0.50847202
v 0.44262588 -0.30744275 0.74869394
v 0.44265754 -0.30819624 0.60563693
v 0.44624757 -0.29418037 0.75789455
v 0.44424449 -0.29349738 -0.65311700
v 0.44543809 -0.26995005 0.72896489
v 0.44086178 -0.25971633 0.54554086
v 0.44031505 -0.23728277 0.70860270
v 0.44783924 -0.23683402 -0.73877711
v 0.43894628 -0.23345930 -0.54279497
v 0.44192442 -0.23809393 0.53012907
v 0.45003009 -0.23189519 0.58028823
v 0.41821838 -0.21351986 -0.61761603
v 0.44405571 -0.22256234 0.59819518
v 0.45068339 -0.23802676 0.64006880
v 0.44851248 -0.21719235 0.67217757
v 0.42514622 -0.19930588 0.64787427
v 0.44396616 -0.20711663 -0.69071854
v 0.43724580 -0.16422875 -0.53835507
v 0.44674015 -0.22178615 -0.75242296
v 0.44325238 -0.18797362 -0.42715467
v 0.44120278 -0.21320995 0.72737665
v 0.44463130 -0.14740916 -0.37941190
v 0.44281307 -0.15541927 0.85088238
v 0.44335476 -0.15136354 -0.84521789
v 0.44619265 -0.13326602 -0.83631198
v 0.44673041 -0.13666997 -0.72621272
v 0.44337795 -0.14603480 -0.65105823
v 0.44718439 -0.14588716 0.84726916
v 0.44454815 -0.12010316 0.53831580
v 0.44528256 -0.12843598 -0.88801233
v 0.44791147 -0.09320476 -0.62425909
v 0.44921541 -0.11150756 0.44418217
v 0.45625592 -0.12930309 -0.45346283
v 0.44811234 -0.10667349 0.77235410
v 0.43835546 -0.09836254 -0.30910253
v 0.44512651 -0.09734937 0.45926129
v 0.45010378 -0.06900873 0.78797138
v 0.46721276 -0.06025685 -0.48537588
v 0.43484107 -0.05771013 0.87248324
v 0.45217499 -0.08945024 -0.78881888
v 0.44875249 -0.04750078 -0.74022599
v 0.44784807 -0.09246428 -0.37475540
v 0.44736492 -0.03872265 0.49904096
v 0.44751864 -0.04928289 0.70712866
v 0.44350100 -0.02781012 0.78751374
v 0.44763174 -0.02243117 0.71589413
v 0.44559178 -0.04003091 -0.40760706
v 0.42904045 0.01193541 0.79868379
v 0.43800893 0.01589738 -0.81589730
v 0.45434414 -0.00811817 -0.74196451
v 0.44508562 0.01688290 -0.43991501
v 0.44465400 0.01538796 0.67825008
v 0.43880531 0.02362304 -0.79526052
v 0.43974176 0.05148765 0.43263872
v 0.44263815 0.03949897 0.57865041
v 0.43652085 0.04355142 0.60842977
v 0.43421389 0.05963298 -0.73025327
v 0.44196576 0.05252139 -0.64945465
v 0.44787577 0.03772587 -0.68035427
v 0.44307135 0.04187294 0.52905111
v 0.43124710 0.07072971 -0.64686765
v 0.44140588 0.06128812 -0.58830298
v 0.44955619 -0.33197648 -0.52511502
v 0.44822380 -0.31484677 -0.65400809
v 0.44852728 -0.29326957 -0.58079066
v 0.45472210 -0.33802679 -0.75719640
v 0.44157761 -0.28861039 0.67903364
v 0.45398574 -0.29206181 -0.80088010
v 0.45511685 -0.29244438 -0.49056719
v 0.45268043 -0.30467442 -0.55202382
v 0.44765460 -0.26378895 0.48036952
v 0.44923306 -0.25990412 -0.62801687
v 0.44680652 -0.25335050 -0.55468045
v 0.44755795 -0.21656282 0.45426188
v 0.45178632 -0.22797502 -0.69804847
v 0.45169874 -0.24745770 -0.65323057
v 0.44426936 -0.22703054 0.56031728
v 0.44590343 -0.27217065 0.77098845
v 0.44863746 -0.21101580 -0.59863196
v 0.45467339 -0.23368053 -0.82069311
v 0.44328624 -0.16494443 0.52368704
v 0.44653380 -0.23432121 0.78592381
v 0.43454714 -0.16033990 -0.62125369
v 0.44541900 -0.17334028 -0.69581055
v 0.45384666 -0.16057375 -0.46520774
v 0.44535139 -0.19128915 0.45466621
v 0.44966727 -0.16708140 -0.82180377
v 0.45059483 -0.13259575 -0.53897467
v 0.45478815 -0.10859885 -0.48748685
v 0.44803054 -0.18092544 -0.43136579
v 0.44750748 -0.09666797 -0.35981431
v 0.44426506 -0.11675642 -0.71613903
v 0.45430149 -0.07368535 -0.81892368
v 0.45029488 -0.08634359 -0.49679573
v 0.44694572 -0.09001893 0.75071938
v 0.44785485 -0.11956648 0.79846036
v 0.44625687 -0.09998127 0.48180548
v 0.44540686 -0.06506497 -0.91300644
v 0.45165245 -0.08327609 -0.57920593
v 0.43963181 -0.05291634 0.43030670
v 0.44755453 -0.06347364 0.84451419
v 0.45123209 -0.05698627 -0.82612375
v 0.45280120 -0.05087921 -0.80386573
v 0.44994763 -0.05042230 0.78362333
v 0.45403665 -0.03274782 -0.69896603
v 0.44837088 -0.03210073 0.56255370
v 0.44664961 -0.03189569 0.67190887
v 0.45500536 -0.01936411 -0.63504191
v 0.45343471 -0.03041950 -0.78814281
v 0.45457617 -0.01755260 -0.43437458
v 0.45746783 0.00628068 -0.58295714
v 0.45031024 -0.04400044 0.48129315
v 0.44508957 0.02725677 -0.46887939
v 0.44341148 0.04044666 0.54134467
v 0.44949652 0.00747314 0.57423624
v 0.44784934 0.03088983 -0.72249390
v 0.44675203 0.03279677 -0.50148761
v 0.44230371 0.06032909 -0.53417297
v 0.45644812 -0.34437608 -0.73932891
v 0.45568476 -0.35553999 -0.65392048
v 0.45507543 -0.35159017 -0.55577042
v 0.45215203 -0.31594801 -0.50806497
v 0.45373072 -0.29456837 -0.76537323
v 0.45419803 -0.23202578 -0.47016432
v 0.44969750 -0.20026033 -0.52630765
v 0.45499550 -0.18023370 -0.81746708
v 0.46101476 -0.12154048 -0.40661969
v 0.45635406 -0.08281834 -0.77636424
v 0.45498522 -0.09699135 -0.50204589
v 0.45793435 -0.09000341 -0.40874697
v 0.45273691 -0.07192804 -0.82761014
v 0.46071493 -0.08238119 -0.42419479
v 0.45050121 -0.10107625 -0.57440070
v 0.46730401 -0.04525348 -0.48674066
v 0.45618787 -0.02854223 -0.59443304
v 0.45859965 -0.00043277 -0.50206743
v 0.45723152 -0.00737511 -0.47793744
v 0.46197351 0.00947844 -0.69712692
v 0.46078417 0.01448384 -0.70845866
v 0.45783743 0.02059739 -0.54888245
v 0.45295056 0.03417310 -0.56101896
v 0.46544553 -0.10468414 -0.45559856
v 0.46650696 -0.02154862 -0.52611048
v 0.46491288 0.00505353 -0.57183371
v 0.45667806 0.02706879 -0.59281515
v 0.47318722 0.09782417 0.28472053
v 0.48284149 0.07839788 0.25736678
v 0.48272268 0.13127276 0.25559839
f 63 2 1
f 82 4 3
f 4 17 3
f 23 22 7
f 22 398 9
f 14 82 3
f 47 333 85
f 40 13 55
f 15 3 17
f 48 55 52
f 4 62 17
f 17 62 133
f 1 2 184
f 63 140 2
f 2 140 283
f 20 18 64
f 284 7 385
f 315 6 64
f 22 385 7
f 25 7 20
f 64 142 68
f 64 6 142
f 21 65 98
f 7 25 23
f 64 68 20
f 19 24 98
f 68 25 20
f 6 318 142
f 191 24 19
f 9 317 22
f 6 8 318
f 23 149 22
f 149 28 22
f 191 30 24
f 21 29 226
f 31 29 21
f 102 149 23
f 318 8 70
f 67 10 8
f 34 149 102
f 70 8 40
f 33 31 143
f 22 28 398
f 26 32 143
f 388 29 36
f 37 26 145
f 8 10 40
f 10 77 40
f 398 28 85
f 108 9 398
f 11 77 10
f 80 12 84
f 28 47 85
f 12 80 14
f 79 47 38
f 13 40 77
f 41 43 75
f 36 50 388
f 47 44 333
f 80 82 14
f 87 50 36
f 76 51 160
f 55 45 40
f 46 90 258
f 55 48 45
f 76 217 51
f 90 54 258
f 16 333 44
f 48 16 44
f 52 16 48
f 129 43 305
f 50 134 161
f 87 134 50
f 82 57 4
f 95 89 58
f 53 56 134
f 136 95 58
f 60 95 136
f 5 61 59
f 62 4 96
f 62 93 133
f 93 62 5
f 6 315 367
f 66 19 98
f 24 101 98
f 98 101 21
f 69 25 68
f 101 349 21
f 349 31 21
f 25 69 196
f 143 101 26
f 26 101 100
f 102 196 69
f 24 30 145
f 102 23 232
f 27 69 318
f 10 67 471
f 29 31 150
f 31 195 143
f 27 318 70
f 69 198 102
f 27 70 370
f 249 31 33
f 143 32 103
f 34 71 149
f 198 69 27
f 150 36 29
f 143 103 33
f 26 37 32
f 145 30 246
f 145 105 37
f 152 73 233
f 72 198 27
f 370 40 353
f 30 41 246
f 72 27 247
f 33 35 104
f 30 73 41
f 38 34 49
f 39 72 247
f 73 154 41
f 111 47 28
f 265 38 47
f 247 353 39
f 10 202 11
f 112 37 78
f 72 39 74
f 40 39 353
f 36 104 35
f 75 78 37
f 246 41 75
f 76 42 106
f 39 40 211
f 46 258 73
f 74 48 49
f 47 79 44
f 40 45 211
f 76 115 217
f 401 388 50
f 78 87 110
f 90 46 274
f 76 114 42
f 43 81 75
f 114 76 160
f 48 44 271
f 45 48 116
f 84 82 80
f 78 81 87
f 43 129 81
f 129 56 81
f 82 83 57
f 210 58 212
f 212 58 86
f 81 134 87
f 53 134 81
f 56 53 81
f 86 58 89
f 88 138 90
f 51 217 91
f 138 54 90
f 138 309 54
f 91 217 59
f 54 276 92
f 91 59 94
f 60 92 97
f 309 276 54
f 94 59 61
f 60 97 95
f 97 187 95
f 188 61 5
f 62 188 5
f 190 188 62
f 184 2 283
f 7 284 20
f 98 65 66
f 23 25 227
f 142 99 68
f 101 24 100
f 68 99 69
f 99 231 69
f 24 145 228
f 100 250 26
f 230 145 26
f 233 148 152
f 249 150 31
f 9 387 317
f 151 145 246
f 387 9 106
f 71 34 38
f 40 370 70
f 149 111 28
f 9 108 106
f 46 73 152
f 38 265 71
f 107 84 12
f 33 103 35
f 445 73 30
f 72 74 199
f 12 14 202
f 103 110 35
f 104 36 303
f 477 76 106
f 75 37 246
f 73 258 154
f 106 42 153
f 49 263 38
f 110 268 35
f 78 110 112
f 113 262 78
f 3 15 14
f 74 116 48
f 36 35 357
f 304 113 75
f 75 113 78
f 75 81 304
f 332 58 210
f 154 43 41
f 48 271 49
f 36 357 87
f 87 215 110
f 82 84 123
f 128 124 118
f 118 124 126
f 126 117 118
f 212 86 158
f 162 125 159
f 117 167 208
f 91 160 51
f 120 163 162
f 208 131 120
f 167 131 208
f 128 127 124
f 158 172 128
f 402 54 164
f 90 274 165
f 131 135 120
f 126 167 117
f 124 167 126
f 86 172 158
f 16 132 333
f 88 90 165
f 170 131 167
f 172 127 128
f 91 137 160
f 86 139 172
f 56 308 134
f 139 86 89
f 307 60 136
f 137 91 94
f 96 360 182
f 89 185 139
f 276 97 92
f 182 189 96
f 186 187 97
f 89 312 185
f 141 66 65
f 66 225 19
f 348 385 22
f 21 226 386
f 25 196 99
f 192 23 227
f 349 144 31
f 101 143 229
f 230 228 145
f 144 195 31
f 23 192 232
f 318 69 231
f 26 250 230
f 34 102 198
f 471 351 10
f 194 147 12
f 27 370 247
f 238 145 151
f 387 106 146
f 107 12 147
f 33 104 249
f 238 105 145
f 32 37 112
f 233 73 445
f 194 12 10
f 12 202 10
f 106 153 146
f 106 108 477
f 111 265 47
f 104 303 109
f 199 74 49
f 401 512 388
f 39 211 74
f 14 15 202
f 248 210 212
f 122 81 78
f 200 162 84
f 42 114 153
f 159 84 162
f 45 371 211
f 208 121 204
f 205 128 157
f 158 128 205
f 371 45 116
f 121 120 214
f 214 204 121
f 156 118 155
f 264 118 156
f 157 118 264
f 128 118 157
f 212 158 248
f 119 83 82
f 123 119 82
f 120 162 213
f 206 120 213
f 208 120 121
f 13 77 202
f 84 375 123
f 54 402 423
f 46 218 274
f 422 333 132
f 130 17 133
f 125 360 159
f 360 169 159
f 166 161 134
f 129 481 56
f 162 163 125
f 120 135 178
f 171 124 127
f 120 174 163
f 131 175 135
f 164 54 92
f 160 137 361
f 96 4 173
f 175 178 135
f 172 177 127
f 178 174 120
f 124 170 167
f 171 170 124
f 127 180 171
f 96 173 360
f 174 125 163
f 131 183 175
f 170 183 131
f 177 176 127
f 127 181 180
f 176 181 127
f 139 177 172
f 309 138 88
f 175 310 178
f 183 310 175
f 165 309 88
f 179 343 360
f 174 220 125
f 178 220 174
f 180 183 170
f 171 180 170
f 176 177 181
f 94 280 137
f 360 222 182
f 343 222 360
f 278 310 183
f 139 185 177
f 276 186 97
f 181 183 180
f 177 184 181
f 185 184 177
f 221 278 183
f 181 221 183
f 61 223 94
f 89 95 312
f 312 95 187
f 1 184 63
f 188 190 346
f 190 96 189
f 62 96 190
f 141 65 21
f 22 317 348
f 228 100 24
f 148 233 193
f 196 102 232
f 318 231 197
f 71 192 149
f 234 107 147
f 10 351 194
f 198 199 34
f 109 249 104
f 234 84 107
f 32 112 103
f 198 72 199
f 200 84 234
f 289 201 210
f 112 110 103
f 34 199 49
f 146 293 239
f 105 355 37
f 146 153 293
f 246 37 355
f 79 38 263
f 74 266 116
f 202 77 11
f 155 208 204
f 49 271 263
f 207 120 206
f 214 120 207
f 264 156 256
f 268 357 35
f 520 258 267
f 162 259 213
f 117 208 155
f 118 117 155
f 156 155 209
f 248 158 205
f 210 269 332
f 268 110 215
f 206 213 302
f 216 258 54
f 304 81 122
f 398 85 270
f 13 202 373
f 84 159 375
f 401 50 161
f 481 129 305
f 57 83 4
f 375 169 219
f 52 55 273
f 272 307 136
f 308 56 168
f 5 59 358
f 5 358 93
f 379 133 93
f 360 219 169
f 360 220 179
f 360 125 220
f 165 275 309
f 137 280 361
f 276 309 339
f 220 311 179
f 178 277 220
f 178 310 277
f 185 282 184
f 185 312 281
f 362 546 187
f 279 362 187
f 188 340 61
f 188 224 340
f 224 188 346
f 182 222 189
f 190 189 313
f 140 63 282
f 8 6 367
f 141 21 386
f 99 196 231
f 191 285 30
f 285 437 30
f 195 229 143
f 231 196 232
f 319 147 194
f 286 147 319
f 100 229 250
f 229 195 250
f 238 230 250
f 247 197 231
f 234 147 286
f 151 230 238
f 71 232 192
f 247 231 232
f 386 29 388
f 249 144 150
f 195 144 249
f 250 195 249
f 30 437 445
f 197 247 370
f 244 200 320
f 200 234 320
f 237 245 236
f 149 192 111
f 244 295 200
f 210 248 289
f 250 249 105
f 105 238 250
f 232 71 263
f 105 249 109
f 247 232 266
f 263 71 265
f 303 36 150
f 262 105 109
f 355 444 246
f 266 232 263
f 353 247 266
f 200 251 162
f 259 162 251
f 297 157 256
f 268 109 303
f 355 105 113
f 477 115 76
f 353 266 211
f 211 266 74
f 204 214 253
f 155 204 255
f 156 209 297
f 157 264 256
f 261 157 297
f 257 157 261
f 205 157 257
f 248 205 294
f 105 262 113
f 46 203 354
f 153 569 293
f 265 111 79
f 263 265 79
f 116 266 263
f 260 302 213
f 252 206 302
f 253 206 252
f 253 207 206
f 214 207 253
f 268 303 357
f 262 109 268
f 78 262 122
f 114 569 153
f 262 268 122
f 263 271 116
f 304 355 113
f 216 54 267
f 258 216 267
f 46 354 331
f 122 268 215
f 357 215 87
f 480 43 154
f 46 331 218
f 159 169 375
f 161 272 401
f 160 801 114
f 217 334 616
f 307 272 161
f 130 133 359
f 133 379 359
f 165 274 275
f 92 60 337
f 223 361 280
f 311 220 277
f 185 281 282
f 279 187 186
f 276 339 186
f 94 223 280
f 61 340 223
f 63 184 282
f 187 546 312
f 189 222 313
f 20 284 18
f 191 19 316
f 25 99 227
f 101 229 349
f 100 228 229
f 226 29 386
f 146 239 392
f 320 234 286
f 287 241 291
f 242 237 326
f 235 244 320
f 237 236 287
f 392 239 590
f 387 146 391
f 291 244 235
f 236 241 287
f 290 242 327
f 328 242 290
f 288 242 328
f 239 352 590
f 244 291 240
f 291 241 240
f 288 289 292
f 150 144 243
f 242 288 294
f 244 240 295
f 240 241 298
f 241 236 300
f 236 245 300
f 255 237 296
f 237 242 296
f 296 242 299
f 299 242 294
f 292 294 288
f 289 248 292
f 295 259 200
f 298 295 240
f 255 245 237
f 294 297 299
f 292 248 294
f 152 395 46
f 192 329 111
f 200 259 251
f 300 298 241
f 151 246 444
f 298 301 295
f 252 302 298
f 253 252 298
f 300 253 298
f 204 253 300
f 254 204 300
f 245 254 300
f 245 204 254
f 255 204 245
f 155 255 296
f 209 155 296
f 299 209 296
f 297 209 299
f 256 156 297
f 297 257 261
f 205 257 297
f 294 205 297
f 46 395 203
f 301 259 295
f 213 259 301
f 298 213 301
f 260 213 298
f 302 260 298
f 258 520 154
f 201 269 210
f 111 329 79
f 569 114 330
f 304 122 215
f 333 270 85
f 373 202 448
f 455 58 332
f 136 58 455
f 424 274 218
f 136 455 272
f 424 336 274
f 52 306 16
f 273 376 52
f 4 83 173
f 134 308 166
f 335 360 173
f 309 338 620
f 275 338 309
f 620 339 309
f 279 186 339
f 342 181 184
f 341 277 310
f 278 341 310
f 381 341 278
f 221 381 278
f 342 381 221
f 342 221 181
f 184 283 365
f 222 488 313
f 190 313 314
f 365 283 140
f 190 382 346
f 64 18 315
f 320 286 319
f 321 235 320
f 322 235 321
f 291 235 322
f 287 291 322
f 323 287 322
f 326 323 322
f 327 326 324
f 328 327 324
f 392 390 146
f 237 287 323
f 326 237 323
f 327 242 326
f 328 290 327
f 289 288 328
f 518 289 328
f 511 194 351
f 148 193 152
f 352 239 293
f 243 417 150
f 289 269 201
f 370 353 514
f 569 476 293
f 357 303 417
f 570 211 371
f 354 356 331
f 399 355 304
f 267 54 674
f 115 534 217
f 399 304 215
f 674 54 423
f 123 83 119
f 123 335 83
f 481 425 56
f 306 132 16
f 55 456 273
f 168 56 425
f 83 335 173
f 358 59 217
f 337 164 92
f 274 378 275
f 274 336 378
f 93 358 379
f 311 412 179
f 341 381 345
f 407 345 381
f 312 546 410
f 345 344 341
f 314 382 190
f 346 382 383
f 19 225 316
f 470 385 348
f 142 438 99
f 229 504 349
f 229 228 504
f 438 142 318
f 322 321 350
f 322 350 415
f 326 322 415
f 328 324 369
f 507 144 349
f 654 589 193
f 318 197 505
f 144 443 243
f 289 518 269
f 417 303 150
f 79 420 44
f 116 271 371
f 217 534 334
f 270 333 422
f 123 372 335
f 13 373 374
f 130 693 17
f 13 374 55
f 160 361 801
f 374 543 55
f 55 543 456
f 217 616 358
f 404 801 361
f 335 403 360
f 311 341 344
f 179 412 343
f 341 311 277
f 345 407 344
f 408 381 342
f 282 281 312
f 364 222 343
f 313 488 314
f 282 413 140
f 312 413 282
f 140 413 365
f 383 224 346
f 284 385 18
f 18 347 315
f 66 141 384
f 8 367 67
f 67 367 471
f 285 191 316
f 192 227 325
f 438 318 505
f 319 194 414
f 589 563 193
f 563 395 193
f 416 202 15
f 108 398 477
f 512 401 478
f 332 269 400
f 44 420 271
f 371 271 531
f 357 449 215
f 401 272 307
f 330 114 801
f 218 331 424
f 335 372 403
f 375 219 453
f 453 219 377
f 360 403 377
f 219 360 377
f 338 275 378
f 223 429 361
f 428 578 339
f 279 339 362
f 223 340 380
f 224 490 340
f 342 184 365
f 222 364 488
f 344 407 311
f 381 408 407
f 342 411 408
f 407 492 311
f 66 384 225
f 470 348 317
f 387 510 317
f 326 368 324
f 389 654 193
f 510 387 391
f 514 505 197
f 197 370 514
f 394 192 325
f 193 395 152
f 394 564 192
f 192 564 329
f 203 395 397
f 203 397 418
f 154 522 480
f 355 479 444
f 353 211 525
f 416 448 202
f 356 354 203
f 79 329 420
f 479 355 399
f 449 479 399
f 332 400 455
f 596 164 337
f 546 362 485
f 339 460 362
f 430 311 492
f 312 410 462
f 408 431 407
f 342 432 411
f 342 409 432
f 365 409 342
f 224 466 490
f 496 412 311
f 224 383 466
f 343 412 364
f 430 496 311
f 435 365 413
f 413 495 435
f 382 314 434
f 383 382 555
f 141 386 557
f 99 502 227
f 470 317 510
f 99 438 502
f 437 285 316
f 319 414 320
f 233 474 193
f 144 507 443
f 151 475 230
f 390 391 146
f 393 416 351
f 352 293 396
f 518 400 269
f 419 398 270
f 331 356 594
f 399 215 449
f 480 305 43
f 450 401 307
f 481 305 454
f 577 402 164
f 168 425 426
f 457 130 359
f 379 358 701
f 458 338 378
f 361 429 459
f 223 406 429
f 223 461 406
f 223 380 461
f 463 408 432
f 434 314 487
f 411 432 408
f 435 409 365
f 312 462 413
f 364 412 491
f 431 492 407
f 496 430 465
f 347 18 385
f 347 385 366
f 141 557 384
f 366 385 470
f 320 439 321
f 350 560 415
f 228 230 475
f 386 388 442
f 513 445 437
f 445 520 233
f 442 388 512
f 514 353 525
f 243 443 417
f 293 476 396
f 154 520 522
f 477 398 419
f 525 211 570
f 357 446 421
f 478 401 536
f 271 420 533
f 357 421 449
f 536 401 450
f 372 123 452
f 123 375 452
f 15 17 451
f 693 451 17
f 452 375 453
f 377 403 452
f 453 377 452
f 452 403 372
f 307 272 455
f 161 482 307
f 161 166 482
f 52 376 306
f 379 701 359
f 337 60 643
f 338 545 620
f 339 405 428
f 339 578 460
f 380 340 461
f 490 363 340
f 546 907 410
f 491 412 547
f 551 431 408
f 433 492 431
f 463 551 408
f 409 552 432
f 409 435 494
f 463 432 551
f 494 552 409
f 467 383 555
f 382 434 555
f 555 468 497
f 602 555 434
f 468 555 608
f 315 347 500
f 315 500 367
f 469 316 225
f 227 502 472
f 437 316 436
f 349 504 473
f 472 325 227
f 507 349 473
f 351 471 503
f 194 511 414
f 321 439 350
f 328 369 440
f 518 328 440
f 516 510 391
f 441 394 325
f 475 151 444
f 477 391 528
f 477 528 115
f 357 417 446
f 528 534 115
f 531 271 533
f 570 371 531
f 451 693 15
f 612 330 801
f 594 424 331
f 538 636 334
f 539 374 373
f 616 334 636
f 575 481 454
f 693 130 457
f 903 378 336
f 306 273 542
f 306 376 273
f 307 427 60
f 458 378 696
f 801 404 846
f 643 596 337
f 338 483 545
f 620 545 621
f 404 361 459
f 485 486 546
f 488 487 314
f 488 364 489
f 489 364 491
f 434 487 464
f 431 551 493
f 588 432 552
f 462 495 413
f 412 496 547
f 431 550 433
f 383 553 466
f 606 553 383
f 606 383 467
f 434 464 602
f 435 495 708
f 555 497 467
f 608 555 602
f 384 559 225
f 500 347 366
f 501 367 500
f 384 557 499
f 316 469 436
f 500 366 505
f 559 384 499
f 502 366 472
f 505 366 502
f 471 367 503
f 557 386 509
f 366 470 508
f 472 366 508
f 437 436 562
f 438 505 502
f 504 507 473
f 228 475 504
f 508 470 510
f 325 472 508
f 509 386 512
f 415 560 326
f 326 560 368
f 474 389 193
f 325 510 516
f 508 510 325
f 393 351 503
f 518 440 611
f 506 505 514
f 386 442 512
f 441 564 394
f 513 515 475
f 233 520 655
f 443 512 517
f 351 416 511
f 512 478 526
f 512 526 517
f 513 520 445
f 396 476 519
f 525 527 514
f 391 477 516
f 564 524 329
f 443 517 417
f 569 519 476
f 521 524 564
f 416 15 592
f 517 526 446
f 447 444 572
f 572 444 479
f 444 447 522
f 448 525 530
f 527 448 416
f 517 446 417
f 568 203 418
f 477 419 523
f 329 524 420
f 480 522 447
f 524 523 535
f 420 524 535
f 523 419 270
f 539 570 531
f 421 446 571
f 449 572 479
f 449 573 572
f 449 421 571
f 532 356 753
f 533 420 535
f 448 539 373
f 448 530 539
f 540 535 523
f 543 535 540
f 679 15 634
f 356 532 594
f 531 533 535
f 634 15 693
f 426 573 537
f 480 454 305
f 270 422 523
f 574 455 400
f 540 523 422
f 531 535 543
f 539 531 543
f 536 450 541
f 541 450 307
f 543 540 273
f 539 543 374
f 481 575 425
f 423 402 577
f 273 540 542
f 482 541 307
f 537 541 482
f 425 575 426
f 424 903 336
f 422 542 540
f 543 273 456
f 427 307 455
f 422 132 542
f 306 542 132
f 308 482 166
f 168 482 308
f 537 482 168
f 426 537 168
f 358 760 544
f 338 458 483
f 460 485 362
f 461 599 406
f 907 707 410
f 462 410 601
f 464 487 581
f 548 464 581
f 464 548 602
f 430 492 549
f 549 492 433
f 550 431 605
f 551 432 587
f 587 432 588
f 466 553 490
f 554 465 430
f 549 554 430
f 626 496 465
f 493 605 431
f 587 585 551
f 708 625 435
f 602 586 608
f 625 494 435
f 497 468 498
f 225 436 469
f 225 559 436
f 559 499 556
f 500 505 501
f 367 501 503
f 503 501 505
f 504 556 499
f 475 556 504
f 475 559 556
f 562 436 559
f 504 499 558
f 506 503 505
f 558 499 507
f 504 558 507
f 515 559 475
f 557 509 512
f 515 562 559
f 557 512 499
f 393 503 506
f 439 610 350
f 368 561 324
f 440 369 630
f 513 562 515
f 512 443 499
f 507 499 443
f 562 513 437
f 325 516 441
f 506 514 393
f 441 516 564
f 393 514 565
f 565 514 416
f 393 565 416
f 611 591 518
f 513 475 520
f 566 516 477
f 514 527 416
f 475 444 520
f 516 566 564
f 511 416 592
f 566 521 564
f 566 477 523
f 521 566 523
f 524 521 523
f 448 527 525
f 267 674 520
f 526 478 567
f 526 567 446
f 520 444 522
f 567 478 536
f 567 536 446
f 632 672 400
f 356 203 568
f 525 570 530
f 536 529 446
f 447 572 480
f 568 753 356
f 570 539 530
f 446 529 571
f 571 529 536
f 537 449 571
f 573 449 537
f 537 571 536
f 480 572 454
f 334 534 538
f 573 426 575
f 593 455 574
f 537 536 541
f 572 573 575
f 454 572 575
f 801 576 612
f 455 593 595
f 613 423 577
f 903 696 378
f 60 427 641
f 457 359 642
f 701 642 359
f 459 848 404
f 598 485 460
f 546 579 907
f 486 579 546
f 490 580 363
f 601 410 707
f 488 581 600
f 487 488 600
f 487 600 581
f 488 489 581
f 495 462 601
f 491 582 489
f 582 623 489
f 491 547 582
f 584 549 433
f 605 433 550
f 493 551 585
f 606 490 553
f 549 584 554
f 467 497 628
f 649 465 554
f 552 494 625
f 608 586 651
f 497 498 628
f 320 414 609
f 320 609 439
f 389 474 843
f 654 389 843
f 414 511 730
f 511 631 730
f 590 352 795
f 563 796 395
f 726 742 391
f 592 15 631
f 631 15 679
f 591 632 518
f 518 632 400
f 391 742 528
f 674 423 635
f 672 593 400
f 593 574 400
f 753 594 532
f 538 534 636
f 639 693 457
f 358 616 760
f 164 596 577
f 358 544 640
f 639 457 642
f 60 698 643
f 339 620 405
f 405 578 428
f 578 484 460
f 406 599 429
f 363 461 340
f 850 580 490
f 623 581 489
f 581 646 583
f 623 646 581
f 548 583 602
f 624 582 547
f 584 433 603
f 603 433 604
f 604 433 605
f 585 587 648
f 607 587 588
f 547 496 626
f 648 605 493
f 585 648 493
f 588 552 607
f 606 467 628
f 650 554 584
f 627 648 587
f 649 626 465
f 629 498 468
f 608 629 468
f 414 719 609
f 350 610 652
f 350 652 653
f 474 233 655
f 589 794 563
f 844 392 590
f 390 726 391
f 511 592 631
f 795 352 396
f 395 796 397
f 798 418 397
f 534 528 636
f 424 594 637
f 615 455 595
f 618 577 596
f 458 696 802
f 358 640 701
f 483 619 545
f 404 848 703
f 429 848 459
f 429 597 848
f 598 804 485
f 461 622 599
f 927 622 461
f 461 363 580
f 581 583 548
f 586 602 583
f 582 645 623
f 495 833 708
f 767 490 606
f 624 645 582
f 604 605 648
f 627 587 607
f 649 554 650
f 584 603 604
f 716 584 604
f 625 647 552
f 628 883 606
f 716 650 584
f 607 552 714
f 647 851 552
f 607 718 627
f 851 714 552
f 324 561 369
f 795 844 590
f 796 563 794
f 611 664 591
f 674 655 520
f 418 798 568
f 753 689 594
f 635 423 613
f 576 964 612
f 614 577 638
f 614 613 577
f 615 427 455
f 636 760 616
f 638 577 618
f 698 60 641
f 618 596 643
f 429 599 644
f 927 461 580
f 490 805 850
f 583 646 586
f 883 767 606
f 651 586 646
f 547 626 709
f 715 604 648
f 712 648 627
f 628 710 883
f 627 718 712
f 715 716 604
f 712 715 648
f 608 651 769
f 769 629 608
f 498 629 773
f 769 788 629
f 439 609 610
f 589 654 860
f 390 886 726
f 655 657 474
f 886 390 392
f 656 664 611
f 663 665 661
f 665 676 661
f 660 670 659
f 657 667 660
f 655 667 657
f 666 664 656
f 656 661 666
f 676 666 661
f 397 797 798
f 666 673 664
f 670 669 658
f 667 670 660
f 655 671 667
f 674 671 655
f 591 672 632
f 664 672 591
f 673 672 664
f 658 669 663
f 671 682 667
f 668 742 726
f 663 669 665
f 669 677 665
f 670 678 669
f 667 678 670
f 568 798 633
f 676 675 666
f 682 678 667
f 568 633 861
f 677 683 665
f 528 742 749
f 666 672 673
f 675 686 666
f 665 683 676
f 669 684 677
f 678 684 669
f 682 681 678
f 671 685 682
f 674 685 671
f 676 683 675
f 686 672 666
f 687 684 678
f 681 687 678
f 679 634 680
f 686 593 672
f 684 691 677
f 682 688 681
f 685 688 682
f 635 685 674
f 683 617 675
f 617 686 675
f 691 690 677
f 688 687 681
f 617 595 686
f 690 683 677
f 687 691 684
f 595 593 686
f 635 613 685
f 687 692 691
f 964 576 801
f 634 693 694
f 690 617 683
f 618 692 687
f 685 613 688
f 903 424 637
f 690 695 617
f 691 695 690
f 699 695 691
f 613 614 688
f 614 687 688
f 693 639 694
f 617 615 595
f 427 615 617
f 692 699 691
f 687 638 618
f 614 638 687
f 694 639 700
f 695 427 617
f 699 698 695
f 427 695 641
f 641 695 698
f 699 643 698
f 692 643 699
f 642 701 702
f 763 642 702
f 700 642 763
f 639 642 700
f 692 618 643
f 405 704 578
f 429 644 597
f 484 704 460
f 485 804 486
f 486 866 579
f 868 601 707
f 767 805 490
f 766 833 495
f 646 806 651
f 623 645 835
f 835 645 768
f 645 624 768
f 624 547 709
f 649 650 711
f 650 716 711
f 712 713 715
f 628 498 710
f 626 649 709
f 715 772 716
f 717 783 715
f 713 717 715
f 607 714 718
f 649 770 709
f 715 783 772
f 773 629 787
f 718 713 712
f 350 653 560
f 630 858 440
f 878 474 721
f 724 723 719
f 730 724 719
f 414 730 719
f 656 611 440
f 440 725 656
f 474 657 721
f 663 661 725
f 658 663 725
f 670 658 720
f 659 670 720
f 657 660 720
f 878 657 720
f 721 657 878
f 656 725 661
f 660 659 720
f 723 732 722
f 724 727 723
f 723 733 732
f 728 734 726
f 734 668 726
f 723 731 733
f 727 729 723
f 730 736 724
f 732 734 728
f 733 743 732
f 729 735 723
f 724 736 727
f 730 662 736
f 727 735 729
f 396 519 939
f 732 738 734
f 731 737 733
f 723 737 731
f 735 737 723
f 736 744 727
f 662 730 745
f 732 743 738
f 744 735 727
f 668 734 742
f 737 740 733
f 730 631 745
f 740 739 733
f 739 740 737
f 735 741 737
f 738 742 734
f 739 743 733
f 662 745 736
f 738 750 742
f 743 750 738
f 737 741 739
f 745 748 736
f 631 679 745
f 746 743 739
f 735 747 741
f 744 747 735
f 736 748 744
f 751 750 743
f 747 739 741
f 679 680 745
f 746 751 743
f 739 751 746
f 761 751 739
f 756 747 744
f 748 756 744
f 569 330 845
f 750 749 742
f 752 761 739
f 747 752 739
f 568 800 753
f 330 612 845
f 750 757 749
f 751 755 750
f 756 758 747
f 745 754 748
f 745 680 754
f 757 528 749
f 755 757 750
f 761 755 751
f 762 752 747
f 758 762 747
f 757 636 528
f 754 756 748
f 755 759 757
f 754 758 756
f 680 634 754
f 689 800 594
f 762 761 752
f 800 637 594
f 759 636 757
f 761 764 755
f 634 694 754
f 755 760 759
f 764 760 755
f 697 762 758
f 760 636 759
f 758 694 697
f 754 694 758
f 763 761 762
f 694 700 697
f 544 760 640
f 764 640 760
f 761 765 764
f 763 765 761
f 701 640 764
f 702 701 764
f 763 702 764
f 765 763 764
f 700 763 762
f 697 700 762
f 545 619 803
f 620 621 881
f 460 804 598
f 705 866 486
f 868 707 967
f 707 867 967
f 850 927 580
f 766 495 869
f 646 623 806
f 623 835 806
f 769 651 834
f 624 709 770
f 851 852 714
f 649 711 770
f 710 498 808
f 716 770 711
f 716 772 770
f 943 718 714
f 810 819 770
f 772 810 770
f 775 810 772
f 811 775 772
f 776 811 772
f 777 776 772
f 778 777 772
f 779 778 772
f 780 779 772
f 781 780 772
f 782 781 772
f 784 791 783
f 785 784 783
f 717 785 783
f 713 786 717
f 718 786 713
f 772 789 782
f 783 789 772
f 790 789 783
f 783 791 790
f 854 788 771
f 609 856 610
f 560 653 652
f 560 652 875
f 561 368 828
f 561 828 369
f 369 876 877
f 630 369 877
f 722 732 793
f 880 886 392
f 392 844 880
f 860 794 589
f 795 396 939
f 397 796 797
f 569 845 963
f 861 799 568
f 799 800 568
f 689 753 800
f 801 846 964
f 905 802 903
f 802 696 903
f 483 458 1007
f 621 1046 881
f 484 578 704
f 849 460 704
f 705 486 804
f 622 831 599
f 599 831 706
f 867 707 907
f 832 601 868
f 601 832 495
f 768 624 807
f 806 834 651
f 788 769 835
f 771 788 836
f 624 771 807
f 774 771 624
f 770 774 624
f 498 773 808
f 773 787 808
f 775 811 837
f 810 775 837
f 776 777 820
f 811 776 820
f 777 778 812
f 820 777 812
f 778 779 813
f 812 778 813
f 779 780 814
f 813 779 814
f 780 781 815
f 814 780 815
f 781 782 816
f 815 781 816
f 817 786 718
f 808 787 826
f 819 774 770
f 837 819 810
f 820 837 811
f 821 820 812
f 813 821 812
f 814 821 813
f 815 821 814
f 816 821 815
f 822 821 816
f 782 822 816
f 782 789 822
f 789 790 822
f 791 823 790
f 784 824 791
f 791 824 823
f 785 824 784
f 786 817 717
f 809 808 792
f 854 841 788
f 774 854 771
f 870 818 774
f 819 870 774
f 792 808 826
f 826 842 792
f 369 828 876
f 654 843 860
f 886 793 726
f 918 794 860
f 862 519 569
f 798 829 633
f 863 569 963
f 404 703 846
f 458 802 1007
f 620 704 405
f 881 882 620
f 597 644 848
f 579 866 907
f 893 495 832
f 495 893 869
f 833 625 708
f 930 851 647
f 835 834 806
f 788 835 768
f 836 788 768
f 807 771 768
f 771 836 768
f 710 808 883
f 931 808 809
f 817 718 943
f 837 820 839
f 839 820 821
f 821 822 838
f 838 822 790
f 790 823 840
f 823 824 840
f 824 785 840
f 817 853 717
f 873 629 788
f 873 788 841
f 839 870 819
f 837 839 819
f 838 839 821
f 790 840 838
f 717 840 785
f 787 897 826
f 728 726 793
f 732 728 793
f 844 795 939
f 797 796 798
f 796 829 798
f 861 800 799
f 964 846 1006
f 619 483 803
f 621 545 830
f 850 805 894
f 894 805 767
f 833 929 625
f 835 769 834
f 931 809 932
f 809 792 934
f 787 629 873
f 818 854 774
f 818 870 854
f 838 871 839
f 840 855 838
f 717 853 840
f 840 853 912
f 913 792 842
f 719 723 874
f 652 610 827
f 368 560 857
f 368 857 828
f 440 858 725
f 474 900 843
f 722 793 723
f 658 947 720
f 888 796 794
f 888 861 796
f 796 633 829
f 861 633 796
f 861 938 800
f 483 1007 803
f 1046 621 921
f 921 621 830
f 704 620 882
f 848 890 703
f 460 865 804
f 804 865 925
f 849 925 460
f 804 864 705
f 927 850 928
f 833 766 869
f 929 647 625
f 852 851 930
f 714 852 910
f 840 872 855
f 854 885 841
f 934 792 825
f 719 874 609
f 856 609 899
f 652 827 875
f 560 875 857
f 474 878 859
f 880 844 948
f 888 918 861
f 569 863 862
f 845 612 963
f 637 904 903
f 800 904 637
f 802 889 1007
f 981 703 847
f 545 1007 830
f 1007 545 803
f 1046 882 881
f 882 891 704
f 599 706 644
f 864 804 925
f 460 925 865
f 622 927 831
f 942 832 868
f 942 909 832
f 928 850 894
f 893 832 909
f 894 767 883
f 896 714 910
f 933 809 934
f 870 884 854
f 839 911 870
f 838 855 871
f 826 897 842
f 630 877 916
f 474 859 900
f 887 918 860
f 918 888 794
f 948 844 1316
f 519 862 939
f 918 938 861
f 703 890 847
f 644 1047 848
f 705 864 866
f 907 908 867
f 929 930 647
f 931 883 808
f 953 943 714
f 932 1003 931
f 932 809 933
f 839 871 911
f 854 935 885
f 884 935 854
f 874 723 898
f 874 898 609
f 610 856 827
f 878 720 859
f 887 860 946
f 901 898 723
f 725 879 960
f 658 725 960
f 658 960 947
f 880 917 886
f 880 948 917
f 963 612 902
f 903 904 919
f 1101 903 979
f 1101 905 903
f 703 981 846
f 802 905 889
f 940 891 882
f 866 923 907
f 831 906 706
f 928 1009 927
f 714 896 953
f 936 935 884
f 840 912 872
f 873 954 787
f 841 954 873
f 897 955 842
f 825 792 913
f 827 856 914
f 875 827 915
f 876 828 877
f 858 630 916
f 793 959 723
f 859 720 961
f 793 886 962
f 1316 844 939
f 903 919 979
f 981 1006 846
f 891 849 704
f 706 922 644
f 892 924 866
f 927 926 831
f 967 867 908
f 868 967 942
f 869 893 909
f 952 894 883
f 930 895 852
f 883 931 952
f 895 910 852
f 817 943 1051
f 853 1051 912
f 817 1051 853
f 855 970 871
f 899 609 898
f 828 857 975
f 725 858 879
f 793 989 959
f 723 959 901
f 720 947 987
f 917 948 886
f 939 862 863
f 938 949 800
f 612 964 902
f 847 920 981
f 1045 1007 889
f 847 1018 920
f 1046 940 882
f 848 1047 890
f 866 864 892
f 831 950 906
f 907 1000 908
f 909 942 1001
f 1001 1063 909
f 833 869 968
f 953 1032 943
f 884 870 936
f 787 945 984
f 954 1022 787
f 842 1012 913
f 827 914 915
f 828 975 877
f 860 843 946
f 961 720 987
f 962 886 1025
f 989 793 962
f 948 1025 886
f 939 863 1201
f 949 904 800
f 904 1043 919
f 1101 997 905
f 998 921 990
f 830 990 921
f 644 922 1047
f 925 941 864
f 950 831 926
f 1009 928 951
f 983 928 894
f 833 968 929
f 894 952 983
f 930 929 895
f 1002 895 929
f 895 896 910
f 934 1052 933
f 855 872 937
f 825 1011 934
f 936 885 935
f 875 915 974
f 858 957 879
f 946 843 958
f 887 946 1067
f 959 898 901
f 949 938 1220
f 949 1043 904
f 990 830 1007
f 1018 847 890
f 921 998 1046
f 940 1046 891
f 966 922 706
f 923 1062 907
f 849 941 925
f 1062 1000 907
f 926 927 950
f 950 927 1009
f 942 967 1001
f 1092 952 931
f 870 944 936
f 970 911 871
f 937 970 855
f 912 972 872
f 897 787 955
f 1022 945 787
f 955 973 842
f 875 974 975
f 857 875 975
f 916 956 858
f 900 859 985
f 900 985 843
f 976 898 959
f 947 960 987
f 977 859 961
f 918 978 938
f 938 978 1072
f 902 964 1017
f 905 997 980
f 980 889 905
f 891 1046 1008
f 965 982 849
f 1019 991 849
f 849 982 941
f 866 999 923
f 993 950 1009
f 968 869 909
f 932 933 1107
f 944 1055 936
f 936 1055 994
f 911 969 870
f 872 972 971
f 912 1109 972
f 841 1023 954
f 994 1010 936
f 842 973 1012
f 879 1085 960
f 843 985 986
f 959 989 976
f 918 1026 1151
f 1026 918 887
f 979 919 1101
f 980 1045 889
f 890 1029 1018
f 1047 1029 890
f 849 891 1019
f 924 999 866
f 908 1000 967
f 967 1000 992
f 1001 967 992
f 951 1091 1009
f 1049 968 909
f 983 951 928
f 929 968 1002
f 952 1092 983
f 1003 1092 931
f 912 1051 1109
f 870 969 944
f 787 984 955
f 936 1010 885
f 1120 973 955
f 898 995 899
f 856 899 914
f 877 996 916
f 956 916 957
f 956 957 858
f 843 986 958
f 987 977 961
f 948 1057 1025
f 1070 978 918
f 964 1006 1017
f 1101 1044 997
f 1074 1046 998
f 849 991 965
f 922 966 1061
f 906 950 706
f 951 983 1091
f 896 895 1002
f 1052 1107 933
f 970 969 911
f 885 1054 841
f 934 1011 1052
f 825 913 1036
f 974 1014 975
f 877 975 996
f 916 1004 957
f 977 1165 859
f 1067 1026 887
f 962 988 989
f 1057 948 1027
f 1072 1005 938
f 1058 1220 938
f 919 1204 1101
f 1073 997 1044
f 1141 1045 980
f 1047 922 1143
f 941 892 864
f 950 966 706
f 1176 909 1063
f 1049 909 1176
f 896 1002 1118
f 1003 932 1092
f 943 1032 1051
f 969 1053 944
f 841 1054 1023
f 1066 1054 885
f 885 1010 1066
f 899 1013 1037
f 914 899 1037
f 914 1084 915
f 974 915 1084
f 960 1086 1015
f 1016 963 902
f 981 920 1128
f 990 1088 998
f 998 1088 1074
f 1018 1128 920
f 1061 1021 922
f 1062 923 1030
f 941 982 892
f 1063 1001 1116
f 953 1160 1032
f 937 971 970
f 872 971 937
f 955 984 1120
f 1022 1034 945
f 994 1055 1010
f 913 1012 1035
f 825 1036 1011
f 975 1014 996
f 859 1165 1024
f 859 1024 985
f 995 898 976
f 978 1028 1072
f 1201 863 1071
f 938 1005 1058
f 902 1017 1266
f 1006 981 1127
f 891 1008 1019
f 1020 1029 1047
f 922 1021 1143
f 1105 923 999
f 892 1031 924
f 993 1048 950
f 1009 1048 993
f 1009 1091 1048
f 1131 1091 983
f 953 896 1160
f 932 1107 1092
f 1162 1107 1052
f 944 1053 1055
f 945 1033 984
f 995 976 1135
f 1013 899 1135
f 879 957 1038
f 879 1038 1085
f 1086 960 1085
f 960 1015 1164
f 960 1164 987
f 1201 1316 939
f 978 1070 1028
f 1072 1041 1005
f 949 1042 1043
f 902 1440 1059
f 902 1266 1440
f 1017 1156 1266
f 1017 1006 1127
f 1127 981 1060
f 981 1128 1060
f 1046 1074 1089
f 1019 1008 1046
f 950 1115 966
f 950 1188 1115
f 1002 1050 1077
f 1077 1118 1002
f 983 1092 1078
f 1109 1051 1064
f 970 971 1080
f 984 1033 1120
f 913 1035 1036
f 899 995 1135
f 974 1084 1056
f 985 1024 986
f 958 986 1039
f 976 989 988
f 976 988 1068
f 1057 1027 1138
f 1316 1027 948
f 1151 1070 918
f 963 1071 863
f 1016 1185 963
f 997 1073 1087
f 997 1087 980
f 1088 1103 1074
f 1018 1029 1128
f 1047 1143 1020
f 892 982 1075
f 1001 992 1116
f 1078 1131 983
f 1079 896 1118
f 1160 1051 1032
f 972 1109 971
f 1023 1081 954
f 954 1081 1022
f 1054 1081 1023
f 976 1122 1135
f 916 996 1014
f 986 1111 1039
f 1067 946 958
f 1097 977 1040
f 1028 1168 1072
f 902 1059 1016
f 919 1043 1204
f 1127 1060 1128
f 990 1007 1088
f 1019 1129 991
f 1020 1143 1029
f 965 991 982
f 924 1031 999
f 892 1106 1031
f 1000 1076 992
f 1000 1062 1076
f 1117 950 1048
f 1116 992 1206
f 1049 1090 968
f 1050 1002 968
f 1209 1160 896
f 1108 1053 969
f 1162 1052 1011
f 945 1065 1033
f 1034 1065 945
f 1054 1163 1081
f 1055 1082 1010
f 1055 1053 1082
f 973 1110 1012
f 1036 1083 1011
f 916 1213 1004
f 986 1024 1111
f 1067 958 1244
f 1098 1067 1244
f 1122 976 1068
f 1067 1098 1026
f 962 1230 988
f 1316 1069 1027
f 1071 963 1099
f 1220 1126 949
f 1019 1046 1129
f 1046 1089 1129
f 1143 1174 1029
f 991 1104 982
f 923 1105 1030
f 1061 966 1021
f 1189 1063 1116
f 1176 1063 1189
f 1090 1049 1176
f 1132 896 1079
f 1119 1078 1092
f 1092 1093 1119
f 1162 1210 1107
f 1054 1094 1163
f 1054 1066 1094
f 1010 1082 1066
f 1036 1035 1148
f 1013 1095 1037
f 914 1037 1095
f 1084 914 1095
f 1039 1111 958
f 1165 977 1097
f 1025 1230 962
f 1069 1138 1027
f 963 1185 1100
f 1100 1099 963
f 1007 1045 1102
f 1102 1045 1141
f 1007 1102 1088
f 1029 1114 1128
f 1117 1188 950
f 1079 1118 1132
f 971 1109 1080
f 1120 1110 973
f 1066 1147 1212
f 1011 1149 1162
f 1014 974 1096
f 916 1014 1213
f 1038 1150 1085
f 1015 1137 1164
f 1152 1071 1099
f 1005 1041 1058
f 1100 1185 1113
f 1112 1099 1100
f 1113 1112 1100
f 1204 1044 1101
f 1128 1158 1127
f 1021 1235 1143
f 1235 1021 966
f 1075 1106 892
f 999 1225 1105
f 1090 1190 968
f 1190 1050 968
f 1077 1133 1118
f 896 1132 1209
f 1082 1147 1066
f 1053 1121 1082
f 1081 1034 1022
f 1011 1083 1149
f 1084 1095 1056
f 1024 1165 1136
f 987 1164 977
f 1246 1025 1057
f 1230 1025 1246
f 1199 1026 1098
f 1041 1072 1168
f 1099 1112 1124
f 1113 1185 1125
f 1124 1112 1113
f 1125 1124 1113
f 1128 1114 1172
f 1172 1029 1174
f 1062 1030 1076
f 999 1031 1225
f 1048 1091 1177
f 1131 1078 1177
f 1118 1133 1132
f 1177 1078 1119
f 1093 1092 1107
f 1064 1179 1109
f 969 970 1108
f 1109 1292 1080
f 1120 1033 1110
f 1033 1065 1278
f 1066 1211 1094
f 1212 1146 1066
f 1053 1134 1121
f 1108 1134 1053
f 1012 1192 1035
f 1014 1096 1242
f 957 1004 1038
f 977 1164 1040
f 1167 1057 1138
f 1199 1151 1026
f 1099 1124 1139
f 1125 1185 1140
f 1139 1124 1125
f 1140 1139 1125
f 1127 1290 1017
f 1074 1103 1089
f 1129 1186 991
f 1114 1029 1172
f 1075 982 1106
f 966 1115 1175
f 992 1076 1206
f 1291 1176 1189
f 1117 1048 1177
f 1177 1091 1131
f 1107 1210 1093
f 1064 1051 1179
f 1080 1145 970
f 1082 1121 1147
f 1192 1239 1035
f 1110 1192 1012
f 1036 1148 1083
f 1014 1242 1213
f 1123 1015 1086
f 1217 1071 1152
f 1099 1139 1153
f 1140 1185 1154
f 1153 1139 1140
f 1154 1153 1140
f 1220 1347 1126
f 1126 1155 949
f 949 1155 1042
f 1127 1158 1222
f 1088 1142 1103
f 1128 1171 1158
f 1129 1089 1205
f 1172 1223 1128
f 991 1159 1104
f 1143 1130 1174
f 1143 1235 1130
f 1106 1187 1031
f 1188 1226 1115
f 1189 1116 1206
f 1176 1190 1090
f 1117 1177 1299
f 1177 1119 1161
f 1161 1119 1093
f 1178 1160 1258
f 970 1145 1108
f 1033 1278 1110
f 1034 1081 1065
f 1083 1229 1149
f 1086 1085 1123
f 1343 1098 1244
f 1198 1135 1122
f 1164 1137 1245
f 1097 1040 1165
f 1068 988 1166
f 1151 1247 1070
f 1286 1028 1070
f 1217 1201 1071
f 1099 1153 1169
f 1154 1185 1170
f 1169 1153 1154
f 1170 1169 1154
f 1044 1087 1073
f 1102 1349 1088
f 1088 1386 1142
f 1128 1223 1171
f 991 1186 1159
f 1104 1173 982
f 966 1175 1235
f 1208 1209 1132
f 1209 1320 1160
f 1160 1320 1258
f 1160 1178 1051
f 1051 1178 1179
f 1109 1179 1292
f 1238 1210 1162
f 1191 1279 1163
f 1146 1180 1066
f 1035 1239 1148
f 1081 1181 1065
f 1135 1240 1013
f 1095 1013 1182
f 1095 1182 1193
f 1095 1193 1056
f 1038 1004 1194
f 1038 1194 1150
f 1024 1136 1196
f 1111 1024 1197
f 1137 1015 1245
f 988 1230 1166
f 1068 1166 1215
f 1099 1169 1152
f 1152 1169 1183
f 1170 1185 1184
f 1183 1169 1170
f 1184 1183 1170
f 1043 1329 1204
f 1329 1043 1042
f 1017 1297 1156
f 1297 1017 1290
f 1127 1222 1290
f 982 1251 1106
f 1299 1188 1117
f 1276 1299 1177
f 1133 1208 1132
f 1276 1177 1161
f 1108 1227 1134
f 1108 1145 1227
f 1163 1279 1081
f 1163 1094 1191
f 1066 1180 1211
f 1134 1227 1121
f 1181 1302 1065
f 1013 1240 1182
f 1056 1193 1241
f 1015 1123 1245
f 1198 1068 1215
f 1122 1068 1198
f 1246 1057 1167
f 1200 1138 1069
f 1199 1247 1151
f 1152 1183 1217
f 1217 1183 1202
f 1184 1185 1203
f 1202 1183 1184
f 1203 1202 1184
f 982 1173 1251
f 1031 1333 1144
f 1105 1076 1030
f 1318 1291 1189
f 1257 1276 1161
f 1093 1210 1312
f 1065 1302 1278
f 1146 1212 1180
f 1121 1212 1147
f 1149 1238 1162
f 1083 1148 1229
f 1194 1004 1214
f 1085 1195 1123
f 958 1111 1295
f 1244 958 1295
f 1284 1135 1198
f 1165 1040 1296
f 1069 1316 1200
f 1316 1201 1383
f 1201 1217 1263
f 1217 1202 1218
f 1041 1219 1058
f 1203 1185 1221
f 1218 1202 1203
f 1221 1218 1203
f 1016 1059 1185
f 1141 1157 1102
f 1348 1102 1157
f 1089 1103 1205
f 1129 1268 1186
f 1268 1129 1205
f 1159 1186 1309
f 1031 1144 1225
f 1031 1187 1333
f 1318 1189 1254
f 1311 1209 1208
f 1081 1279 1355
f 1094 1211 1191
f 1110 1228 1192
f 1081 1355 1181
f 1056 1241 974
f 1165 1296 1136
f 1217 1218 1248
f 1248 1218 1231
f 1221 1232 1233
f 1185 1232 1221
f 1231 1218 1221
f 1233 1231 1221
f 1059 1440 1666
f 1155 1329 1042
f 1204 1289 1044
f 1516 1087 1044
f 1267 980 1087
f 980 1267 1141
f 1158 1171 1331
f 1106 1251 1224
f 1175 1115 1235
f 1361 1225 1374
f 1115 1226 1351
f 1206 1076 1272
f 1189 1206 1254
f 1273 1299 1310
f 1190 1207 1050
f 1050 1207 1077
f 1209 1236 1320
f 1292 1179 1237
f 1260 1121 1227
f 1110 1278 1228
f 974 1241 1096
f 1213 1242 1451
f 1194 1326 1150
f 1085 1150 1195
f 1123 1243 1245
f 1196 1136 1303
f 1024 1196 1303
f 1248 1231 1249
f 1233 1232 1250
f 1249 1231 1233
f 1250 1249 1233
f 1347 1155 1126
f 1204 1329 1289
f 1044 1289 1516
f 1141 1267 1157
f 1348 1349 1102
f 1130 1252 1174
f 1225 1271 1105
f 1115 1298 1235
f 1272 1076 1253
f 1226 1188 1299
f 1352 1190 1255
f 1352 1207 1190
f 1256 1299 1276
f 1207 1133 1077
f 1312 1210 1238
f 1080 1292 1145
f 1277 1238 1149
f 1121 1260 1259
f 1182 1240 1261
f 1182 1261 1324
f 1004 1213 1214
f 1164 1245 1262
f 1414 1098 1343
f 1544 1070 1247
f 1248 1249 1264
f 1250 1232 1265
f 1264 1249 1250
f 1265 1264 1250
f 1330 1087 1516
f 1290 1222 1308
f 1158 1331 1222
f 1142 1234 1103
f 1172 1269 1223
f 1174 1270 1172
f 1174 1252 1270
f 1105 1271 1076
f 1206 1272 1254
f 1176 1255 1190
f 1274 1256 1276
f 1276 1404 1274
f 1336 1404 1276
f 1275 1311 1208
f 1276 1257 1336
f 1312 1161 1093
f 1277 1312 1238
f 1145 1366 1227
f 1292 1338 1145
f 1211 1293 1191
f 1212 1259 1280
f 1121 1259 1212
f 1239 1192 1340
f 1096 1281 1282
f 1150 1326 1195
f 1123 1195 1283
f 1164 1262 1040
f 1246 1304 1434
f 1230 1246 1434
f 1201 1263 1383
f 1028 1216 1168
f 1248 1264 1287
f 1265 1232 1288
f 1287 1264 1265
f 1288 1287 1265
f 1220 1418 1347
f 1266 1156 1440
f 1349 1386 1088
f 1331 1171 1478
f 1104 1159 1173
f 1106 1387 1187
f 1351 1298 1115
f 1076 1361 1253
f 1255 1176 1291
f 1319 1133 1207
f 1299 1256 1274
f 1404 1299 1274
f 1300 1275 1208
f 1311 1275 1300
f 1258 1320 1178
f 1237 1179 1178
f 1279 1191 1313
f 1180 1293 1211
f 1181 1528 1302
f 1096 1282 1242
f 1243 1123 1283
f 1197 1024 1369
f 1240 1135 1284
f 1381 1240 1284
f 1245 1243 1262
f 1383 1305 1316
f 1070 1544 1286
f 1028 1286 1512
f 1345 1217 1248
f 1041 1168 1216
f 1248 1287 1288
f 1288 1232 1307
f 1185 1059 1232
f 1308 1297 1290
f 1308 1222 1331
f 1106 1224 1387
f 1271 1225 1361
f 1235 1298 1130
f 1361 1076 1271
f 1362 1299 1273
f 1310 1299 1404
f 1300 1208 1301
f 1301 1311 1300
f 1209 1311 1236
f 1277 1393 1312
f 1237 1178 1321
f 1278 1394 1412
f 1180 1212 1293
f 1280 1293 1212
f 1260 1314 1259
f 1239 1322 1148
f 1213 1451 1214
f 1197 1369 1111
f 1111 1413 1295
f 1244 1295 1343
f 1303 1136 1296
f 1198 1215 1285
f 1138 1200 1344
f 1246 1167 1304
f 1199 1098 1247
f 1200 1316 1305
f 1217 1345 1263
f 1248 1288 1306
f 1418 1220 1058
f 1306 1288 1307
f 1347 1373 1155
f 1270 1252 1172
f 1291 1318 1255
f 1133 1319 1208
f 1161 1312 1257
f 1257 1364 1336
f 1338 1366 1145
f 1228 1278 1412
f 1227 1314 1260
f 1302 1315 1278
f 1314 1323 1259
f 1229 1294 1149
f 1182 1324 1193
f 1138 1344 1167
f 1414 1247 1098
f 1344 1200 1305
f 1248 1306 1345
f 1307 1232 1317
f 1317 1306 1307
f 1103 1234 1205
f 1144 1333 1225
f 1298 1252 1130
f 1353 1208 1319
f 1311 1301 1335
f 1353 1301 1208
f 1363 1404 1336
f 1393 1277 1149
f 1342 1393 1149
f 1313 1355 1279
f 1259 1323 1280
f 1354 1314 1227
f 1239 1340 1322
f 1228 1412 1192
f 1323 1293 1280
f 1294 1342 1149
f 1229 1148 1322
f 1240 1328 1261
f 1193 1325 1241
f 1242 1282 1451
f 1194 1214 1326
f 1195 1326 1508
f 1024 1303 1369
f 1369 1556 1111
f 1284 1198 1327
f 1328 1240 1381
f 1327 1198 1285
f 1247 1453 1544
f 1028 1512 1216
f 1317 1232 1346
f 1346 1306 1317
f 1087 1330 1267
f 1205 1186 1268
f 1309 1350 1159
f 1224 1251 1387
f 1253 1360 1272
f 1333 1374 1225
f 1299 1362 1226
f 1318 1254 1422
f 1404 1334 1310
f 1424 1311 1335
f 1321 1178 1337
f 1337 1178 1320
f 1525 1292 1237
f 1191 1293 1313
f 1314 1354 1407
f 1278 1315 1394
f 1323 1367 1293
f 1314 1407 1341
f 1229 1322 1294
f 1314 1341 1323
f 1324 1325 1193
f 1325 1356 1241
f 1096 1241 1281
f 1111 1556 1413
f 1262 1243 1382
f 1262 1382 1040
f 1296 1040 1370
f 1230 1380 1166
f 1453 1247 1415
f 1453 1628 1544
f 1232 1456 1346
f 1345 1306 1346
f 1232 1059 1456
f 1329 1475 1289
f 1289 1476 1516
f 1156 1297 1477
f 1297 1308 1477
f 1267 1419 1157
f 1269 1359 1223
f 1269 1172 1388
f 1172 1252 1388
f 1272 1360 1483
f 1389 1273 1310
f 1301 1424 1335
f 1336 1364 1363
f 1237 1321 1365
f 1227 1366 1354
f 1367 1409 1293
f 1341 1367 1323
f 1241 1356 1281
f 1282 1281 1379
f 1283 1357 1243
f 1295 1396 1343
f 1230 1434 1380
f 1303 1296 1358
f 1343 1415 1414
f 1215 1166 1285
f 1166 1327 1285
f 1346 1456 1372
f 1372 1345 1346
f 1329 1515 1475
f 1515 1329 1155
f 1440 1156 1441
f 1308 1331 1477
f 1385 1477 1331
f 1419 1348 1157
f 1419 1349 1348
f 1442 1331 1478
f 1309 1186 1350
f 1251 1332 1387
f 1173 1402 1251
f 1272 1483 1254
f 1503 1318 1422
f 1375 1273 1389
f 1255 1318 1460
f 1424 1301 1353
f 1424 1236 1311
f 1425 1320 1236
f 1257 1312 1364
f 1521 1312 1393
f 1237 1365 1525
f 1293 1409 1339
f 1341 1378 1367
f 1181 1447 1528
f 1451 1282 1531
f 1214 1368 1326
f 1195 1508 1283
f 1295 1413 1469
f 1295 1469 1396
f 1284 1327 1381
f 1381 1493 1328
f 1415 1247 1414
f 1305 1383 1437
f 1345 1471 1263
f 1512 1041 1216
f 1371 1345 1372
f 1456 1059 1666
f 1223 1400 1171
f 1159 1350 1173
f 1351 1459 1298
f 1422 1254 1483
f 1503 1460 1318
f 1273 1375 1362
f 1389 1310 1334
f 1207 1352 1319
f 1334 1404 1389
f 1364 1312 1390
f 1364 1404 1363
f 1390 1312 1521
f 1337 1376 1321
f 1338 1377 1366
f 1181 1355 1447
f 1293 1491 1313
f 1281 1356 1468
f 1357 1283 1395
f 1357 1395 1243
f 1396 1415 1343
f 1296 1370 1358
f 1166 1380 1397
f 1305 1437 1344
f 1372 1456 1384
f 1384 1371 1372
f 1441 1156 1477
f 1475 1476 1289
f 1205 1479 1186
f 1479 1205 1234
f 1420 1171 1400
f 1253 1361 1360
f 1374 1333 1519
f 1252 1298 1518
f 1226 1459 1351
f 1352 1255 1460
f 1389 1404 1403
f 1425 1337 1320
f 1391 1337 1425
f 1321 1427 1365
f 1376 1392 1321
f 1321 1392 1427
f 1391 1376 1337
f 1392 1376 1391
f 1192 1412 1340
f 1528 1466 1302
f 1342 1566 1393
f 1326 1368 1508
f 1243 1395 1509
f 1369 1303 1358
f 1040 1382 1435
f 1381 1327 1166
f 1397 1381 1166
f 1263 1471 1383
f 1345 1371 1398
f 1384 1456 1399
f 1398 1371 1384
f 1399 1398 1384
f 1373 1515 1155
f 1330 1534 1267
f 1442 1385 1331
f 1186 1536 1350
f 1359 1400 1223
f 1319 1352 1485
f 1319 1485 1353
f 1236 1424 1425
f 1392 1406 1427
f 1405 1392 1391
f 1406 1392 1405
f 1292 1377 1338
f 1377 1292 1525
f 1339 1408 1293
f 1302 1466 1315
f 1261 1328 1450
f 1282 1379 1531
f 1369 1358 1433
f 1369 1492 1556
f 1344 1470 1304
f 1167 1344 1304
f 1709 1437 1383
f 1708 1512 1286
f 1345 1398 1416
f 1399 1456 1417
f 1416 1398 1399
f 1417 1416 1399
f 1418 1474 1347
f 1441 1477 1498
f 1171 1420 1478
f 1359 1269 1400
f 1173 1481 1402
f 1499 1269 1388
f 1332 1421 1387
f 1387 1421 1187
f 1251 1402 1332
f 1187 1421 1333
f 1226 1585 1459
f 1585 1226 1362
f 1404 1364 1487
f 1405 1391 1426
f 1406 1428 1427
f 1426 1406 1405
f 1428 1406 1426
f 1377 1429 1366
f 1394 1465 1412
f 1340 1430 1322
f 1412 1411 1340
f 1294 1467 1342
f 1261 1450 1324
f 1325 1324 1356
f 1379 1431 1531
f 1214 1452 1368
f 1395 1283 1508
f 1369 1433 1492
f 1470 1344 1436
f 1709 1383 1494
f 1345 1416 1438
f 1417 1456 1439
f 1438 1416 1417
f 1439 1438 1417
f 1347 1474 1497
f 1441 1498 1458
f 1477 1385 1442
f 1350 1481 1173
f 1361 1374 1360
f 1333 1520 1519
f 1298 1538 1518
f 1503 1422 1586
f 1403 1375 1389
f 1425 1424 1443
f 1403 1404 1487
f 1426 1391 1444
f 1490 1521 1393
f 1428 1445 1427
f 1444 1428 1426
f 1445 1428 1444
f 1490 1393 1446
f 1407 1565 1341
f 1341 1565 1554
f 1366 1429 1526
f 1394 1315 1465
f 1409 1367 1339
f 1378 1554 1367
f 1341 1554 1378
f 1322 1449 1410
f 1340 1411 1430
f 1294 1322 1467
f 1356 1324 1468
f 1508 1368 1432
f 1435 1370 1040
f 1436 1344 1437
f 1544 1708 1286
f 1383 1471 1494
f 1219 1041 1454
f 1345 1438 1455
f 1439 1456 1457
f 1455 1438 1439
f 1457 1455 1439
f 1373 1347 1497
f 1441 1458 1440
f 1477 1442 1583
f 1419 1535 1349
f 1386 1349 1535
f 1350 1536 1401
f 1481 1350 1401
f 1459 1538 1298
f 1422 1483 1586
f 1403 1484 1375
f 1423 1352 1460
f 1486 1424 1353
f 1443 1424 1486
f 1443 1486 1425
f 1444 1391 1462
f 1445 1463 1427
f 1462 1445 1444
f 1463 1445 1462
f 1355 1448 1447
f 1355 1491 1448
f 1313 1491 1355
f 1408 1464 1293
f 1554 1575 1367
f 1393 1566 1446
f 1382 1243 1509
f 1396 1469 1626
f 1454 1041 1512
f 1345 1455 1472
f 1219 1712 1058
f 1457 1456 1473
f 1472 1455 1457
f 1473 1472 1457
f 1234 1142 1479
f 1269 1480 1400
f 1388 1252 1499
f 1374 1560 1360
f 1483 1502 1604
f 1586 1483 1604
f 1362 1375 1484
f 1423 1570 1352
f 1484 1403 1461
f 1461 1403 1487
f 1425 1548 1391
f 1425 1486 1548
f 1462 1391 1488
f 1365 1427 1525
f 1463 1489 1427
f 1488 1463 1462
f 1489 1463 1488
f 1354 1565 1407
f 1366 1565 1354
f 1293 1464 1491
f 1322 1410 1467
f 1430 1449 1322
f 1214 1451 1452
f 1493 1450 1328
f 1435 1382 1370
f 1380 1640 1397
f 1511 1381 1397
f 1470 1434 1304
f 1616 1436 1437
f 1345 1472 1471
f 1471 1472 1495
f 1712 1418 1058
f 1473 1456 1496
f 1495 1472 1473
f 1496 1495 1473
f 1516 1534 1330
f 1583 1498 1477
f 1583 1442 1478
f 1186 1479 1536
f 1481 1517 1402
f 1332 1482 1421
f 1374 1519 1569
f 1421 1501 1333
f 1502 1483 1621
f 1585 1547 1561
f 1362 1547 1585
f 1503 1654 1460
f 1485 1352 1605
f 1605 1352 1570
f 1485 1605 1353
f 1461 1562 1484
f 1391 1548 1634
f 1487 1364 1608
f 1391 1522 1504
f 1488 1391 1504
f 1489 1505 1427
f 1504 1489 1488
f 1505 1489 1504
f 1490 1446 1506
f 1412 1465 1593
f 1324 1450 1468
f 1358 1510 1433
f 1626 1415 1396
f 1415 1626 1567
f 1616 1470 1436
f 1471 1495 1545
f 1545 1495 1513
f 1496 1456 1514
f 1513 1495 1496
f 1514 1513 1496
f 1456 1666 1599
f 1600 1267 1534
f 1267 1600 1419
f 1142 1386 1479
f 1499 1480 1269
f 1333 1501 1520
f 1503 1586 1654
f 1390 1647 1364
f 1364 1647 1608
f 1504 1522 1523
f 1490 1506 1521
f 1505 1524 1427
f 1523 1505 1504
f 1524 1505 1523
f 1551 1525 1427
f 1366 1526 1565
f 1593 1638 1412
f 1412 1595 1411
f 1412 1638 1595
f 1465 1315 1527
f 1528 1552 1466
f 1467 1576 1342
f 1468 1529 1530
f 1281 1468 1530
f 1281 1530 1379
f 1368 1452 1507
f 1368 1507 1432
f 1432 1532 1508
f 1509 1395 1579
f 1492 1433 1556
f 1358 1543 1510
f 1709 1616 1437
f 1545 1513 1533
f 1514 1456 1533
f 1533 1513 1514
f 1516 1476 1534
f 1479 1386 1535
f 1478 1420 1645
f 1517 1633 1402
f 1252 1518 1500
f 1483 1360 1537
f 1621 1483 1537
f 1547 1362 1484
f 1608 1461 1487
f 1486 1539 1548
f 1715 1391 1634
f 1523 1522 1540
f 1524 1541 1427
f 1427 1541 1551
f 1540 1524 1523
f 1541 1524 1540
f 1377 1525 1429
f 1465 1527 1593
f 1448 1528 1447
f 1464 1408 1491
f 1342 1576 1566
f 1450 1577 1468
f 1556 1433 1614
f 1382 1509 1557
f 1358 1370 1543
f 1381 1511 1615
f 1545 1533 1581
f 1456 1581 1533
f 1666 1558 1599
f 1478 1645 1583
f 1402 1633 1332
f 1252 1500 1499
f 1520 1546 1519
f 1569 1560 1374
f 1460 1654 1423
f 1486 1353 1605
f 1539 1549 1548
f 1548 1549 1634
f 1540 1522 1550
f 1550 1541 1540
f 1551 1541 1550
f 1635 1506 1446
f 1542 1635 1446
f 1339 1553 1408
f 1315 1466 1527
f 1379 1530 1578
f 1451 1531 1452
f 1509 1579 1555
f 1470 1580 1434
f 1453 1415 1567
f 1494 1471 1545
f 1581 1456 1599
f 1373 1582 1515
f 1440 1458 1850
f 1475 1515 1476
f 1643 1583 1645
f 1536 1584 1401
f 1480 1559 1400
f 1400 1559 1420
f 1480 1499 1559
f 1633 1601 1332
f 1519 1546 1569
f 1561 1602 1585
f 1502 1603 1604
f 1547 1484 1561
f 1539 1486 1563
f 1549 1564 1634
f 1563 1549 1539
f 1564 1549 1563
f 1391 1715 1522
f 1550 1522 1592
f 1521 1506 1635
f 1592 1551 1550
f 1525 1657 1429
f 1446 1566 1542
f 1528 1448 1552
f 1408 1553 1491
f 1468 1577 1529
f 1431 1379 1578
f 1508 1579 1395
f 1380 1434 1580
f 1373 1700 1582
f 1536 1479 1632
f 1401 1568 1481
f 1517 1481 1633
f 1538 1620 1518
f 1603 1502 1621
f 1423 1654 1587
f 1570 1423 1588
f 1484 1562 1561
f 1486 1572 1571
f 1486 1589 1573
f 1563 1486 1573
f 1589 1486 1571
f 1564 1574 1634
f 1573 1564 1563
f 1574 1564 1573
f 1367 1575 1339
f 1410 1612 1467
f 1430 1612 1449
f 1449 1612 1410
f 1531 1596 1452
f 1532 1579 1508
f 1381 1615 1493
f 1493 1681 1450
f 1370 1382 1557
f 1683 1433 1510
f 1545 1711 1494
f 1454 1664 1219
f 1418 1712 1474
f 1534 1644 1600
f 1479 1535 1724
f 1536 1632 1584
f 1481 1568 1667
f 1584 1568 1401
f 1499 1713 1559
f 1332 1601 1482
f 1500 1713 1499
f 1690 1360 1560
f 1538 1459 1602
f 1673 1561 1562
f 1573 1589 1590
f 1574 1591 1634
f 1590 1574 1573
f 1591 1574 1590
f 1592 1610 1551
f 1448 1491 1552
f 1554 1624 1575
f 1411 1650 1430
f 1411 1595 1650
f 1594 1527 1466
f 1552 1594 1466
f 1576 1731 1566
f 1557 1663 1370
f 1543 1370 1510
f 1580 1707 1380
f 1598 1454 1512
f 1497 1474 1373
f 1534 1476 1735
f 1535 1419 1724
f 1538 1602 1620
f 1585 1602 1459
f 1586 1604 1703
f 1586 1703 1654
f 1602 1561 1655
f 1588 1423 1587
f 1461 1606 1562
f 1590 1589 1607
f 1591 1609 1634
f 1607 1591 1590
f 1609 1591 1607
f 1635 1705 1390
f 1390 1521 1635
f 1657 1525 1551
f 1565 1660 1624
f 1526 1625 1565
f 1339 1648 1553
f 1450 1681 1577
f 1507 1452 1596
f 1470 1616 1580
f 1642 1709 1494
f 1598 1512 1708
f 1494 1652 1642
f 1711 1545 1617
f 1617 1618 1619
f 1617 1545 1618
f 1545 1581 1618
f 1474 1700 1373
f 1476 1515 1838
f 1643 1498 1583
f 1600 1644 1419
f 1421 1482 1501
f 1673 1655 1561
f 1656 1605 1570
f 1673 1562 1606
f 1656 1486 1605
f 1606 1461 1608
f 1572 1486 1656
f 1622 1589 1623
f 1622 1607 1589
f 1623 1609 1622
f 1623 1634 1609
f 1607 1622 1609
f 1715 1592 1522
f 1390 1766 1647
f 1565 1624 1554
f 1565 1625 1637
f 1429 1625 1526
f 1339 1575 1648
f 1612 1678 1467
f 1430 1650 1612
f 1431 1578 1613
f 1507 1596 1721
f 1579 1532 1432
f 1413 1556 1662
f 1469 1651 1626
f 1493 1615 1779
f 1681 1493 1779
f 1510 1627 1683
f 1685 1453 1567
f 1580 1616 1709
f 1652 1494 1711
f 1711 1617 1629
f 1619 1618 1630
f 1629 1617 1619
f 1630 1629 1619
f 1440 1850 1666
f 1458 1631 1850
f 1458 1498 1643
f 1479 1702 1632
f 1481 1646 1633
f 1559 1687 1420
f 1518 1620 1500
f 1560 1569 1690
f 1670 1703 1604
f 1570 1693 1828
f 1693 1570 1588
f 1623 1589 1571
f 1571 1634 1623
f 1390 1705 1674
f 1551 1610 1657
f 1429 1657 1636
f 1566 1635 1542
f 1624 1659 1575
f 1565 1637 1660
f 1625 1429 1636
f 1593 1527 1661
f 1594 1649 1527
f 1552 1491 1697
f 1553 1611 1491
f 1553 1658 1639
f 1467 1678 1744
f 1529 1577 1817
f 1530 1529 1578
f 1510 1370 1627
f 1380 1707 1640
f 1580 1709 1641
f 1711 1629 1653
f 1630 1618 1653
f 1653 1629 1630
f 1665 1618 1581
f 1599 1558 1581
f 1476 1838 1735
f 1749 1534 1735
f 1644 1724 1419
f 1645 1736 1643
f 1702 1479 1724
f 1568 1584 1632
f 1687 1645 1420
f 1481 1667 1646
f 1602 1655 1671
f 1672 1587 1654
f 1595 1677 1650
f 1553 1648 1658
f 1507 1721 1432
f 1509 1679 1557
f 1556 1614 1662
f 1469 1413 1662
f 1511 1397 1723
f 1733 1685 1567
f 1453 1685 1628
f 1708 1544 1628
f 1711 1653 2280
f 1618 1665 1653
f 1749 1644 1534
f 1632 1840 1686
f 1633 1646 1601
f 1482 1601 1501
f 1520 1501 1714
f 1620 1669 1500
f 1602 1671 1620
f 1693 1588 1587
f 1608 1647 1766
f 1575 1675 1648
f 1595 1638 1677
f 1593 1661 1638
f 1527 1649 1661
f 1697 1757 1552
f 1553 1639 1611
f 1467 1744 1576
f 1612 1744 1678
f 1650 1745 1612
f 1817 1578 1529
f 1431 1596 1531
f 1432 1721 1579
f 1555 1597 1679
f 1509 1555 1679
f 1370 1682 1627
f 1615 1511 1684
f 1707 1580 1699
f 1652 2280 1835
f 2280 1652 1711
f 1653 1665 2280
f 1219 1664 1712
f 1686 1568 1632
f 1646 1667 1668
f 1559 1713 1687
f 1500 1737 1713
f 1500 1689 1737
f 1621 1537 1763
f 1360 1763 1537
f 1520 1692 1546
f 1692 1520 1714
f 1672 1654 1703
f 1671 1655 1673
f 1587 1672 1693
f 1570 1828 1656
f 1755 1673 1606
f 1742 1704 1656
f 1656 1704 1572
f 1571 1572 1704
f 1390 1694 1766
f 1696 1639 1648
f 1639 1658 1648
f 1660 1676 1624
f 1625 1636 1637
f 1566 1731 1635
f 1552 1717 1594
f 1491 1611 1697
f 1576 1744 1731
f 1433 1680 1614
f 1469 1662 1706
f 1651 1469 1706
f 1626 1733 1567
f 1580 1641 1699
f 1642 1652 1709
f 1458 1643 1631
f 1686 1667 1568
f 1687 1793 1645
f 1646 1668 1601
f 1601 1688 1501
f 1360 1690 1763
f 1569 1738 1690
f 1569 1691 1738
f 1727 1755 1606
f 1715 1634 1571
f 1694 1390 1674
f 1657 1610 1695
f 1638 1661 1677
f 1611 1639 1696
f 1577 1698 1817
f 1613 1719 1431
f 1579 1721 1746
f 1555 1579 1597
f 1614 1775 1662
f 1698 1577 1681
f 1663 1682 1370
f 1683 1627 1722
f 1680 1433 1683
f 1709 1652 1835
f 1598 1664 1454
f 1581 1558 1665
f 1644 1701 1724
f 1736 1645 1751
f 1601 1822 1688
f 1601 1668 1822
f 1686 1668 1667
f 1546 1691 1569
f 1755 1671 1673
f 1741 1742 1656
f 1606 1608 1766
f 1704 1715 1571
f 1592 1715 1610
f 1611 1696 1716
f 1648 1675 1728
f 1575 1659 1675
f 1624 1676 1659
f 1637 1676 1660
f 1635 1731 1705
f 1650 1677 1729
f 1552 1730 1717
f 1614 1680 1775
f 1651 1706 1626
f 1626 1777 1733
f 1397 1640 1723
f 1708 1664 1598
f 1710 1664 1708
f 1712 1664 1710
f 1750 1701 1644
f 1725 1632 1702
f 1840 1632 1725
f 1645 1793 1751
f 1501 1688 1714
f 1546 1692 1691
f 1671 1826 1726
f 1800 1611 1716
f 1661 1845 1677
f 1552 1757 1730
f 1578 1718 1613
f 1596 1431 1720
f 1579 1746 1597
f 1557 1679 1663
f 1680 1683 1722
f 1699 1640 1707
f 1511 1723 1892
f 1684 1511 1892
f 1779 1615 1684
f 1699 1641 1790
f 1712 1710 1474
f 1710 1700 1474
f 1735 1838 1977
f 1515 1582 1838
f 1737 1687 1713
f 1669 1689 1500
f 1671 1726 1620
f 1603 1753 1604
f 1693 1672 1740
f 1828 1693 1740
f 1741 1656 1828
f 1727 1606 1766
f 1648 1786 1696
f 1659 1728 1675
f 1637 1811 1676
f 1594 1717 1649
f 1800 1697 1611
f 1729 1745 1650
f 1744 1758 1731
f 1744 1770 1758
f 1613 1718 1760
f 1719 1613 1720
f 1663 1679 1747
f 1706 1732 1626
f 1698 1681 1759
f 1685 1733 1791
f 1685 1791 1628
f 1628 1791 1708
f 1806 1709 1780
f 1780 1709 1734
f 1643 1736 1631
f 1977 1749 1735
f 1867 1702 1724
f 1686 1781 1668
f 1670 1604 1754
f 1739 1826 1671
f 1739 1671 1755
f 1796 1755 1727
f 1715 1704 1743
f 1765 1727 1766
f 1909 1715 1743
f 1756 1674 1705
f 1657 1695 1636
f 1728 1786 1648
f 1659 1676 1767
f 1636 1811 1637
f 1705 1731 1769
f 1431 1719 1720
f 1596 1720 1772
f 1626 1732 1776
f 1776 1777 1626
f 1681 1779 1759
f 1722 1627 1748
f 1748 1680 1722
f 1790 1640 1699
f 1709 1806 1641
f 1709 1835 1734
f 1644 1749 1977
f 1644 1977 1750
f 1701 1750 1724
f 1702 1867 1725
f 1688 1809 1714
f 1754 1604 1825
f 1754 1703 1670
f 1672 1703 1740
f 1828 1742 1741
f 1742 1743 1704
f 1715 1909 1857
f 1674 1756 1799
f 1730 1757 1717
f 1744 1771 1770
f 1612 1745 1744
f 1613 1760 1720
f 1721 1596 1772
f 1679 1761 1747
f 1775 1926 1662
f 1759 1817 1698
f 1627 1682 1778
f 1627 1778 1748
f 1791 1792 1708
f 1750 1867 1724
f 1686 1840 1781
f 1821 1668 1781
f 1737 1752 1687
f 1737 1689 1782
f 1714 1809 1692
f 1620 1726 1669
f 1764 1825 1604
f 1753 1810 1604
f 1604 1810 1764
f 1621 1753 1603
f 1825 1703 1754
f 1740 1703 1825
f 1826 1739 1755
f 1784 1828 1740
f 1674 1830 1694
f 1694 1798 1766
f 1636 1785 1811
f 1659 1767 1728
f 1676 1802 1767
f 1745 1814 1744
f 1817 1759 1787
f 1721 1773 1746
f 1746 1805 1597
f 1706 1662 1732
f 1747 1833 1663
f 1680 1748 1774
f 1790 1723 1640
f 1792 1710 1708
f 1666 1850 1558
f 1690 1738 1783
f 1810 1621 1763
f 1621 1810 1753
f 1784 1740 1825
f 1755 1796 1826
f 1872 1828 1784
f 1796 1727 1797
f 1798 1765 1766
f 1610 1715 1857
f 1830 1674 1799
f 1636 1695 1785
f 1705 1799 1756
f 1767 1786 1728
f 1815 1799 1705
f 1661 1649 1845
f 1757 1768 1717
f 1697 1768 1757
f 1705 1769 1815
f 1597 1805 1789
f 1680 1774 1775
f 1776 1733 1777
f 1779 1684 1892
f 1792 1895 1710
f 1895 1700 1710
f 1751 1793 1808
f 2086 1822 1668
f 1688 1794 1809
f 1824 1691 1692
f 1669 1762 1689
f 1763 1690 1783
f 1826 1796 1827
f 1854 1742 1828
f 1906 1797 1727
f 1716 1801 1800
f 1696 1843 1716
f 1676 1811 1802
f 1697 1803 1768
f 1697 1800 1803
f 1744 1814 1771
f 1578 1817 1718
f 1721 1925 1773
f 1597 1789 1679
f 1775 1774 1926
f 1732 1733 1776
f 1791 1733 1930
f 1807 1792 1791
f 1700 1838 1582
f 1736 1808 1631
f 1840 1725 1867
f 1840 1867 1839
f 1793 1752 1960
f 1687 1752 1793
f 1691 1824 1961
f 1692 1809 1824
f 1726 1762 1669
f 1783 1871 1763
f 1825 1764 1810
f 1853 1826 1827
f 1727 1855 1906
f 1855 1727 1765
f 1694 1881 1798
f 1610 1857 1829
f 1829 1695 1610
f 1800 1812 1803
f 1800 1801 1812
f 1802 1813 1767
f 1745 1729 1814
f 1845 1649 1831
f 1717 1863 1649
f 1731 1815 1769
f 1846 1731 1758
f 1760 1804 1720
f 1721 1772 1925
f 1747 1819 1833
f 1866 1733 1732
f 1759 1779 1820
f 1778 1848 1748
f 1866 1883 1733
f 1790 1641 1806
f 1791 1930 1807
f 1837 1665 1558
f 1867 1750 1977
f 1841 1781 1840
f 1793 1851 1981
f 1822 2086 1823
f 1794 1688 1904
f 1737 1905 1752
f 1809 1794 1795
f 1810 2009 1825
f 1871 1810 1763
f 1872 1784 1825
f 1827 1796 1797
f 1742 1854 2046
f 1743 1742 2046
f 1765 1798 1855
f 1798 1881 1875
f 1846 1815 1731
f 1817 1787 1816
f 1746 1925 1805
f 1679 1924 1761
f 1663 1833 1884
f 1663 1884 1682
f 1723 1834 1892
f 1849 1836 1807
f 1792 1807 1836
f 1792 1836 1895
f 1665 1837 2280
f 1751 1808 1736
f 1793 1981 1808
f 2139 1668 1821
f 1841 1821 1781
f 1904 1688 1823
f 1822 1823 1688
f 1782 1905 1737
f 1809 1795 1824
f 1689 1905 1782
f 1691 1961 1738
f 1762 1726 1826
f 1855 1798 1875
f 1881 1694 1830
f 1857 1695 1829
f 1811 1785 1922
f 1786 1843 1696
f 1767 1813 1786
f 1799 1815 1844
f 1717 1768 1863
f 1771 1864 1770
f 1758 1770 1882
f 1817 1816 1934
f 1817 1934 1718
f 1720 1804 1818
f 1772 1788 1832
f 1772 1832 1847
f 1772 1847 1925
f 1746 1773 1925
f 1747 1761 1819
f 1732 1662 1866
f 1748 1848 1774
f 1820 1779 1892
f 1723 1790 1806
f 1849 1893 1836
f 1700 2004 1838
f 1631 1808 1850
f 1793 1960 1851
f 1961 1824 1869
f 1689 1762 1852
f 1871 1870 1810
f 2034 1825 1985
f 1872 1825 2034
f 1828 1872 1854
f 1743 2046 1909
f 1856 1915 1907
f 1876 1695 1857
f 1922 1785 1842
f 1677 1862 1729
f 1768 1803 1880
f 1859 1803 1812
f 1801 1859 1812
f 1716 1860 1801
f 1861 1860 1716
f 1843 1861 1716
f 1786 1861 1843
f 1877 1861 1786
f 1813 1877 1786
f 1802 1877 1813
f 1922 1802 1811
f 1864 1814 1729
f 1845 1862 1677
f 1831 1862 1845
f 1649 1863 1831
f 1865 1815 1846
f 1846 1758 1865
f 1720 1788 1772
f 1892 1890 1820
f 1883 1930 1733
f 1734 1806 1780
f 1807 1975 1849
f 1895 1897 1700
f 1795 1794 1869
f 1852 2140 1689
f 1738 1961 1783
f 1962 1985 1825
f 2140 1826 1853
f 1854 1872 2013
f 1967 1856 1911
f 1907 1967 1916
f 1874 1858 1916
f 1918 1877 1878
f 1878 1877 1879
f 1799 1882 1830
f 1875 1881 1729
f 1923 1875 1729
f 1859 1921 1803
f 1860 1916 1801
f 1877 1802 1879
f 1922 1919 1802
f 1881 1882 1864
f 1729 1881 1864
f 1862 1923 1729
f 1831 1863 1862
f 1844 1882 1799
f 1815 1882 1844
f 1864 1882 1770
f 1814 1864 1771
f 1758 1815 1865
f 1882 1815 1758
f 1787 1759 1816
f 1760 1718 1804
f 1720 1818 1788
f 1866 1662 1883
f 1820 1891 1759
f 1934 1759 1891
f 1816 1759 1934
f 1833 1819 1884
f 1884 1885 1886
f 1884 1886 1887
f 1884 1887 1888
f 1884 1888 1889
f 1939 1682 1889
f 1682 1884 1889
f 1682 1939 1778
f 1848 1778 1774
f 1926 1774 2000
f 1891 1820 1890
f 1890 1892 1894
f 1891 1890 1948
f 2201 1806 1734
f 1975 1807 2245
f 1947 1890 1894
f 1948 1890 1947
f 1947 1894 1896
f 1947 1896 1898
f 1899 1947 1898
f 1900 1899 1898
f 1898 1896 1902
f 1838 2004 1977
f 1898 1902 1901
f 1901 1900 1898
f 2333 1867 1977
f 1839 1867 2005
f 2082 1808 1981
f 1840 1903 1868
f 1840 1868 1841
f 2086 1668 2139
f 1823 2086 1904
f 1752 1905 1960
f 1904 1959 1794
f 1869 1824 1795
f 1689 1983 1905
f 2008 1984 1689
f 1689 2140 2008
f 2009 1962 1825
f 2035 1872 2034
f 1797 1853 1827
f 1907 1873 1856
f 1874 1910 1858
f 1873 1908 1856
f 1874 2016 1910
f 1993 1855 1875
f 1916 2016 1874
f 1912 1968 1914
f 1967 1915 1856
f 1907 1916 1858
f 1912 1913 1917
f 1971 1968 1912
f 1970 1912 1917
f 1917 1916 1860
f 1971 1917 1860
f 1918 1971 1860
f 1861 1918 1860
f 1877 1918 1861
f 1919 1878 1879
f 1842 1919 1922
f 1695 1966 1785
f 1882 1881 1830
f 1803 1920 1880
f 1921 1920 1803
f 1801 1921 1859
f 1916 1921 1801
f 1919 1879 1802
f 1863 1923 1862
f 1880 1973 1863
f 1768 1880 1863
f 1925 1847 1924
f 1805 1925 1789
f 1679 1789 1924
f 1761 2064 1819
f 1883 1662 2068
f 1884 1819 1885
f 1886 1927 1887
f 1885 1927 1886
f 1887 1928 1888
f 1927 1928 1887
f 1888 1929 1889
f 1928 1929 1888
f 1927 1885 1932
f 1928 1927 1932
f 1929 1928 1932
f 1889 1933 1939
f 1889 1929 1933
f 1929 1932 1933
f 1778 2024 1774
f 2000 1774 2024
f 1891 1931 1934
f 1935 1718 1934
f 1938 1718 1935
f 1931 1718 1938
f 1939 1933 1937
f 1937 1933 1932
f 1834 1940 1892
f 1935 1934 1938
f 1941 1819 1936
f 1932 1885 1819
f 2024 1778 1939
f 1948 1931 1891
f 1937 1932 1819
f 1938 1934 1931
f 1819 1941 1942
f 1942 1937 1819
f 1939 1937 1942
f 2071 2024 1939
f 1892 1940 1894
f 1943 1718 1931
f 2071 1939 1942
f 1942 1941 1936
f 1849 2249 1893
f 1943 1931 1948
f 1945 1942 1946
f 1942 1945 2025
f 2071 1942 2025
f 1942 1936 1946
f 1946 1936 1944
f 2281 1894 1940
f 2281 1896 1894
f 1949 1948 1947
f 1948 1949 1943
f 1952 1946 1944
f 1558 1850 2002
f 1947 1899 1979
f 1949 1947 1979
f 1978 2025 1945
f 1978 1945 1946
f 1978 1946 1952
f 1897 2004 1700
f 1952 1944 1951
f 1949 1979 2171
f 1951 1944 1976
f 1953 1899 1900
f 1979 1899 1953
f 1896 1950 1902
f 1953 1900 1955
f 2167 1978 1952
f 2333 2029 1867
f 1952 1951 1980
f 2029 2005 1867
f 1901 1954 1900
f 1955 1900 1957
f 1957 1900 1954
f 1901 1902 1954
f 1980 1951 1958
f 1903 1840 2218
f 1689 1984 1983
f 1810 1870 2009
f 2140 1762 1826
f 2140 1853 2143
f 2035 2013 1872
f 1853 1797 2143
f 2038 1797 1906
f 1907 1963 1873
f 1858 1963 1907
f 1910 2014 1858
f 1909 2049 2051
f 1993 1906 1855
f 2051 1857 1909
f 1911 1856 1908
f 1996 1993 1875
f 2016 1916 1997
f 1913 1912 1994
f 1995 1914 1968
f 1913 1994 1917
f 1965 1995 1919
f 2020 1876 1857
f 1915 1967 1907
f 1970 1971 1912
f 1995 1968 1971
f 1919 1995 1971
f 1966 1965 1919
f 1842 1966 1919
f 1785 1966 1842
f 1969 1966 1695
f 1876 1969 1695
f 1916 1967 1880
f 1917 1994 1916
f 1970 1917 1971
f 1878 1971 1918
f 1919 1971 1878
f 1920 1916 1880
f 1921 1916 1920
f 1863 1972 1923
f 1974 1972 1863
f 1819 2064 2065
f 1662 1926 2068
f 1806 2162 1723
f 2245 1807 1930
f 2024 2071 2000
f 2274 1943 2118
f 2003 1944 1936
f 1836 1893 2249
f 2360 1895 1836
f 2001 1897 1895
f 2118 1943 1949
f 1944 2003 1976
f 2027 1949 2171
f 2167 1952 2290
f 1902 2172 1954
f 1839 2218 1840
f 1869 2007 1961
f 1987 1986 1963
f 1963 1986 1873
f 1988 1873 1986
f 1858 2014 1963
f 2094 2046 1854
f 1988 2191 1873
f 2049 1909 2046
f 1964 1989 1995
f 1990 1964 1995
f 1995 1991 1990
f 2044 1991 1995
f 1995 1992 2044
f 1965 1992 1995
f 2019 1994 1912
f 1989 2019 1912
f 1914 1989 1912
f 1995 1989 1914
f 1966 1992 1965
f 1966 1876 2021
f 1994 1997 1916
f 1994 1998 1997
f 1969 1876 1966
f 1923 1996 1875
f 1967 1974 1863
f 1880 1967 1973
f 1973 1967 1863
f 1818 1804 1788
f 1789 1925 1924
f 1761 1924 2064
f 1930 1883 2068
f 1940 2200 2074
f 1734 1835 2279
f 2280 1837 2002
f 1837 1558 2002
f 1976 2003 2332
f 2025 1978 2362
f 2331 1977 2004
f 2287 2027 2171
f 1950 2216 1902
f 2290 1952 1980
f 2171 1979 1953
f 1954 2172 1957
f 1980 1958 2085
f 1980 2085 1956
f 1981 2757 2082
f 1821 1841 2139
f 1981 1851 1960
f 1959 2371 1794
f 1869 2260 1982
f 2011 1986 2010
f 2012 2010 1986
f 1987 2012 1986
f 1963 2012 1987
f 2039 1963 2014
f 1993 2038 1906
f 2015 2014 1910
f 1910 2041 2015
f 2191 1908 1873
f 2016 2041 1910
f 2019 2090 1994
f 2048 2019 1989
f 1964 2048 1989
f 1991 1964 1990
f 2044 1964 1991
f 2017 2044 1992
f 1966 2017 1992
f 2018 2017 1966
f 2021 2018 1966
f 1994 2047 1998
f 1994 2090 2047
f 2020 2021 1876
f 1998 2047 1997
f 2022 1993 1972
f 2021 2020 1857
f 1923 1993 1996
f 1972 1993 1923
f 2023 2022 1972
f 1974 2023 1972
f 2096 2023 1974
f 1718 2274 1804
f 1834 1723 2162
f 2162 1806 2201
f 1718 1943 2274
f 2003 1936 2116
f 1950 1896 2281
f 2288 1950 2281
f 2002 1850 2486
f 1850 1808 2683
f 1953 1955 2171
f 2259 1980 1956
f 2006 1955 1957
f 1956 2085 2259
f 1981 2607 2757
f 1868 2139 1841
f 2607 1981 2030
f 1981 2339 2030
f 1904 2086 1959
f 1981 1960 2339
f 1869 1982 2007
f 1794 2260 1869
f 1983 1984 1905
f 1783 2033 1871
f 1961 2033 1783
f 1762 2140 1852
f 2175 2034 1985
f 1962 2175 1985
f 2013 2035 2181
f 2012 2036 2010
f 2037 2036 2012
f 2037 2012 1963
f 2038 2143 1797
f 1963 2039 2037
f 2040 1854 2013
f 2014 2015 2039
f 1854 2040 2094
f 2017 2092 2044
f 2042 2092 2017
f 2148 2042 2018
f 2021 2148 2018
f 2016 2050 2041
f 2019 2150 2090
f 1964 2091 2048
f 2151 2091 1964
f 2044 2151 1964
f 2018 2042 2017
f 2050 2016 1997
f 2048 2150 2019
f 2047 2050 1997
f 1857 2045 2021
f 2051 2045 1857
f 1967 1911 2053
f 2053 2096 1967
f 2096 1974 1967
f 2057 2061 2054
f 2055 2059 2056
f 2058 2061 2057
f 2066 2056 2059
f 2058 2067 2061
f 2060 2067 2058
f 1924 1847 2063
f 2066 2196 2056
f 2111 2067 2060
f 2065 2243 1819
f 2068 2245 1930
f 2243 2072 1819
f 2066 2069 2196
f 2111 2121 2067
f 2111 2073 2121
f 1819 2072 1936
f 2069 2160 2196
f 2071 2025 2247
f 2069 2075 2160
f 2025 2248 2247
f 2249 1849 2115
f 2074 2281 1940
f 1836 2249 2207
f 1836 2207 2360
f 2118 1949 2026
f 2075 2076 2160
f 2362 2248 2025
f 2123 2078 2075
f 2167 2362 1978
f 2078 2076 2075
f 2079 2078 2123
f 2129 2081 2079
f 2136 2081 2129
f 2080 2136 2130
f 1977 2331 2333
f 1808 2215 2683
f 2079 2081 2078
f 2080 2083 2136
f 2077 2217 2080
f 1808 2082 2215
f 2080 2217 2083
f 1902 2216 2172
f 2006 2171 1955
f 2259 2290 1980
f 2005 2029 1839
f 1957 2172 2084
f 1957 2084 2006
f 2031 2086 2139
f 1794 2371 2260
f 1905 2032 1960
f 1961 2007 2033
f 2221 2087 2036
f 2036 2087 2010
f 2037 2142 2036
f 2015 2088 2039
f 2015 2089 2088
f 1988 1986 2188
f 2041 2089 2015
f 2095 2038 1993
f 2150 2048 2146
f 2092 2151 2044
f 2021 2183 2148
f 2045 2183 2021
f 2043 2046 2094
f 2050 2093 2041
f 2047 2093 2050
f 2090 2230 2047
f 2022 2095 1993
f 2023 2095 2052
f 2052 2095 2022
f 1908 2191 1911
f 2053 1911 2191
f 2052 2022 2023
f 2054 2055 2056
f 2098 2054 2056
f 2097 2102 2193
f 2054 2100 2057
f 2193 2101 2099
f 2193 2103 2101
f 2107 2103 2193
f 2102 2107 2193
f 2157 2104 2097
f 2098 2056 2385
f 2385 2056 2158
f 2055 2054 2059
f 2104 2102 2097
f 2106 2104 2157
f 2054 2110 2059
f 2157 2387 2106
f 2158 2196 2105
f 2056 2196 2158
f 2102 2104 2107
f 2106 2109 2104
f 2103 2108 2101
f 2061 2110 2054
f 2113 2109 2106
f 2387 2113 2106
f 2108 2195 2101
f 2103 2114 2108
f 2387 2062 2113
f 1804 1999 1788
f 2068 1926 2435
f 1940 1834 2200
f 1834 2199 2200
f 2108 2070 2195
f 2061 2067 2316
f 2114 2070 2108
f 2312 2113 2062
f 2312 2203 2113
f 2067 2121 2316
f 2071 2247 2000
f 2245 2355 1975
f 2203 2120 2113
f 2070 2114 2112
f 1849 1975 2115
f 2070 2074 2200
f 2121 2073 2248
f 2112 2074 2070
f 2114 2074 2112
f 2072 2116 1936
f 2121 2206 2316
f 2280 2279 1835
f 2203 2274 2118
f 2114 2163 2074
f 2203 2117 2120
f 2163 2284 2074
f 2206 2126 2119
f 2124 2284 2163
f 2121 2126 2206
f 2117 2122 2120
f 2122 2125 2120
f 2160 2076 2205
f 2163 2131 2124
f 2123 2129 2079
f 2131 2170 2124
f 2122 2128 2125
f 2119 2126 2077
f 2129 2166 2130
f 2080 2130 2119
f 2136 2129 2130
f 2077 2080 2119
f 2126 2329 2077
f 2131 2133 2170
f 2132 2133 2131
f 2127 2133 2132
f 2125 2133 2127
f 2134 2128 2122
f 1850 2683 2486
f 2169 2124 2170
f 1976 2332 2028
f 2212 2124 2291
f 2169 2291 2124
f 2128 2213 2125
f 2213 2128 2134
f 2133 2135 2170
f 2137 2135 2133
f 2125 2137 2133
f 2213 2137 2125
f 2078 2336 2028
f 2336 2078 2081
f 2138 2170 2135
f 2136 2336 2081
f 2137 2138 2135
f 1976 2028 2168
f 2217 2336 2136
f 2083 2217 2136
f 2408 1839 2029
f 2408 2218 1839
f 2371 1959 2086
f 2036 2142 2141
f 2035 2034 2175
f 2037 2174 2142
f 2037 2144 2174
f 2039 2144 2037
f 2039 2089 2144
f 2088 2089 2039
f 2013 2181 2145
f 2087 2011 2010
f 2188 2011 2087
f 2179 2089 2041
f 2041 2180 2179
f 2232 2180 2041
f 2145 2040 2013
f 2188 1986 2011
f 2147 2146 2151
f 2152 2182 2092
f 2148 2182 2042
f 2042 2182 2152
f 2045 2149 2183
f 2232 2041 2189
f 2150 2146 2185
f 2151 2146 2091
f 2182 2147 2151
f 2182 2151 2092
f 2042 2152 2092
f 2153 2149 2045
f 2189 2041 2093
f 2091 2146 2048
f 2095 2190 2038
f 2047 2189 2093
f 2232 2189 2047
f 2230 2232 2047
f 2155 2190 2095
f 2153 2045 2051
f 2049 2153 2051
f 2154 2153 2049
f 2046 2154 2049
f 2046 2043 2154
f 2023 2155 2095
f 2156 2309 2023
f 2096 2156 2023
f 2309 2156 2096
f 2238 2096 2053
f 2193 2311 2097
f 2059 2516 2430
f 2059 2110 2516
f 2060 2198 2111
f 2387 2312 2062
f 1847 2159 2063
f 2113 2161 2390
f 2200 2195 2070
f 2388 2114 2103
f 2161 2113 2120
f 2244 2069 2066
f 2538 2316 2206
f 2164 2203 2312
f 2204 2121 2248
f 2117 2203 2165
f 2251 2120 2125
f 1895 2360 2001
f 2117 2165 2122
f 2671 2206 2119
f 2332 2003 2116
f 2285 2125 2127
f 2132 2131 2210
f 2288 2399 1950
f 2126 2252 2329
f 1950 2399 2216
f 2078 2214 2076
f 2078 2028 2214
f 2336 2168 2028
f 1951 1976 2168
f 2171 2006 2173
f 2218 1868 1903
f 2086 2497 2371
f 2139 2370 2031
f 2007 1982 2260
f 1984 2008 1905
f 1905 2008 2032
f 2142 2174 2220
f 2220 2141 2142
f 2220 2036 2141
f 2178 2036 2220
f 2177 2174 2144
f 2175 2176 2035
f 2140 2143 2219
f 2089 2174 2177
f 2178 2221 2036
f 2089 2177 2144
f 2182 2183 2227
f 2038 2348 2143
f 2186 2185 2146
f 2147 2186 2146
f 2182 2228 2224
f 2183 2182 2187
f 2153 2184 2227
f 2237 2269 2153
f 2182 2224 2147
f 2148 2187 2182
f 2183 2187 2148
f 2149 2227 2183
f 2153 2227 2149
f 2150 2230 2090
f 2185 2230 2150
f 2186 2230 2185
f 2230 2271 2232
f 1988 2188 2191
f 2153 2043 2237
f 2094 2237 2043
f 2040 2237 2094
f 2153 2154 2043
f 2023 2190 2155
f 2309 2190 2023
f 2238 2053 2191
f 2096 2238 2309
f 2157 2097 2194
f 2512 2157 2194
f 2349 2101 2637
f 2637 2101 2195
f 2058 2057 2386
f 2387 2157 2514
f 2104 2240 2239
f 2196 2158 2105
f 2109 2240 2104
f 1924 2063 2064
f 2435 1926 2242
f 2109 2113 2390
f 2061 2316 2110
f 2435 2245 2068
f 2388 2528 2114
f 2114 2528 2163
f 1734 2279 2201
f 2274 2203 2164
f 2072 2550 2116
f 2160 2205 2591
f 2283 2075 2069
f 2126 2121 2204
f 2118 2026 2203
f 2323 2165 2203
f 2166 2129 2327
f 2132 2285 2127
f 2001 2208 1897
f 2002 2486 2394
f 2130 2166 2364
f 2209 2124 2212
f 2289 2211 2253
f 2404 2076 2214
f 2690 2167 2290
f 2138 2291 2170
f 2171 2254 2287
f 2256 2337 2336
f 2336 2217 2256
f 2031 2497 2086
f 2007 2416 2033
f 1962 2009 2261
f 2009 1870 2378
f 2222 2424 2174
f 2089 2222 2174
f 2181 2035 2176
f 2179 2222 2089
f 2180 2222 2179
f 2263 2224 2225
f 2232 2222 2180
f 2271 2222 2232
f 2268 2223 2147
f 2147 2223 2186
f 2224 2268 2147
f 2182 2225 2228
f 2182 2226 2225
f 2184 2229 2227
f 2269 2229 2153
f 2228 2225 2224
f 2227 2226 2182
f 2153 2229 2184
f 2181 2307 2145
f 2237 2231 2269
f 2038 2190 2236
f 2231 2237 2235
f 2145 2233 2040
f 2188 2087 2234
f 2040 2235 2237
f 2191 2188 2234
f 2191 2234 2238
f 2236 2190 2309
f 2193 2192 2311
f 2311 2427 2097
f 2099 2101 2349
f 2385 2158 2429
f 2104 2515 2107
f 2104 2239 2515
f 2429 2158 2196
f 2390 2197 2109
f 2066 2059 2432
f 2432 2059 2430
f 2111 2198 2073
f 2273 2063 2159
f 2065 2064 2241
f 2315 2243 2065
f 1926 2000 2247
f 2318 2195 2200
f 2199 2246 2318
f 2200 2199 2318
f 2244 2532 2069
f 1975 2355 2359
f 2164 2312 2356
f 2356 2274 2164
f 2243 2278 2072
f 2201 2279 2162
f 2528 2282 2163
f 2460 2247 2248
f 2074 2202 2281
f 2283 2069 2483
f 2123 2075 2283
f 2394 2280 2002
f 2281 2250 2288
f 2124 2209 2284
f 2163 2484 2363
f 2131 2163 2363
f 2248 2362 2397
f 2165 2323 2122
f 2204 2485 2126
f 2119 2130 2364
f 2485 2252 2126
f 2287 1949 2027
f 2077 2329 2485
f 2765 2077 2485
f 2213 2134 2766
f 2028 2490 2404
f 2404 2214 2028
f 2217 2334 2335
f 2216 2403 2172
f 2170 2291 2169
f 2766 2137 2213
f 2254 2171 2173
f 2257 2253 2255
f 2610 2290 2259
f 2006 2084 2294
f 2338 1868 2218
f 2295 2339 1960
f 2032 2295 1960
f 1871 2033 1870
f 2140 2219 2296
f 2222 2262 2424
f 2269 2303 2229
f 2306 2303 2269
f 2087 2221 2178
f 2271 2262 2222
f 2186 2223 2267
f 2226 2302 2225
f 2265 2302 2227
f 2306 2269 2231
f 2263 2268 2224
f 2225 2302 2263
f 2227 2302 2226
f 2265 2227 2229
f 2267 2304 2186
f 2270 2348 2038
f 2236 2270 2038
f 2230 2305 2271
f 2382 2270 2236
f 2040 2231 2235
f 2233 2231 2040
f 2145 2231 2233
f 2309 2382 2236
f 2238 2272 2309
f 2099 2192 2193
f 2511 2100 2054
f 2057 2100 2511
f 2512 2514 2157
f 2198 2060 2058
f 2240 2109 2239
f 1999 2433 1788
f 1847 1832 1788
f 2064 2063 2314
f 2355 2245 2435
f 2199 2276 2246
f 2246 2276 2277
f 2318 2246 2277
f 2162 2279 2275
f 2069 2532 2483
f 1975 2360 2115
f 2360 2249 2115
f 2282 2322 2163
f 2202 2074 2284
f 2206 2671 2538
f 2321 2248 2397
f 2203 2026 2666
f 2207 2249 2360
f 2325 2332 2116
f 2361 2125 2285
f 2131 2363 2286
f 2286 2210 2131
f 2026 1949 2287
f 2210 2286 2132
f 2563 2132 2286
f 2166 2327 2364
f 2253 2211 2255
f 2573 2690 2290
f 2029 2333 2258
f 2289 2253 2257
f 2570 2289 2400
f 2172 2403 2292
f 2289 2257 2293
f 2217 2337 2256
f 2407 2138 2137
f 2844 2290 2610
f 2369 2408 2029
f 2006 2294 2611
f 2408 2494 2218
f 1868 2338 2139
f 2416 1870 2033
f 2008 2140 2373
f 2299 2265 2303
f 2175 2420 2176
f 2302 2297 2264
f 2302 2343 2297
f 2264 2266 2223
f 2300 2264 2223
f 2268 2264 2300
f 2301 2264 2268
f 2302 2264 2263
f 2343 2302 2265
f 2265 2299 2343
f 2303 2265 2229
f 2303 2414 2298
f 2306 2414 2303
f 2268 2300 2223
f 2263 2301 2268
f 2264 2301 2263
f 2262 2271 2305
f 2347 2305 2230
f 2304 2347 2230
f 2186 2304 2230
f 2176 2307 2181
f 2306 2231 2145
f 2307 2306 2145
f 2178 2234 2087
f 2309 2308 2382
f 2272 2310 2309
f 2310 2308 2309
f 2238 2308 2310
f 2234 2308 2238
f 2238 2310 2272
f 2194 2097 2427
f 2797 2513 2057
f 2107 2515 2103
f 2388 2103 2352
f 2274 1999 1804
f 1847 1788 2159
f 2063 2273 2314
f 2064 2314 2241
f 2065 2241 2315
f 2519 2110 2316
f 2196 2160 2429
f 2350 2637 2195
f 2724 2647 2312
f 2522 1834 2162
f 2732 2162 2275
f 2199 2317 2276
f 2350 2195 2318
f 2319 2350 2318
f 2276 2317 2320
f 2277 2276 2320
f 2320 2318 2277
f 2203 2736 2323
f 2204 2248 2321
f 2202 2250 2281
f 2484 2163 2322
f 2361 2251 2125
f 2129 2123 2324
f 2284 2209 2326
f 2398 2671 2119
f 2132 2563 2328
f 2328 2285 2132
f 2211 2570 2567
f 2289 2570 2211
f 2332 2396 2401
f 2487 2209 2212
f 2892 2134 2122
f 2076 2404 2205
f 2690 2402 2167
f 2216 2684 2403
f 2217 2077 2334
f 2255 2211 2365
f 2573 2290 2844
f 2217 2335 2337
f 2258 2369 2029
f 2293 2400 2289
f 1951 2367 1958
f 2254 2173 2006
f 2293 2257 2255
f 2139 2338 2370
f 2031 2370 2497
f 2260 2372 2007
f 2371 2372 2260
f 2372 2416 2007
f 2008 2373 2032
f 2585 1870 2416
f 2373 2140 2296
f 2262 2380 2424
f 2340 2374 2264
f 2299 2340 2343
f 2344 2340 2299
f 2306 2377 2414
f 2579 2377 2306
f 2422 2579 2306
f 1962 2420 2175
f 2261 2420 1962
f 2305 2341 2262
f 2266 2342 2223
f 2264 2342 2266
f 2374 2342 2264
f 2297 2340 2264
f 2343 2340 2297
f 2303 2344 2299
f 2298 2344 2303
f 2414 2344 2298
f 2176 2345 2307
f 2143 2348 2219
f 2304 2341 2347
f 2346 2341 2304
f 2342 2346 2304
f 2267 2342 2304
f 2267 2223 2342
f 2307 2345 2422
f 2270 2381 2348
f 2382 2381 2270
f 2307 2422 2306
f 2383 2382 2308
f 2054 2098 2511
f 2512 2194 2427
f 2386 2057 2513
f 2239 2109 2726
f 2110 2351 2516
f 2109 2197 2726
f 2387 2724 2312
f 1788 2433 2313
f 1788 2313 2389
f 1788 2389 2159
f 2241 2353 2315
f 2110 2519 2351
f 2243 2315 2392
f 1999 2274 2356
f 2591 2429 2160
f 2538 2519 2316
f 2393 2161 2120
f 2066 2532 2244
f 2357 2358 2317
f 2357 2317 2199
f 2358 2319 2318
f 2358 2357 2319
f 2357 2649 2319
f 2649 2350 2319
f 2317 2358 2320
f 2318 2320 2358
f 2243 2476 2278
f 2073 2643 2248
f 2643 2460 2248
f 2278 2476 2072
f 2393 2120 2251
f 2072 2476 2550
f 1975 2359 2360
f 2279 2280 2394
f 2203 2666 2736
f 2123 2283 2483
f 2123 2483 2324
f 2324 2327 2129
f 2485 2204 2321
f 2286 2363 2566
f 2361 2285 2328
f 2396 2332 2325
f 2399 2288 2250
f 2330 2026 2287
f 2252 2485 2329
f 2211 2567 2365
f 2399 2684 2216
f 2004 2208 2331
f 1897 2208 2004
f 2362 2167 2402
f 2215 2757 2683
f 2332 2401 2028
f 2334 2077 2572
f 2254 2368 2287
f 2168 2336 2367
f 1951 2168 2367
f 2172 2292 2084
f 2365 2492 2255
f 2338 2218 2410
f 2576 2607 2030
f 2371 2497 2710
f 2340 2375 2374
f 2505 2375 2340
f 2376 2505 2340
f 2417 2376 2340
f 2418 2417 2340
f 2344 2418 2340
f 2414 2418 2344
f 2009 2378 2261
f 2424 2380 2632
f 2341 2507 2262
f 2342 2504 2379
f 2420 2345 2176
f 2381 2219 2348
f 2178 2220 2633
f 2633 2220 2423
f 2347 2341 2305
f 2379 2341 2346
f 2342 2379 2346
f 2178 2633 2234
f 2311 2384 2427
f 2428 2349 2637
f 2198 2876 2073
f 1999 2589 2433
f 2314 2353 2241
f 2643 2073 2876
f 1926 2431 2242
f 2434 2159 2389
f 2273 2159 2434
f 2438 2273 2434
f 2314 2273 2438
f 2353 2314 2438
f 2315 2353 2391
f 2392 2315 2391
f 1834 2520 2199
f 2066 2432 2532
f 2435 2535 2355
f 2524 2522 2162
f 2357 2199 2649
f 2476 2243 2439
f 2355 2535 2359
f 2535 2360 2359
f 2550 2396 2116
f 2395 2482 2360
f 2564 2323 2736
f 2360 2482 2001
f 2116 2396 2325
f 2323 2564 2122
f 2119 2604 2398
f 2286 2566 2563
f 2604 2119 2364
f 2570 2568 2567
f 2488 2205 2404
f 2489 2365 2567
f 2215 2082 2757
f 2365 2489 2492
f 2366 2137 2766
f 2287 2368 2330
f 2138 2906 2291
f 2084 2292 2409
f 2400 2293 2606
f 2255 2492 2293
f 2494 2410 2218
f 2494 2338 2410
f 2338 2411 2370
f 2497 2370 2618
f 2371 2710 2499
f 2295 2580 2339
f 2371 2499 2372
f 2032 2373 2295
f 2715 1870 2585
f 2374 2412 2342
f 2375 2412 2374
f 2414 2413 2418
f 2377 2415 2414
f 2579 2415 2377
f 2420 2261 2419
f 2584 2378 1870
f 2715 2584 1870
f 2508 2296 2219
f 2379 2504 2341
f 2342 2412 2421
f 2219 2509 2508
f 2504 2507 2341
f 2342 2421 2504
f 2381 2509 2219
f 2174 2424 2632
f 2425 2426 2381
f 2425 2381 2382
f 2426 2425 2382
f 2510 2234 2633
f 2510 2383 2308
f 2510 2308 2234
f 2311 2192 2721
f 2192 2099 2795
f 2428 2099 2349
f 2198 2058 2386
f 2352 2103 2515
f 2313 2433 2436
f 2447 2438 2434
f 2438 2457 2353
f 2392 2439 2243
f 2536 2313 2436
f 2471 2313 2440
f 2437 2434 2441
f 2447 2434 2437
f 2392 2391 2459
f 1999 2356 2589
f 2389 2313 2471
f 2541 2389 2471
f 2442 2447 2437
f 2353 2457 2459
f 2391 2353 2459
f 2524 2162 2732
f 2312 2647 2356
f 2441 2434 2389
f 2443 2447 2442
f 2444 2447 2443
f 2445 2447 2444
f 2445 2446 2447
f 2449 2447 2448
f 2450 2447 2449
f 2438 2447 2451
f 2451 2447 2450
f 2452 2438 2451
f 2453 2438 2452
f 2454 2438 2453
f 2455 2438 2454
f 2456 2438 2455
f 2457 2438 2456
f 2460 2354 2247
f 2447 2446 2461
f 2448 2447 2461
f 2462 2448 2461
f 2449 2448 2462
f 2463 2449 2462
f 2450 2449 2463
f 2464 2450 2463
f 2451 2450 2464
f 2465 2451 2464
f 2452 2451 2465
f 2466 2452 2465
f 2453 2452 2466
f 2467 2453 2466
f 2454 2453 2467
f 2468 2454 2467
f 2455 2454 2468
f 2456 2455 2468
f 2457 2456 2468
f 2458 2457 2468
f 2457 2458 2544
f 2459 2457 2544
f 2469 2475 2480
f 2541 2470 2481
f 2481 2470 2477
f 2532 2549 2483
f 2394 2275 2279
f 2561 2477 2470
f 2481 2477 2561
f 2556 2481 2562
f 2474 2481 2479
f 2475 2474 2479
f 2480 2475 2597
f 2478 2553 2470
f 2557 2475 2479
f 2475 2557 2601
f 2202 2284 2660
f 2561 2470 2553
f 2483 2327 2324
f 2001 2482 2208
f 2743 2284 2326
f 2565 2208 2482
f 2560 2394 2486
f 2672 2399 2250
f 2565 2569 2208
f 2892 2122 2564
f 2327 2603 2364
f 2487 2326 2209
f 2755 2765 2485
f 2766 2134 2762
f 2331 2569 2333
f 2208 2569 2331
f 2077 2765 2572
f 2258 2333 2369
f 2212 2291 2487
f 2759 2492 2489
f 2337 2335 2406
f 2006 2368 2254
f 2406 2491 2337
f 2405 2408 2369
f 2259 2085 2610
f 2494 2408 2574
f 2370 2411 2616
f 2370 2496 2618
f 2616 2496 2370
f 2580 2030 2339
f 2295 2712 2580
f 2372 2626 2416
f 2498 2623 2504
f 2412 2498 2421
f 2375 2500 2412
f 2577 2500 2375
f 2505 2577 2375
f 2413 2502 2418
f 2414 2502 2413
f 2504 2623 2507
f 2506 2581 2376
f 2417 2506 2376
f 2582 2417 2418
f 2420 2503 2718
f 2419 2503 2420
f 2586 2420 2718
f 2381 2426 2629
f 2507 2380 2262
f 2420 2586 2345
f 2174 2423 2220
f 2174 2631 2423
f 2174 2632 2631
f 2422 2345 2794
f 2383 2426 2382
f 2510 2426 2383
f 2384 2311 2721
f 2098 2385 2798
f 2798 2385 2587
f 2386 2513 2198
f 2514 2920 2387
f 2239 2726 2638
f 2722 2640 2516
f 2351 2722 2516
f 2724 2387 2867
f 2876 2198 2801
f 2518 2517 2239
f 2390 2726 2197
f 2527 2516 2640
f 2247 2354 2431
f 1834 2522 2520
f 2436 2433 2536
f 2429 2591 2590
f 2532 2432 2526
f 2516 2523 2526
f 2520 2649 2199
f 2393 2525 2390
f 2393 2390 2161
f 2516 2527 2523
f 2519 2534 2521
f 2388 2551 2528
f 2644 2551 2388
f 2390 2525 2518
f 2433 2529 2536
f 2389 2541 2441
f 2442 2530 2443
f 2444 2531 2445
f 2443 2531 2444
f 2445 2531 2446
f 2533 2532 2526
f 2521 2534 2527
f 2538 2534 2519
f 2539 2518 2525
f 2251 2807 2393
f 2313 2536 2537
f 2440 2313 2537
f 2437 2441 2442
f 2531 2443 2530
f 2446 2530 2461
f 2446 2531 2530
f 2461 2542 2462
f 2530 2542 2461
f 2462 2542 2463
f 2463 2542 2464
f 2464 2542 2465
f 2465 2468 2466
f 2542 2468 2465
f 2466 2468 2467
f 2392 2459 2480
f 2546 2392 2480
f 2523 2533 2526
f 2534 2547 2527
f 2470 2536 2529
f 2537 2536 2470
f 2440 2537 2470
f 2471 2440 2470
f 2541 2471 2540
f 2441 2541 2472
f 2442 2441 2473
f 2474 2442 2473
f 2542 2530 2442
f 2458 2468 2475
f 2544 2458 2543
f 2543 2458 2475
f 2459 2544 2469
f 2480 2459 2469
f 2548 2644 2518
f 2529 2593 2470
f 2470 2540 2471
f 2541 2540 2470
f 2472 2541 2481
f 2481 2441 2472
f 2473 2441 2481
f 2474 2473 2481
f 2542 2442 2474
f 2475 2542 2474
f 2468 2542 2475
f 2544 2543 2475
f 2545 2544 2475
f 2469 2545 2475
f 2544 2545 2469
f 2539 2555 2518
f 2470 2593 2478
f 2518 2555 2548
f 2599 2659 2275
f 2644 2548 2551
f 2552 2523 2527
f 2547 2552 2527
f 2599 2275 2394
f 2555 2551 2548
f 2360 2535 2595
f 2661 2322 2282
f 2551 2600 2322
f 2481 2561 2673
f 2673 2562 2481
f 2479 2481 2556
f 2597 2475 2601
f 2523 2598 2533
f 2595 2395 2360
f 2596 2555 2539
f 2682 2479 2681
f 2675 2557 2479
f 2597 2601 2558
f 2559 2327 2483
f 2533 2559 2483
f 2658 2552 2547
f 2538 2671 2658
f 2660 2250 2202
f 2600 2484 2322
f 2554 2600 2551
f 2555 2554 2551
f 2251 2361 2596
f 2251 2596 2539
f 2479 2556 2681
f 2601 2557 2675
f 2598 2559 2533
f 2552 2670 2523
f 2599 2394 2560
f 2284 2743 2885
f 2658 2671 2552
f 2554 2563 2600
f 2484 2890 2363
f 2361 2748 2596
f 2563 2566 2600
f 2328 2748 2361
f 2670 2364 2523
f 2666 2026 2831
f 2603 2523 2364
f 2604 2364 2670
f 2028 2401 2490
f 2835 2362 2402
f 2570 2400 2760
f 2400 2606 2760
f 2369 2333 2405
f 2906 2687 2291
f 2405 2333 2574
f 2006 2691 2368
f 2405 2574 2408
f 2085 1958 2575
f 2085 2575 2610
f 2338 2574 2613
f 2494 2574 2338
f 2030 2614 2576
f 2338 2495 2616
f 2338 2612 2495
f 2338 2616 2411
f 2421 2498 2504
f 2412 2500 2498
f 2499 2710 2790
f 2498 2624 2623
f 2577 2617 2500
f 2376 2577 2505
f 2501 2578 2582
f 2582 2578 2417
f 2502 2501 2418
f 2414 2621 2502
f 2415 2621 2414
f 2419 2579 2503
f 2261 2583 2419
f 2499 2626 2372
f 2373 2712 2295
f 2577 2376 2581
f 2506 2578 2581
f 2417 2578 2506
f 2418 2501 2582
f 2718 2503 2579
f 2584 2583 2261
f 2378 2584 2261
f 2380 2507 2632
f 2579 2422 2794
f 2631 2426 2633
f 2633 2426 2510
f 2797 2057 2511
f 2864 2795 2099
f 2864 2099 2428
f 2514 2512 2919
f 2796 2098 2798
f 2920 2867 2387
f 2587 2385 2429
f 2802 2515 2239
f 2637 2350 2588
f 2587 2429 2590
f 2519 2722 2351
f 2239 2517 2802
f 2802 2517 2874
f 2722 2519 2642
f 2247 2431 1926
f 2589 2648 2433
f 2435 2242 2592
f 2644 2388 2352
f 2516 2526 2641
f 2519 2521 2727
f 2519 2727 2642
f 2435 2592 2535
f 2517 2518 2644
f 2431 2354 2460
f 2392 2546 2439
f 2393 2807 2525
f 2532 2653 2808
f 2433 2648 2593
f 2529 2433 2593
f 2653 2532 2533
f 2547 2534 2813
f 2732 2275 2659
f 2651 2739 2535
f 2817 2661 2528
f 2814 2650 2664
f 2810 2652 2655
f 2528 2661 2282
f 2551 2322 2882
f 2553 2593 2662
f 2591 2205 2884
f 2593 2553 2478
f 2533 2483 2594
f 2251 2539 2816
f 2549 2879 2483
f 2483 2879 2594
f 2321 2397 2460
f 2662 2677 2553
f 2480 2597 2558
f 2663 2538 2658
f 2665 2321 2738
f 2479 2682 2675
f 2601 2675 2558
f 2668 2670 2552
f 2553 2677 2678
f 2561 2553 2602
f 2673 2561 2602
f 2681 2556 2562
f 2600 2566 2825
f 2669 2485 2321
f 2660 2672 2250
f 2602 2553 2678
f 2745 2671 2398
f 2566 2363 2890
f 2680 2566 2890
f 2604 2670 2747
f 2745 2398 2604
f 2396 2834 2401
f 2205 2895 2667
f 2672 2684 2399
f 2831 2026 2330
f 2489 2567 2568
f 2568 2570 2752
f 2685 2569 2565
f 2205 2488 2895
f 2832 2755 2485
f 2762 2134 2892
f 2683 2605 2571
f 2837 2333 2685
f 2333 2569 2685
f 2683 2757 2605
f 2574 2333 2837
f 2334 2572 2335
f 2757 2607 2609
f 2291 2687 2487
f 2137 2366 2407
f 2691 2330 2368
f 2367 2404 2841
f 2336 2770 2367
f 2690 2573 2844
f 2337 2608 2336
f 2493 2606 2293
f 1958 2367 2776
f 2691 2006 2942
f 2607 2576 2609
f 2084 2409 2848
f 2942 2006 2611
f 2575 1958 2913
f 2293 2492 2784
f 2293 2784 2693
f 2293 2693 2493
f 2338 2613 2612
f 2617 2686 2500
f 2615 2616 2612
f 2495 2612 2616
f 2701 2498 2703
f 2703 2498 2500
f 2616 2615 2496
f 2580 2614 2030
f 2498 2701 2624
f 2704 2617 2577
f 2618 2710 2497
f 2581 2619 2577
f 2578 2619 2581
f 2501 2620 2578
f 2621 2620 2501
f 2502 2621 2501
f 2622 2621 2415
f 2579 2622 2415
f 2583 2622 2579
f 2419 2583 2579
f 2499 2790 2626
f 2712 2791 2580
f 2584 2625 2583
f 2713 2625 2584
f 2715 2714 2584
f 2626 2716 2416
f 2296 2712 2373
f 2507 2623 2627
f 2855 2712 2296
f 2508 2855 2296
f 2627 2628 2507
f 2509 2629 2508
f 2381 2629 2509
f 2507 2628 2632
f 2630 2629 2426
f 2628 2631 2632
f 2719 2630 2426
f 2423 2631 2633
f 2192 2795 2721
f 2098 2636 2511
f 2198 2513 2799
f 2801 2198 2799
f 2588 2866 2637
f 2866 2428 2637
f 2516 2639 2430
f 2638 2870 2239
f 2516 2641 2639
f 2871 2726 2390
f 2239 2870 2518
f 2431 2592 2242
f 2432 2804 2526
f 2645 2517 2644
f 2390 2518 2646
f 2522 2524 2732
f 2590 2591 2872
f 2528 2806 2817
f 2532 2808 2549
f 2815 2652 2729
f 2729 2652 2810
f 2589 2356 2731
f 2538 2819 2534
f 2535 2728 2651
f 2525 2877 2539
f 2652 2815 2655
f 2593 2648 2662
f 2546 2480 2439
f 2813 2741 2547
f 2535 2739 2595
f 2736 2888 2731
f 2650 2656 2664
f 2814 2664 2744
f 2881 2810 2655
f 2480 2476 2439
f 2737 2550 2476
f 2741 2658 2547
f 2321 2460 2738
f 2284 2885 2660
f 2539 2735 2816
f 2737 2476 2480
f 2884 2205 2667
f 2663 2658 2741
f 2819 2538 2663
f 2881 2655 2742
f 2558 2737 2480
f 2737 2396 2550
f 2600 2742 2484
f 2881 2554 2555
f 2555 2748 2881
f 2596 2748 2555
f 2559 2598 2740
f 2668 2552 2744
f 2739 2395 2595
f 2676 2599 2560
f 2552 2671 2745
f 2486 2676 2560
f 2562 2673 2679
f 2679 2681 2562
f 2734 2523 2603
f 2554 2829 2563
f 2674 2675 2682
f 2326 2838 2743
f 2675 2674 2749
f 2754 2482 2395
f 2326 2751 2838
f 2563 2829 2328
f 2764 2681 2679
f 2832 2485 2669
f 2397 2362 2894
f 2835 2894 2362
f 2571 2486 2683
f 2751 2326 2487
f 2571 2605 2757
f 2840 2759 2489
f 2770 2488 2404
f 2841 2404 2490
f 2770 2404 2367
f 2336 2778 2770
f 2608 2337 2491
f 2138 2407 2906
f 2708 2688 2686
f 2612 2613 2574
f 2773 2688 2708
f 2782 2844 2610
f 2696 2773 2708
f 2697 2773 2696
f 2698 2697 2706
f 2492 2783 2784
f 2493 2693 2686
f 2606 2493 2686
f 2706 2697 2709
f 2779 2609 2576
f 2704 2708 2686
f 2699 2692 2698
f 2614 2779 2576
f 2686 2695 2500
f 2693 2695 2686
f 2583 2699 2698
f 2625 2689 2699
f 2612 2694 2615
f 2612 2846 2694
f 2500 2695 2693
f 2697 2696 2709
f 2709 2696 2708
f 2583 2698 2706
f 2702 2699 2583
f 2625 2699 2702
f 2707 2779 2614
f 2500 2693 2703
f 2705 2708 2704
f 2619 2708 2705
f 2709 2708 2620
f 2615 2787 2496
f 2577 2705 2704
f 2618 2496 2710
f 2707 2614 2580
f 2619 2705 2577
f 2578 2708 2619
f 2620 2708 2578
f 2709 2620 2621
f 2706 2709 2621
f 2622 2706 2621
f 2583 2706 2622
f 2702 2583 2625
f 2791 2707 2580
f 2623 2701 2711
f 2623 2624 2701
f 2715 2416 2716
f 2855 2791 2712
f 2623 2711 2627
f 2584 2714 2713
f 2416 2715 2585
f 2859 2855 2508
f 2718 2579 2945
f 2717 2859 2508
f 2629 2717 2508
f 2630 2719 2629
f 2628 2627 2631
f 2631 2719 2426
f 2631 2720 2719
f 2586 2794 2345
f 2636 2797 2511
f 2636 2098 2796
f 2514 2861 2920
f 2639 2725 2430
f 2352 2515 2723
f 2804 2432 2430
f 2804 2430 2725
f 2527 2640 2812
f 2646 2871 2390
f 2804 2641 2526
f 2643 2876 2880
f 2527 2812 2727
f 2521 2527 2727
f 2592 2728 2535
f 2525 2807 2730
f 2647 2731 2356
f 2534 2819 2805
f 2525 2730 2877
f 2807 2251 2923
f 2648 2589 2888
f 2520 2522 2649
f 2888 2589 2731
f 2811 2656 2650
f 2649 2522 2733
f 2923 2251 2816
f 2653 2533 2594
f 2522 2732 2659
f 2735 2877 2810
f 2733 2522 2660
f 2742 2655 2815
f 2648 2657 2662
f 2822 2522 2659
f 2810 2881 2735
f 2736 2666 2888
f 2657 2648 2820
f 2664 2656 2734
f 2460 2397 2654
f 2661 2882 2322
f 2600 2825 2742
f 2665 2746 2321
f 2659 2599 2676
f 2824 2484 2742
f 2883 2564 2736
f 2662 2657 2677
f 2830 2396 2737
f 2598 2523 2734
f 2321 2746 2669
f 2830 2737 2558
f 2327 2559 2740
f 2660 2823 2672
f 2668 2747 2670
f 2564 2887 2892
f 2749 2830 2558
f 2328 2829 2931
f 2748 2328 2931
f 2602 2761 2673
f 2673 2764 2679
f 2675 2749 2558
f 2603 2327 2750
f 2327 2827 2750
f 2734 2603 2750
f 2486 2571 2676
f 2677 2760 2678
f 2678 2761 2602
f 2753 2673 2761
f 2673 2753 2756
f 2764 2673 2756
f 2674 2681 2764
f 2682 2681 2674
f 2568 2889 2489
f 2482 2754 2565
f 2760 2752 2570
f 2751 2487 2838
f 2775 2674 2764
f 2749 2674 2775
f 2571 2757 2896
f 2672 2758 2684
f 2757 2609 2896
f 2684 2758 2403
f 2678 2760 2688
f 2756 2753 2768
f 2764 2756 2768
f 2901 2403 2758
f 2760 2606 2763
f 2686 2760 2763
f 2767 2760 2686
f 2688 2760 2767
f 2753 2761 2773
f 2768 2753 2774
f 2769 2775 2764
f 2775 2898 2749
f 2335 2572 2842
f 2292 2403 2901
f 2686 2763 2606
f 2688 2767 2686
f 2688 2761 2678
f 2773 2761 2688
f 2764 2768 2772
f 2772 2768 2692
f 2690 2844 2402
f 2837 2899 2574
f 2574 2899 2777
f 2697 2753 2773
f 2774 2753 2697
f 2698 2774 2697
f 2768 2774 2692
f 2699 2772 2692
f 2769 2764 2689
f 2406 2335 2905
f 2692 2774 2698
f 2689 2772 2699
f 2764 2772 2689
f 2780 2775 2769
f 2780 2898 2775
f 2608 2778 2336
f 2574 2777 2612
f 2492 2759 2783
f 2625 2769 2689
f 2776 2913 1958
f 2781 2846 2612
f 2942 2611 2909
f 2686 2617 2785
f 2785 2704 2686
f 2846 2615 2694
f 2693 2784 2703
f 2615 2700 2787
f 2707 2847 2779
f 2703 2784 2701
f 2704 2785 2617
f 2713 2769 2625
f 2780 2769 2713
f 2701 2784 2789
f 2787 2786 2496
f 2701 2789 2711
f 2790 2710 2854
f 2710 2788 2854
f 2496 2788 2710
f 2855 2707 2791
f 2626 2852 2715
f 2716 2626 2715
f 2792 2859 2717
f 2711 2789 2915
f 2717 2629 2792
f 2915 2793 2627
f 2711 2915 2627
f 2720 2792 2629
f 2629 2719 2720
f 2793 2720 2631
f 2627 2793 2631
f 2945 2579 2794
f 2634 2794 2586
f 2635 2512 2427
f 2514 2919 2861
f 2513 2797 2799
f 2590 2798 2587
f 2640 2865 2800
f 2722 2865 2640
f 2800 2725 2639
f 2640 2800 2639
f 2588 2350 2866
f 2639 2812 2640
f 2722 2642 2865
f 2805 2865 2642
f 2645 2644 2352
f 2727 2805 2642
f 2803 2865 2805
f 2874 2517 2645
f 2518 2870 2646
f 2641 2804 2809
f 2592 2431 2728
f 2808 2653 2875
f 2728 2431 2654
f 2350 2649 2733
f 2528 2645 2806
f 2551 2645 2528
f 2872 2591 2884
f 2812 2811 2650
f 2650 2814 2812
f 2813 2534 2805
f 2460 2654 2431
f 2808 2879 2549
f 2815 2551 2882
f 2877 2735 2539
f 2888 2818 2648
f 2594 2809 2653
f 2654 2651 2728
f 2820 2648 2818
f 2734 2811 2594
f 2811 2734 2656
f 2733 2660 2878
f 2739 2651 2654
f 2460 2665 2738
f 2739 2654 2821
f 2660 2522 2822
f 2736 2731 2883
f 2594 2879 2740
f 2739 2821 2826
f 2735 2886 2816
f 2664 2668 2744
f 2823 2660 2822
f 2825 2881 2742
f 2740 2598 2734
f 2734 2668 2664
f 2745 2744 2552
f 2663 2741 2745
f 2739 2826 2395
f 2824 2890 2484
f 2829 2554 2881
f 2657 2820 2568
f 2327 2740 2827
f 2676 2828 2659
f 2657 2833 2677
f 2834 2396 2830
f 2825 2566 2680
f 2833 2657 2568
f 2668 2734 2750
f 2668 2750 2747
f 2677 2833 2760
f 2489 2889 2840
f 2760 2833 2568
f 2604 2747 2745
f 2760 2568 2752
f 2827 2904 2750
f 2831 2330 2836
f 2830 2749 2898
f 2676 2571 2896
f 2836 2330 2691
f 2401 2834 2490
f 2754 2685 2565
f 2771 2896 2609
f 2487 2839 2838
f 2842 2572 2765
f 2845 2759 2840
f 2779 2771 2609
f 2335 2842 2905
f 2899 2781 2612
f 2777 2899 2612
f 2367 2841 2776
f 2910 2898 2780
f 2844 2846 2843
f 2847 2900 2779
f 2783 2759 2845
f 2846 2844 2615
f 2781 2843 2846
f 2084 2848 2294
f 2910 2780 2714
f 2615 2844 2700
f 2783 2849 2784
f 2610 2575 2782
f 2700 2782 2850
f 2787 2700 2786
f 2780 2713 2714
f 2786 2700 2850
f 2851 2847 2707
f 2784 2849 2789
f 2496 2786 2788
f 2707 2848 2851
f 2626 2858 2852
f 2782 2853 2854
f 2786 2782 2854
f 2788 2786 2854
f 2855 2848 2707
f 2626 2912 2858
f 2853 2912 2626
f 2790 2853 2626
f 2854 2853 2790
f 2856 2857 2855
f 2789 2911 2915
f 2715 2852 2714
f 2859 2856 2855
f 2856 2859 2792
f 2860 2856 2792
f 2720 2860 2792
f 2915 2916 2793
f 2720 2793 2916
f 2384 2721 2635
f 2427 2384 2635
f 2512 2635 2919
f 2796 2797 2636
f 2801 2797 2796
f 2801 2796 2865
f 2864 2428 2866
f 2800 2796 2798
f 2865 2796 2800
f 2862 2921 2515
f 2515 2921 2723
f 2802 2862 2515
f 2638 2862 2802
f 2863 2862 2638
f 2800 2798 2590
f 2865 2803 2801
f 2799 2797 2801
f 2726 2863 2638
f 2725 2800 2804
f 2876 2801 2803
f 2723 2921 2352
f 2802 2874 2870
f 2638 2802 2870
f 2868 2863 2726
f 2804 2590 2869
f 2800 2590 2804
f 2352 2921 2806
f 2868 2726 2871
f 2352 2806 2645
f 2922 2724 2867
f 2590 2872 2869
f 2812 2639 2641
f 2876 2803 2805
f 2804 2869 2808
f 2870 2874 2646
f 2807 2923 2871
f 2872 2808 2869
f 2812 2813 2727
f 2873 2874 2645
f 2730 2646 2874
f 2871 2646 2730
f 2922 2647 2724
f 2804 2808 2875
f 2812 2641 2809
f 2350 2733 2878
f 2874 2815 2729
f 2874 2729 2810
f 2877 2874 2810
f 2730 2874 2877
f 2807 2871 2730
f 2653 2804 2875
f 2811 2812 2809
f 2814 2813 2812
f 2805 2727 2813
f 2876 2805 2880
f 2880 2805 2819
f 2815 2645 2551
f 2815 2873 2645
f 2809 2804 2653
f 2879 2808 2872
f 2744 2813 2814
f 2643 2880 2460
f 2872 2884 2879
f 2811 2809 2594
f 2460 2880 2665
f 2878 2660 2924
f 2660 2885 2924
f 2647 2883 2731
f 2813 2744 2741
f 2665 2880 2819
f 2824 2661 2878
f 2886 2923 2816
f 2879 2827 2740
f 2654 2826 2821
f 2882 2742 2815
f 2748 2735 2881
f 2827 2879 2884
f 2741 2744 2745
f 2819 2663 2665
f 2654 2397 2826
f 2661 2824 2882
f 2735 2748 2886
f 2888 2666 2831
f 2820 2818 2888
f 2734 2594 2740
f 2826 2397 2894
f 2742 2882 2824
f 2827 2884 2667
f 2885 2743 2838
f 2663 2832 2665
f 2746 2665 2832
f 2828 2822 2659
f 2825 2829 2881
f 2823 2822 2828
f 2395 2826 2754
f 2823 2828 2672
f 2825 2680 2829
f 2820 2889 2568
f 2672 2828 2676
f 2827 2667 2904
f 2745 2832 2663
f 2669 2746 2832
f 2826 2894 2754
f 2829 2897 2931
f 2886 2748 2931
f 2893 2832 2745
f 2929 2676 2896
f 2672 2676 2929
f 2897 2829 2680
f 2904 2895 2488
f 2904 2667 2895
f 2765 2893 2745
f 2832 2893 2755
f 2890 2926 2680
f 2745 2747 2842
f 2765 2745 2842
f 2893 2765 2755
f 2754 2894 2899
f 2685 2754 2899
f 2834 2841 2490
f 2834 2830 2841
f 2899 2894 2835
f 2896 2771 2900
f 2900 2929 2896
f 2770 2904 2488
f 2750 2904 2905
f 2747 2750 2842
f 2685 2899 2837
f 2905 2842 2750
f 2902 2835 2402
f 2899 2835 2781
f 2779 2900 2771
f 2910 2830 2898
f 2841 2830 2910
f 2781 2835 2902
f 2778 2904 2770
f 2902 2402 2843
f 2781 2902 2843
f 2687 2903 2487
f 2841 2910 2776
f 2843 2402 2844
f 2907 2900 2847
f 2407 2933 2906
f 2776 2910 2913
f 2608 2904 2778
f 2491 2904 2608
f 2406 2904 2491
f 2905 2904 2406
f 2908 2849 2783
f 2845 2908 2783
f 2782 2700 2844
f 2907 2847 2851
f 2913 2910 2912
f 2848 2907 2851
f 2611 2294 2909
f 2852 2910 2714
f 2849 2911 2789
f 2858 2910 2852
f 2850 2782 2786
f 2910 2858 2912
f 2913 2912 2853
f 2575 2913 2853
f 2782 2575 2853
f 2855 2914 2848
f 2855 2937 2914
f 2857 2937 2855
f 2943 2857 2860
f 2860 2857 2856
f 2720 2943 2860
f 2916 2915 2939
f 2720 2939 2943
f 2916 2939 2720
f 2944 2586 2718
f 2721 2795 2918
f 2635 2721 2918
f 2919 2635 2868
f 2635 2918 2868
f 2864 2917 2795
f 2868 2918 2862
f 2795 2917 2862
f 2862 2918 2795
f 2863 2868 2862
f 2861 2919 2920
f 2917 2864 2862
f 2920 2919 2868
f 2921 2864 2866
f 2862 2864 2921
f 2867 2920 2868
f 2867 2868 2871
f 2806 2921 2866
f 2867 2871 2923
f 2806 2866 2350
f 2817 2350 2878
f 2350 2817 2806
f 2874 2873 2815
f 2647 2922 2883
f 2661 2817 2878
f 2883 2867 2923
f 2922 2867 2883
f 2878 2924 2824
f 2564 2883 2923
f 2838 2924 2885
f 2887 2923 2886
f 2888 2831 2940
f 2824 2924 2890
f 2564 2923 2887
f 2925 2888 2940
f 2926 2924 2838
f 2924 2926 2890
f 2888 2925 2889
f 2888 2889 2820
f 2887 2886 2927
f 2931 2762 2886
f 2892 2927 2886
f 2927 2892 2887
f 2889 2928 2840
f 2672 2929 2891
f 2892 2886 2762
f 2840 2928 2930
f 2900 2891 2929
f 2672 2891 2758
f 2931 2897 2766
f 2840 2930 2845
f 2891 2900 2758
f 2839 2926 2838
f 2903 2926 2839
f 2680 2926 2897
f 2897 2926 2903
f 2762 2931 2766
f 2901 2758 2900
f 2897 2903 2906
f 2366 2897 2933
f 2845 2930 2908
f 2900 2907 2901
f 2901 2907 2292
f 2487 2903 2839
f 2933 2897 2906
f 2766 2897 2366
f 2366 2933 2407
f 2292 2907 2409
f 2906 2903 2687
f 2932 2691 2941
f 2941 2691 2942
f 2848 2409 2907
f 2911 2935 2934
f 2849 2935 2911
f 2908 2935 2849
f 2909 2294 2936
f 2848 2914 2294
f 2937 2294 2914
f 2934 2942 2915
f 2911 2934 2915
f 2937 2857 2943
f 2915 2938 2939
f 2942 2938 2915
f 2718 2945 2944
f 2794 2634 2946
f 2925 2940 2889
f 2889 2940 2928
f 2831 2836 2940
f 2928 2940 2930
f 2930 2940 2836
f 2836 2691 2932
f 2930 2836 2932
f 2908 2930 2932
f 2935 2932 2934
f 2908 2932 2935
f 2932 2941 2934
f 2934 2941 2942
f 2294 2937 2936
f 2936 2942 2909
f 2939 2942 2943
f 2938 2942 2939
f 2943 2936 2937
f 2942 2936 2943
f 2794 2946 2945
f 2586 2945 2946
f 2944 2945 2586
f 2634 2586 2946

